date,emp_thous,series_id,naics3,industry
2015-01-01,139.2,CES3231500001,315,Apparel
2015-02-01,137.6,CES3231500001,315,Apparel
2015-03-01,137.2,CES3231500001,315,Apparel
2015-04-01,135.6,CES3231500001,315,Apparel
2015-05-01,135.9,CES3231500001,315,Apparel
2015-06-01,136.1,CES3231500001,315,Apparel
2015-07-01,136.3,CES3231500001,315,Apparel
2015-08-01,136.3,CES3231500001,315,Apparel
2015-09-01,136.0,CES3231500001,315,Apparel
2015-10-01,135.6,CES3231500001,315,Apparel
2015-11-01,135.3,CES3231500001,315,Apparel
2015-12-01,135.4,CES3231500001,315,Apparel
2016-01-01,134.2,CES3231500001,315,Apparel
2016-02-01,133.4,CES3231500001,315,Apparel
2016-03-01,132.6,CES3231500001,315,Apparel
2016-04-01,131.9,CES3231500001,315,Apparel
2016-05-01,131.1,CES3231500001,315,Apparel
2016-06-01,130.9,CES3231500001,315,Apparel
2016-07-01,129.6,CES3231500001,315,Apparel
2016-08-01,129.5,CES3231500001,315,Apparel
2016-09-01,130.4,CES3231500001,315,Apparel
2016-10-01,129.0,CES3231500001,315,Apparel
2016-11-01,128.8,CES3231500001,315,Apparel
2016-12-01,127.9,CES3231500001,315,Apparel
2017-01-01,125.6,CES3231500001,315,Apparel
2017-02-01,124.6,CES3231500001,315,Apparel
2017-03-01,122.8,CES3231500001,315,Apparel
2017-04-01,121.2,CES3231500001,315,Apparel
2017-05-01,120.4,CES3231500001,315,Apparel
2017-06-01,119.6,CES3231500001,315,Apparel
2017-07-01,118.7,CES3231500001,315,Apparel
2017-08-01,117.2,CES3231500001,315,Apparel
2017-09-01,115.0,CES3231500001,315,Apparel
2017-10-01,115.7,CES3231500001,315,Apparel
2017-11-01,115.3,CES3231500001,315,Apparel
2017-12-01,115.3,CES3231500001,315,Apparel
2018-01-01,115.4,CES3231500001,315,Apparel
2018-02-01,114.5,CES3231500001,315,Apparel
2018-03-01,115.6,CES3231500001,315,Apparel
2018-04-01,116.6,CES3231500001,315,Apparel
2018-05-01,115.5,CES3231500001,315,Apparel
2018-06-01,114.0,CES3231500001,315,Apparel
2018-07-01,113.7,CES3231500001,315,Apparel
2018-08-01,112.9,CES3231500001,315,Apparel
2018-09-01,112.1,CES3231500001,315,Apparel
2018-10-01,112.3,CES3231500001,315,Apparel
2018-11-01,111.9,CES3231500001,315,Apparel
2018-12-01,111.8,CES3231500001,315,Apparel
2019-01-01,113.1,CES3231500001,315,Apparel
2019-02-01,111.0,CES3231500001,315,Apparel
2019-03-01,111.9,CES3231500001,315,Apparel
2019-04-01,111.3,CES3231500001,315,Apparel
2019-05-01,111.7,CES3231500001,315,Apparel
2019-06-01,111.5,CES3231500001,315,Apparel
2019-07-01,110.8,CES3231500001,315,Apparel
2019-08-01,110.8,CES3231500001,315,Apparel
2019-09-01,109.4,CES3231500001,315,Apparel
2019-10-01,108.5,CES3231500001,315,Apparel
2019-11-01,106.5,CES3231500001,315,Apparel
2019-12-01,105.9,CES3231500001,315,Apparel
2020-01-01,105.2,CES3231500001,315,Apparel
2020-02-01,104.6,CES3231500001,315,Apparel
2020-03-01,103.5,CES3231500001,315,Apparel
2020-04-01,71.1,CES3231500001,315,Apparel
2020-05-01,80.3,CES3231500001,315,Apparel
2020-06-01,86.5,CES3231500001,315,Apparel
2020-07-01,84.7,CES3231500001,315,Apparel
2020-08-01,87.8,CES3231500001,315,Apparel
2020-09-01,89.3,CES3231500001,315,Apparel
2020-10-01,90.4,CES3231500001,315,Apparel
2020-11-01,87.4,CES3231500001,315,Apparel
2020-12-01,91.9,CES3231500001,315,Apparel
2021-01-01,90.2,CES3231500001,315,Apparel
2021-02-01,91.2,CES3231500001,315,Apparel
2021-03-01,90.8,CES3231500001,315,Apparel
2021-04-01,91.3,CES3231500001,315,Apparel
2021-05-01,91.3,CES3231500001,315,Apparel
2021-06-01,91.3,CES3231500001,315,Apparel
2021-07-01,91.4,CES3231500001,315,Apparel
2021-08-01,91.1,CES3231500001,315,Apparel
2021-09-01,91.7,CES3231500001,315,Apparel
2021-10-01,91.5,CES3231500001,315,Apparel
2021-11-01,91.7,CES3231500001,315,Apparel
2021-12-01,91.4,CES3231500001,315,Apparel
2022-01-01,91.4,CES3231500001,315,Apparel
2022-02-01,93.7,CES3231500001,315,Apparel
2022-03-01,93.8,CES3231500001,315,Apparel
2022-04-01,92.7,CES3231500001,315,Apparel
2022-05-01,93.1,CES3231500001,315,Apparel
2022-06-01,93.4,CES3231500001,315,Apparel
2022-07-01,93.3,CES3231500001,315,Apparel
2022-08-01,92.3,CES3231500001,315,Apparel
2022-09-01,91.4,CES3231500001,315,Apparel
2022-10-01,92.0,CES3231500001,315,Apparel
2022-11-01,91.4,CES3231500001,315,Apparel
2022-12-01,88.5,CES3231500001,315,Apparel
2023-01-01,90.7,CES3231500001,315,Apparel
2023-02-01,90.8,CES3231500001,315,Apparel
2023-03-01,91.5,CES3231500001,315,Apparel
2023-04-01,92.3,CES3231500001,315,Apparel
2023-05-01,91.2,CES3231500001,315,Apparel
2023-06-01,90.6,CES3231500001,315,Apparel
2023-07-01,89.3,CES3231500001,315,Apparel
2023-08-01,89.6,CES3231500001,315,Apparel
2023-09-01,89.1,CES3231500001,315,Apparel
2023-10-01,88.6,CES3231500001,315,Apparel
2023-11-01,88.3,CES3231500001,315,Apparel
2023-12-01,88.1,CES3231500001,315,Apparel
2024-01-01,87.4,CES3231500001,315,Apparel
2024-02-01,86.2,CES3231500001,315,Apparel
2024-03-01,84.7,CES3231500001,315,Apparel
2024-04-01,83.7,CES3231500001,315,Apparel
2024-05-01,84.0,CES3231500001,315,Apparel
2024-06-01,83.5,CES3231500001,315,Apparel
2024-07-01,83.7,CES3231500001,315,Apparel
2024-08-01,83.2,CES3231500001,315,Apparel
2024-09-01,82.6,CES3231500001,315,Apparel
2024-10-01,82.0,CES3231500001,315,Apparel
2024-11-01,81.9,CES3231500001,315,Apparel
2024-12-01,81.6,CES3231500001,315,Apparel
2025-01-01,81.8,CES3231500001,315,Apparel
2025-02-01,81.2,CES3231500001,315,Apparel
2025-03-01,81.0,CES3231500001,315,Apparel
2025-04-01,80.3,CES3231500001,315,Apparel
2025-05-01,79.6,CES3231500001,315,Apparel
2025-06-01,79.0,CES3231500001,315,Apparel
2025-07-01,79.0,CES3231500001,315,Apparel
2025-08-01,78.7,CES3231500001,315,Apparel
2025-09-01,78.7,CES3231500001,315,Apparel
2025-10-01,78.1,CES3231500001,315,Apparel
2025-11-01,75.4,CES3231500001,315,Apparel
2025-12-01,75.2,CES3231500001,315,Apparel
2026-01-01,74.5,CES3231500001,315,Apparel
2026-02-01,73.8,CES3231500001,315,Apparel
2026-03-01,74.3,CES3231500001,315,Apparel
2015-01-01,805.4,CES3232500001,325,Chemical
2015-02-01,807.0,CES3232500001,325,Chemical
2015-03-01,806.0,CES3232500001,325,Chemical
2015-04-01,807.3,CES3232500001,325,Chemical
2015-05-01,807.6,CES3232500001,325,Chemical
2015-06-01,807.6,CES3232500001,325,Chemical
2015-07-01,808.0,CES3232500001,325,Chemical
2015-08-01,806.7,CES3232500001,325,Chemical
2015-09-01,806.3,CES3232500001,325,Chemical
2015-10-01,805.9,CES3232500001,325,Chemical
2015-11-01,807.2,CES3232500001,325,Chemical
2015-12-01,808.4,CES3232500001,325,Chemical
2016-01-01,810.2,CES3232500001,325,Chemical
2016-02-01,810.0,CES3232500001,325,Chemical
2016-03-01,810.4,CES3232500001,325,Chemical
2016-04-01,810.2,CES3232500001,325,Chemical
2016-05-01,811.6,CES3232500001,325,Chemical
2016-06-01,811.5,CES3232500001,325,Chemical
2016-07-01,812.5,CES3232500001,325,Chemical
2016-08-01,813.4,CES3232500001,325,Chemical
2016-09-01,812.9,CES3232500001,325,Chemical
2016-10-01,813.3,CES3232500001,325,Chemical
2016-11-01,813.5,CES3232500001,325,Chemical
2016-12-01,812.6,CES3232500001,325,Chemical
2017-01-01,813.7,CES3232500001,325,Chemical
2017-02-01,816.8,CES3232500001,325,Chemical
2017-03-01,819.4,CES3232500001,325,Chemical
2017-04-01,821.1,CES3232500001,325,Chemical
2017-05-01,821.8,CES3232500001,325,Chemical
2017-06-01,823.4,CES3232500001,325,Chemical
2017-07-01,825.4,CES3232500001,325,Chemical
2017-08-01,824.8,CES3232500001,325,Chemical
2017-09-01,827.1,CES3232500001,325,Chemical
2017-10-01,831.2,CES3232500001,325,Chemical
2017-11-01,827.8,CES3232500001,325,Chemical
2017-12-01,833.1,CES3232500001,325,Chemical
2018-01-01,833.3,CES3232500001,325,Chemical
2018-02-01,829.4,CES3232500001,325,Chemical
2018-03-01,828.3,CES3232500001,325,Chemical
2018-04-01,831.3,CES3232500001,325,Chemical
2018-05-01,832.6,CES3232500001,325,Chemical
2018-06-01,833.9,CES3232500001,325,Chemical
2018-07-01,833.6,CES3232500001,325,Chemical
2018-08-01,837.4,CES3232500001,325,Chemical
2018-09-01,837.5,CES3232500001,325,Chemical
2018-10-01,839.5,CES3232500001,325,Chemical
2018-11-01,842.4,CES3232500001,325,Chemical
2018-12-01,842.4,CES3232500001,325,Chemical
2019-01-01,844.0,CES3232500001,325,Chemical
2019-02-01,847.0,CES3232500001,325,Chemical
2019-03-01,847.9,CES3232500001,325,Chemical
2019-04-01,848.9,CES3232500001,325,Chemical
2019-05-01,850.0,CES3232500001,325,Chemical
2019-06-01,850.5,CES3232500001,325,Chemical
2019-07-01,851.2,CES3232500001,325,Chemical
2019-08-01,851.4,CES3232500001,325,Chemical
2019-09-01,854.2,CES3232500001,325,Chemical
2019-10-01,854.8,CES3232500001,325,Chemical
2019-11-01,856.0,CES3232500001,325,Chemical
2019-12-01,856.4,CES3232500001,325,Chemical
2020-01-01,852.1,CES3232500001,325,Chemical
2020-02-01,852.6,CES3232500001,325,Chemical
2020-03-01,852.6,CES3232500001,325,Chemical
2020-04-01,832.3,CES3232500001,325,Chemical
2020-05-01,834.9,CES3232500001,325,Chemical
2020-06-01,836.1,CES3232500001,325,Chemical
2020-07-01,839.2,CES3232500001,325,Chemical
2020-08-01,845.8,CES3232500001,325,Chemical
2020-09-01,845.6,CES3232500001,325,Chemical
2020-10-01,848.7,CES3232500001,325,Chemical
2020-11-01,849.5,CES3232500001,325,Chemical
2020-12-01,853.4,CES3232500001,325,Chemical
2021-01-01,858.2,CES3232500001,325,Chemical
2021-02-01,862.3,CES3232500001,325,Chemical
2021-03-01,864.8,CES3232500001,325,Chemical
2021-04-01,869.7,CES3232500001,325,Chemical
2021-05-01,867.5,CES3232500001,325,Chemical
2021-06-01,869.8,CES3232500001,325,Chemical
2021-07-01,871.3,CES3232500001,325,Chemical
2021-08-01,872.1,CES3232500001,325,Chemical
2021-09-01,872.6,CES3232500001,325,Chemical
2021-10-01,877.1,CES3232500001,325,Chemical
2021-11-01,880.0,CES3232500001,325,Chemical
2021-12-01,885.2,CES3232500001,325,Chemical
2022-01-01,889.0,CES3232500001,325,Chemical
2022-02-01,890.8,CES3232500001,325,Chemical
2022-03-01,894.8,CES3232500001,325,Chemical
2022-04-01,895.8,CES3232500001,325,Chemical
2022-05-01,898.1,CES3232500001,325,Chemical
2022-06-01,900.8,CES3232500001,325,Chemical
2022-07-01,903.5,CES3232500001,325,Chemical
2022-08-01,905.3,CES3232500001,325,Chemical
2022-09-01,905.9,CES3232500001,325,Chemical
2022-10-01,907.5,CES3232500001,325,Chemical
2022-11-01,915.2,CES3232500001,325,Chemical
2022-12-01,904.6,CES3232500001,325,Chemical
2023-01-01,901.4,CES3232500001,325,Chemical
2023-02-01,904.9,CES3232500001,325,Chemical
2023-03-01,898.5,CES3232500001,325,Chemical
2023-04-01,902.2,CES3232500001,325,Chemical
2023-05-01,904.4,CES3232500001,325,Chemical
2023-06-01,901.0,CES3232500001,325,Chemical
2023-07-01,896.5,CES3232500001,325,Chemical
2023-08-01,897.8,CES3232500001,325,Chemical
2023-09-01,899.4,CES3232500001,325,Chemical
2023-10-01,897.0,CES3232500001,325,Chemical
2023-11-01,895.2,CES3232500001,325,Chemical
2023-12-01,893.7,CES3232500001,325,Chemical
2024-01-01,894.3,CES3232500001,325,Chemical
2024-02-01,893.7,CES3232500001,325,Chemical
2024-03-01,897.2,CES3232500001,325,Chemical
2024-04-01,896.2,CES3232500001,325,Chemical
2024-05-01,897.4,CES3232500001,325,Chemical
2024-06-01,896.8,CES3232500001,325,Chemical
2024-07-01,898.0,CES3232500001,325,Chemical
2024-08-01,897.9,CES3232500001,325,Chemical
2024-09-01,896.6,CES3232500001,325,Chemical
2024-10-01,896.3,CES3232500001,325,Chemical
2024-11-01,896.2,CES3232500001,325,Chemical
2024-12-01,898.2,CES3232500001,325,Chemical
2025-01-01,898.6,CES3232500001,325,Chemical
2025-02-01,898.2,CES3232500001,325,Chemical
2025-03-01,898.8,CES3232500001,325,Chemical
2025-04-01,898.6,CES3232500001,325,Chemical
2025-05-01,899.3,CES3232500001,325,Chemical
2025-06-01,900.3,CES3232500001,325,Chemical
2025-07-01,900.1,CES3232500001,325,Chemical
2025-08-01,901.5,CES3232500001,325,Chemical
2025-09-01,902.1,CES3232500001,325,Chemical
2025-10-01,903.6,CES3232500001,325,Chemical
2025-11-01,903.6,CES3232500001,325,Chemical
2025-12-01,900.8,CES3232500001,325,Chemical
2026-01-01,898.0,CES3232500001,325,Chemical
2026-02-01,898.3,CES3232500001,325,Chemical
2026-03-01,893.1,CES3232500001,325,Chemical
2015-01-01,1026.1,CES3133400001,334,Computer & Electronic
2015-02-01,1027.6,CES3133400001,334,Computer & Electronic
2015-03-01,1026.5,CES3133400001,334,Computer & Electronic
2015-04-01,1027.4,CES3133400001,334,Computer & Electronic
2015-05-01,1027.6,CES3133400001,334,Computer & Electronic
2015-06-01,1027.0,CES3133400001,334,Computer & Electronic
2015-07-01,1028.0,CES3133400001,334,Computer & Electronic
2015-08-01,1028.6,CES3133400001,334,Computer & Electronic
2015-09-01,1026.4,CES3133400001,334,Computer & Electronic
2015-10-01,1025.7,CES3133400001,334,Computer & Electronic
2015-11-01,1018.2,CES3133400001,334,Computer & Electronic
2015-12-01,1019.8,CES3133400001,334,Computer & Electronic
2016-01-01,1025.5,CES3133400001,334,Computer & Electronic
2016-02-01,1025.5,CES3133400001,334,Computer & Electronic
2016-03-01,1023.6,CES3133400001,334,Computer & Electronic
2016-04-01,1023.0,CES3133400001,334,Computer & Electronic
2016-05-01,1023.4,CES3133400001,334,Computer & Electronic
2016-06-01,1021.4,CES3133400001,334,Computer & Electronic
2016-07-01,1016.9,CES3133400001,334,Computer & Electronic
2016-08-01,1016.8,CES3133400001,334,Computer & Electronic
2016-09-01,1014.2,CES3133400001,334,Computer & Electronic
2016-10-01,1011.7,CES3133400001,334,Computer & Electronic
2016-11-01,1010.5,CES3133400001,334,Computer & Electronic
2016-12-01,1009.3,CES3133400001,334,Computer & Electronic
2017-01-01,1005.5,CES3133400001,334,Computer & Electronic
2017-02-01,1005.3,CES3133400001,334,Computer & Electronic
2017-03-01,1005.9,CES3133400001,334,Computer & Electronic
2017-04-01,1005.9,CES3133400001,334,Computer & Electronic
2017-05-01,1004.1,CES3133400001,334,Computer & Electronic
2017-06-01,1004.4,CES3133400001,334,Computer & Electronic
2017-07-01,1002.8,CES3133400001,334,Computer & Electronic
2017-08-01,1004.7,CES3133400001,334,Computer & Electronic
2017-09-01,1007.8,CES3133400001,334,Computer & Electronic
2017-10-01,1010.2,CES3133400001,334,Computer & Electronic
2017-11-01,1011.6,CES3133400001,334,Computer & Electronic
2017-12-01,1014.3,CES3133400001,334,Computer & Electronic
2018-01-01,1012.3,CES3133400001,334,Computer & Electronic
2018-02-01,1012.5,CES3133400001,334,Computer & Electronic
2018-03-01,1014.8,CES3133400001,334,Computer & Electronic
2018-04-01,1015.6,CES3133400001,334,Computer & Electronic
2018-05-01,1017.3,CES3133400001,334,Computer & Electronic
2018-06-01,1019.6,CES3133400001,334,Computer & Electronic
2018-07-01,1021.1,CES3133400001,334,Computer & Electronic
2018-08-01,1020.6,CES3133400001,334,Computer & Electronic
2018-09-01,1020.9,CES3133400001,334,Computer & Electronic
2018-10-01,1023.2,CES3133400001,334,Computer & Electronic
2018-11-01,1024.6,CES3133400001,334,Computer & Electronic
2018-12-01,1028.1,CES3133400001,334,Computer & Electronic
2019-01-01,1031.9,CES3133400001,334,Computer & Electronic
2019-02-01,1033.6,CES3133400001,334,Computer & Electronic
2019-03-01,1034.1,CES3133400001,334,Computer & Electronic
2019-04-01,1034.2,CES3133400001,334,Computer & Electronic
2019-05-01,1032.9,CES3133400001,334,Computer & Electronic
2019-06-01,1037.1,CES3133400001,334,Computer & Electronic
2019-07-01,1039.0,CES3133400001,334,Computer & Electronic
2019-08-01,1040.7,CES3133400001,334,Computer & Electronic
2019-09-01,1042.3,CES3133400001,334,Computer & Electronic
2019-10-01,1041.4,CES3133400001,334,Computer & Electronic
2019-11-01,1042.7,CES3133400001,334,Computer & Electronic
2019-12-01,1043.2,CES3133400001,334,Computer & Electronic
2020-01-01,1042.6,CES3133400001,334,Computer & Electronic
2020-02-01,1041.9,CES3133400001,334,Computer & Electronic
2020-03-01,1041.8,CES3133400001,334,Computer & Electronic
2020-04-01,1025.5,CES3133400001,334,Computer & Electronic
2020-05-01,1018.2,CES3133400001,334,Computer & Electronic
2020-06-01,1023.4,CES3133400001,334,Computer & Electronic
2020-07-01,1017.7,CES3133400001,334,Computer & Electronic
2020-08-01,1014.6,CES3133400001,334,Computer & Electronic
2020-09-01,1013.8,CES3133400001,334,Computer & Electronic
2020-10-01,1013.2,CES3133400001,334,Computer & Electronic
2020-11-01,1011.3,CES3133400001,334,Computer & Electronic
2020-12-01,1010.1,CES3133400001,334,Computer & Electronic
2021-01-01,1008.7,CES3133400001,334,Computer & Electronic
2021-02-01,1011.3,CES3133400001,334,Computer & Electronic
2021-03-01,1013.0,CES3133400001,334,Computer & Electronic
2021-04-01,1013.8,CES3133400001,334,Computer & Electronic
2021-05-01,1015.2,CES3133400001,334,Computer & Electronic
2021-06-01,1013.6,CES3133400001,334,Computer & Electronic
2021-07-01,1016.2,CES3133400001,334,Computer & Electronic
2021-08-01,1017.1,CES3133400001,334,Computer & Electronic
2021-09-01,1023.0,CES3133400001,334,Computer & Electronic
2021-10-01,1025.3,CES3133400001,334,Computer & Electronic
2021-11-01,1023.4,CES3133400001,334,Computer & Electronic
2021-12-01,1026.2,CES3133400001,334,Computer & Electronic
2022-01-01,1028.6,CES3133400001,334,Computer & Electronic
2022-02-01,1030.9,CES3133400001,334,Computer & Electronic
2022-03-01,1031.7,CES3133400001,334,Computer & Electronic
2022-04-01,1035.8,CES3133400001,334,Computer & Electronic
2022-05-01,1041.4,CES3133400001,334,Computer & Electronic
2022-06-01,1042.5,CES3133400001,334,Computer & Electronic
2022-07-01,1045.7,CES3133400001,334,Computer & Electronic
2022-08-01,1052.9,CES3133400001,334,Computer & Electronic
2022-09-01,1053.3,CES3133400001,334,Computer & Electronic
2022-10-01,1056.4,CES3133400001,334,Computer & Electronic
2022-11-01,1058.6,CES3133400001,334,Computer & Electronic
2022-12-01,1060.2,CES3133400001,334,Computer & Electronic
2023-01-01,1060.7,CES3133400001,334,Computer & Electronic
2023-02-01,1063.2,CES3133400001,334,Computer & Electronic
2023-03-01,1059.3,CES3133400001,334,Computer & Electronic
2023-04-01,1060.1,CES3133400001,334,Computer & Electronic
2023-05-01,1057.7,CES3133400001,334,Computer & Electronic
2023-06-01,1057.0,CES3133400001,334,Computer & Electronic
2023-07-01,1055.7,CES3133400001,334,Computer & Electronic
2023-08-01,1052.0,CES3133400001,334,Computer & Electronic
2023-09-01,1047.5,CES3133400001,334,Computer & Electronic
2023-10-01,1042.9,CES3133400001,334,Computer & Electronic
2023-11-01,1042.4,CES3133400001,334,Computer & Electronic
2023-12-01,1043.0,CES3133400001,334,Computer & Electronic
2024-01-01,1042.2,CES3133400001,334,Computer & Electronic
2024-02-01,1037.3,CES3133400001,334,Computer & Electronic
2024-03-01,1031.3,CES3133400001,334,Computer & Electronic
2024-04-01,1029.3,CES3133400001,334,Computer & Electronic
2024-05-01,1029.1,CES3133400001,334,Computer & Electronic
2024-06-01,1027.4,CES3133400001,334,Computer & Electronic
2024-07-01,1025.6,CES3133400001,334,Computer & Electronic
2024-08-01,1022.5,CES3133400001,334,Computer & Electronic
2024-09-01,1021.8,CES3133400001,334,Computer & Electronic
2024-10-01,1019.4,CES3133400001,334,Computer & Electronic
2024-11-01,1016.1,CES3133400001,334,Computer & Electronic
2024-12-01,1011.2,CES3133400001,334,Computer & Electronic
2025-01-01,1007.6,CES3133400001,334,Computer & Electronic
2025-02-01,1005.7,CES3133400001,334,Computer & Electronic
2025-03-01,1005.6,CES3133400001,334,Computer & Electronic
2025-04-01,1001.7,CES3133400001,334,Computer & Electronic
2025-05-01,1000.7,CES3133400001,334,Computer & Electronic
2025-06-01,997.0,CES3133400001,334,Computer & Electronic
2025-07-01,995.8,CES3133400001,334,Computer & Electronic
2025-08-01,995.0,CES3133400001,334,Computer & Electronic
2025-09-01,993.7,CES3133400001,334,Computer & Electronic
2025-10-01,990.7,CES3133400001,334,Computer & Electronic
2025-11-01,989.3,CES3133400001,334,Computer & Electronic
2025-12-01,989.5,CES3133400001,334,Computer & Electronic
2026-01-01,988.3,CES3133400001,334,Computer & Electronic
2026-02-01,987.4,CES3133400001,334,Computer & Electronic
2026-03-01,987.5,CES3133400001,334,Computer & Electronic
2015-01-01,380.6,CES3133500001,335,Electrical Equipment
2015-02-01,382.0,CES3133500001,335,Electrical Equipment
2015-03-01,383.0,CES3133500001,335,Electrical Equipment
2015-04-01,382.1,CES3133500001,335,Electrical Equipment
2015-05-01,384.5,CES3133500001,335,Electrical Equipment
2015-06-01,385.4,CES3133500001,335,Electrical Equipment
2015-07-01,384.9,CES3133500001,335,Electrical Equipment
2015-08-01,385.1,CES3133500001,335,Electrical Equipment
2015-09-01,384.5,CES3133500001,335,Electrical Equipment
2015-10-01,384.3,CES3133500001,335,Electrical Equipment
2015-11-01,382.3,CES3133500001,335,Electrical Equipment
2015-12-01,383.9,CES3133500001,335,Electrical Equipment
2016-01-01,385.3,CES3133500001,335,Electrical Equipment
2016-02-01,384.5,CES3133500001,335,Electrical Equipment
2016-03-01,384.1,CES3133500001,335,Electrical Equipment
2016-04-01,383.9,CES3133500001,335,Electrical Equipment
2016-05-01,382.4,CES3133500001,335,Electrical Equipment
2016-06-01,382.8,CES3133500001,335,Electrical Equipment
2016-07-01,381.8,CES3133500001,335,Electrical Equipment
2016-08-01,380.1,CES3133500001,335,Electrical Equipment
2016-09-01,381.6,CES3133500001,335,Electrical Equipment
2016-10-01,380.9,CES3133500001,335,Electrical Equipment
2016-11-01,381.6,CES3133500001,335,Electrical Equipment
2016-12-01,382.2,CES3133500001,335,Electrical Equipment
2017-01-01,382.6,CES3133500001,335,Electrical Equipment
2017-02-01,383.6,CES3133500001,335,Electrical Equipment
2017-03-01,384.5,CES3133500001,335,Electrical Equipment
2017-04-01,383.9,CES3133500001,335,Electrical Equipment
2017-05-01,383.9,CES3133500001,335,Electrical Equipment
2017-06-01,385.5,CES3133500001,335,Electrical Equipment
2017-07-01,386.5,CES3133500001,335,Electrical Equipment
2017-08-01,387.7,CES3133500001,335,Electrical Equipment
2017-09-01,388.0,CES3133500001,335,Electrical Equipment
2017-10-01,389.6,CES3133500001,335,Electrical Equipment
2017-11-01,389.8,CES3133500001,335,Electrical Equipment
2017-12-01,389.9,CES3133500001,335,Electrical Equipment
2018-01-01,391.6,CES3133500001,335,Electrical Equipment
2018-02-01,393.2,CES3133500001,335,Electrical Equipment
2018-03-01,393.8,CES3133500001,335,Electrical Equipment
2018-04-01,395.8,CES3133500001,335,Electrical Equipment
2018-05-01,398.7,CES3133500001,335,Electrical Equipment
2018-06-01,398.5,CES3133500001,335,Electrical Equipment
2018-07-01,400.6,CES3133500001,335,Electrical Equipment
2018-08-01,401.8,CES3133500001,335,Electrical Equipment
2018-09-01,403.8,CES3133500001,335,Electrical Equipment
2018-10-01,404.4,CES3133500001,335,Electrical Equipment
2018-11-01,405.6,CES3133500001,335,Electrical Equipment
2018-12-01,405.8,CES3133500001,335,Electrical Equipment
2019-01-01,405.8,CES3133500001,335,Electrical Equipment
2019-02-01,404.8,CES3133500001,335,Electrical Equipment
2019-03-01,404.3,CES3133500001,335,Electrical Equipment
2019-04-01,404.1,CES3133500001,335,Electrical Equipment
2019-05-01,402.8,CES3133500001,335,Electrical Equipment
2019-06-01,401.5,CES3133500001,335,Electrical Equipment
2019-07-01,403.6,CES3133500001,335,Electrical Equipment
2019-08-01,402.8,CES3133500001,335,Electrical Equipment
2019-09-01,400.9,CES3133500001,335,Electrical Equipment
2019-10-01,401.0,CES3133500001,335,Electrical Equipment
2019-11-01,400.2,CES3133500001,335,Electrical Equipment
2019-12-01,400.0,CES3133500001,335,Electrical Equipment
2020-01-01,399.5,CES3133500001,335,Electrical Equipment
2020-02-01,397.8,CES3133500001,335,Electrical Equipment
2020-03-01,395.4,CES3133500001,335,Electrical Equipment
2020-04-01,379.0,CES3133500001,335,Electrical Equipment
2020-05-01,373.0,CES3133500001,335,Electrical Equipment
2020-06-01,379.1,CES3133500001,335,Electrical Equipment
2020-07-01,377.6,CES3133500001,335,Electrical Equipment
2020-08-01,377.9,CES3133500001,335,Electrical Equipment
2020-09-01,380.7,CES3133500001,335,Electrical Equipment
2020-10-01,380.3,CES3133500001,335,Electrical Equipment
2020-11-01,382.0,CES3133500001,335,Electrical Equipment
2020-12-01,384.8,CES3133500001,335,Electrical Equipment
2021-01-01,382.9,CES3133500001,335,Electrical Equipment
2021-02-01,385.4,CES3133500001,335,Electrical Equipment
2021-03-01,388.4,CES3133500001,335,Electrical Equipment
2021-04-01,390.1,CES3133500001,335,Electrical Equipment
2021-05-01,392.4,CES3133500001,335,Electrical Equipment
2021-06-01,394.4,CES3133500001,335,Electrical Equipment
2021-07-01,395.5,CES3133500001,335,Electrical Equipment
2021-08-01,394.4,CES3133500001,335,Electrical Equipment
2021-09-01,393.9,CES3133500001,335,Electrical Equipment
2021-10-01,394.5,CES3133500001,335,Electrical Equipment
2021-11-01,396.2,CES3133500001,335,Electrical Equipment
2021-12-01,397.3,CES3133500001,335,Electrical Equipment
2022-01-01,396.0,CES3133500001,335,Electrical Equipment
2022-02-01,398.5,CES3133500001,335,Electrical Equipment
2022-03-01,401.9,CES3133500001,335,Electrical Equipment
2022-04-01,404.1,CES3133500001,335,Electrical Equipment
2022-05-01,405.6,CES3133500001,335,Electrical Equipment
2022-06-01,407.2,CES3133500001,335,Electrical Equipment
2022-07-01,407.6,CES3133500001,335,Electrical Equipment
2022-08-01,409.2,CES3133500001,335,Electrical Equipment
2022-09-01,411.5,CES3133500001,335,Electrical Equipment
2022-10-01,410.6,CES3133500001,335,Electrical Equipment
2022-11-01,410.8,CES3133500001,335,Electrical Equipment
2022-12-01,412.1,CES3133500001,335,Electrical Equipment
2023-01-01,414.4,CES3133500001,335,Electrical Equipment
2023-02-01,415.4,CES3133500001,335,Electrical Equipment
2023-03-01,414.9,CES3133500001,335,Electrical Equipment
2023-04-01,414.3,CES3133500001,335,Electrical Equipment
2023-05-01,417.7,CES3133500001,335,Electrical Equipment
2023-06-01,414.7,CES3133500001,335,Electrical Equipment
2023-07-01,416.6,CES3133500001,335,Electrical Equipment
2023-08-01,420.1,CES3133500001,335,Electrical Equipment
2023-09-01,420.6,CES3133500001,335,Electrical Equipment
2023-10-01,420.6,CES3133500001,335,Electrical Equipment
2023-11-01,419.8,CES3133500001,335,Electrical Equipment
2023-12-01,419.5,CES3133500001,335,Electrical Equipment
2024-01-01,416.7,CES3133500001,335,Electrical Equipment
2024-02-01,419.3,CES3133500001,335,Electrical Equipment
2024-03-01,418.4,CES3133500001,335,Electrical Equipment
2024-04-01,420.7,CES3133500001,335,Electrical Equipment
2024-05-01,420.0,CES3133500001,335,Electrical Equipment
2024-06-01,419.3,CES3133500001,335,Electrical Equipment
2024-07-01,420.4,CES3133500001,335,Electrical Equipment
2024-08-01,420.1,CES3133500001,335,Electrical Equipment
2024-09-01,420.8,CES3133500001,335,Electrical Equipment
2024-10-01,422.9,CES3133500001,335,Electrical Equipment
2024-11-01,424.2,CES3133500001,335,Electrical Equipment
2024-12-01,424.5,CES3133500001,335,Electrical Equipment
2025-01-01,426.4,CES3133500001,335,Electrical Equipment
2025-02-01,427.5,CES3133500001,335,Electrical Equipment
2025-03-01,428.3,CES3133500001,335,Electrical Equipment
2025-04-01,427.7,CES3133500001,335,Electrical Equipment
2025-05-01,428.9,CES3133500001,335,Electrical Equipment
2025-06-01,429.8,CES3133500001,335,Electrical Equipment
2025-07-01,428.7,CES3133500001,335,Electrical Equipment
2025-08-01,428.5,CES3133500001,335,Electrical Equipment
2025-09-01,429.0,CES3133500001,335,Electrical Equipment
2025-10-01,429.8,CES3133500001,335,Electrical Equipment
2025-11-01,431.2,CES3133500001,335,Electrical Equipment
2025-12-01,432.0,CES3133500001,335,Electrical Equipment
2026-01-01,432.8,CES3133500001,335,Electrical Equipment
2026-02-01,433.9,CES3133500001,335,Electrical Equipment
2026-03-01,435.8,CES3133500001,335,Electrical Equipment
2015-01-01,1470.2,CES3133200001,332,Fabricated Metal
2015-02-01,1470.4,CES3133200001,332,Fabricated Metal
2015-03-01,1468.8,CES3133200001,332,Fabricated Metal
2015-04-01,1467.1,CES3133200001,332,Fabricated Metal
2015-05-01,1464.1,CES3133200001,332,Fabricated Metal
2015-06-01,1462.4,CES3133200001,332,Fabricated Metal
2015-07-01,1459.1,CES3133200001,332,Fabricated Metal
2015-08-01,1454.0,CES3133200001,332,Fabricated Metal
2015-09-01,1449.9,CES3133200001,332,Fabricated Metal
2015-10-01,1445.7,CES3133200001,332,Fabricated Metal
2015-11-01,1442.9,CES3133200001,332,Fabricated Metal
2015-12-01,1439.1,CES3133200001,332,Fabricated Metal
2016-01-01,1444.0,CES3133200001,332,Fabricated Metal
2016-02-01,1434.7,CES3133200001,332,Fabricated Metal
2016-03-01,1428.3,CES3133200001,332,Fabricated Metal
2016-04-01,1427.1,CES3133200001,332,Fabricated Metal
2016-05-01,1422.9,CES3133200001,332,Fabricated Metal
2016-06-01,1419.0,CES3133200001,332,Fabricated Metal
2016-07-01,1416.6,CES3133200001,332,Fabricated Metal
2016-08-01,1414.8,CES3133200001,332,Fabricated Metal
2016-09-01,1412.7,CES3133200001,332,Fabricated Metal
2016-10-01,1413.7,CES3133200001,332,Fabricated Metal
2016-11-01,1411.6,CES3133200001,332,Fabricated Metal
2016-12-01,1413.7,CES3133200001,332,Fabricated Metal
2017-01-01,1413.9,CES3133200001,332,Fabricated Metal
2017-02-01,1416.7,CES3133200001,332,Fabricated Metal
2017-03-01,1417.9,CES3133200001,332,Fabricated Metal
2017-04-01,1416.1,CES3133200001,332,Fabricated Metal
2017-05-01,1420.3,CES3133200001,332,Fabricated Metal
2017-06-01,1420.4,CES3133200001,332,Fabricated Metal
2017-07-01,1423.8,CES3133200001,332,Fabricated Metal
2017-08-01,1424.6,CES3133200001,332,Fabricated Metal
2017-09-01,1430.2,CES3133200001,332,Fabricated Metal
2017-10-01,1433.2,CES3133200001,332,Fabricated Metal
2017-11-01,1437.3,CES3133200001,332,Fabricated Metal
2017-12-01,1441.3,CES3133200001,332,Fabricated Metal
2018-01-01,1446.4,CES3133200001,332,Fabricated Metal
2018-02-01,1449.5,CES3133200001,332,Fabricated Metal
2018-03-01,1454.3,CES3133200001,332,Fabricated Metal
2018-04-01,1458.9,CES3133200001,332,Fabricated Metal
2018-05-01,1464.2,CES3133200001,332,Fabricated Metal
2018-06-01,1472.2,CES3133200001,332,Fabricated Metal
2018-07-01,1474.0,CES3133200001,332,Fabricated Metal
2018-08-01,1479.3,CES3133200001,332,Fabricated Metal
2018-09-01,1482.1,CES3133200001,332,Fabricated Metal
2018-10-01,1482.7,CES3133200001,332,Fabricated Metal
2018-11-01,1481.1,CES3133200001,332,Fabricated Metal
2018-12-01,1489.3,CES3133200001,332,Fabricated Metal
2019-01-01,1493.4,CES3133200001,332,Fabricated Metal
2019-02-01,1491.4,CES3133200001,332,Fabricated Metal
2019-03-01,1492.1,CES3133200001,332,Fabricated Metal
2019-04-01,1492.0,CES3133200001,332,Fabricated Metal
2019-05-01,1488.1,CES3133200001,332,Fabricated Metal
2019-06-01,1487.3,CES3133200001,332,Fabricated Metal
2019-07-01,1487.9,CES3133200001,332,Fabricated Metal
2019-08-01,1484.3,CES3133200001,332,Fabricated Metal
2019-09-01,1480.1,CES3133200001,332,Fabricated Metal
2019-10-01,1479.0,CES3133200001,332,Fabricated Metal
2019-11-01,1477.1,CES3133200001,332,Fabricated Metal
2019-12-01,1470.5,CES3133200001,332,Fabricated Metal
2020-01-01,1464.4,CES3133200001,332,Fabricated Metal
2020-02-01,1464.7,CES3133200001,332,Fabricated Metal
2020-03-01,1454.8,CES3133200001,332,Fabricated Metal
2020-04-01,1343.2,CES3133200001,332,Fabricated Metal
2020-05-01,1366.8,CES3133200001,332,Fabricated Metal
2020-06-01,1371.3,CES3133200001,332,Fabricated Metal
2020-07-01,1353.9,CES3133200001,332,Fabricated Metal
2020-08-01,1360.3,CES3133200001,332,Fabricated Metal
2020-09-01,1361.3,CES3133200001,332,Fabricated Metal
2020-10-01,1363.3,CES3133200001,332,Fabricated Metal
2020-11-01,1362.4,CES3133200001,332,Fabricated Metal
2020-12-01,1365.8,CES3133200001,332,Fabricated Metal
2021-01-01,1357.2,CES3133200001,332,Fabricated Metal
2021-02-01,1360.7,CES3133200001,332,Fabricated Metal
2021-03-01,1372.6,CES3133200001,332,Fabricated Metal
2021-04-01,1372.7,CES3133200001,332,Fabricated Metal
2021-05-01,1374.8,CES3133200001,332,Fabricated Metal
2021-06-01,1378.8,CES3133200001,332,Fabricated Metal
2021-07-01,1382.1,CES3133200001,332,Fabricated Metal
2021-08-01,1385.8,CES3133200001,332,Fabricated Metal
2021-09-01,1391.6,CES3133200001,332,Fabricated Metal
2021-10-01,1395.9,CES3133200001,332,Fabricated Metal
2021-11-01,1406.4,CES3133200001,332,Fabricated Metal
2021-12-01,1405.4,CES3133200001,332,Fabricated Metal
2022-01-01,1407.1,CES3133200001,332,Fabricated Metal
2022-02-01,1413.8,CES3133200001,332,Fabricated Metal
2022-03-01,1422.5,CES3133200001,332,Fabricated Metal
2022-04-01,1423.5,CES3133200001,332,Fabricated Metal
2022-05-01,1430.0,CES3133200001,332,Fabricated Metal
2022-06-01,1430.2,CES3133200001,332,Fabricated Metal
2022-07-01,1435.8,CES3133200001,332,Fabricated Metal
2022-08-01,1438.6,CES3133200001,332,Fabricated Metal
2022-09-01,1440.8,CES3133200001,332,Fabricated Metal
2022-10-01,1447.2,CES3133200001,332,Fabricated Metal
2022-11-01,1447.9,CES3133200001,332,Fabricated Metal
2022-12-01,1448.6,CES3133200001,332,Fabricated Metal
2023-01-01,1449.1,CES3133200001,332,Fabricated Metal
2023-02-01,1448.2,CES3133200001,332,Fabricated Metal
2023-03-01,1446.4,CES3133200001,332,Fabricated Metal
2023-04-01,1447.2,CES3133200001,332,Fabricated Metal
2023-05-01,1447.0,CES3133200001,332,Fabricated Metal
2023-06-01,1448.9,CES3133200001,332,Fabricated Metal
2023-07-01,1444.7,CES3133200001,332,Fabricated Metal
2023-08-01,1447.5,CES3133200001,332,Fabricated Metal
2023-09-01,1447.8,CES3133200001,332,Fabricated Metal
2023-10-01,1446.4,CES3133200001,332,Fabricated Metal
2023-11-01,1446.8,CES3133200001,332,Fabricated Metal
2023-12-01,1448.7,CES3133200001,332,Fabricated Metal
2024-01-01,1450.2,CES3133200001,332,Fabricated Metal
2024-02-01,1452.1,CES3133200001,332,Fabricated Metal
2024-03-01,1448.2,CES3133200001,332,Fabricated Metal
2024-04-01,1445.4,CES3133200001,332,Fabricated Metal
2024-05-01,1444.2,CES3133200001,332,Fabricated Metal
2024-06-01,1439.9,CES3133200001,332,Fabricated Metal
2024-07-01,1439.3,CES3133200001,332,Fabricated Metal
2024-08-01,1437.3,CES3133200001,332,Fabricated Metal
2024-09-01,1437.9,CES3133200001,332,Fabricated Metal
2024-10-01,1435.2,CES3133200001,332,Fabricated Metal
2024-11-01,1435.6,CES3133200001,332,Fabricated Metal
2024-12-01,1432.7,CES3133200001,332,Fabricated Metal
2025-01-01,1433.7,CES3133200001,332,Fabricated Metal
2025-02-01,1435.7,CES3133200001,332,Fabricated Metal
2025-03-01,1434.2,CES3133200001,332,Fabricated Metal
2025-04-01,1436.3,CES3133200001,332,Fabricated Metal
2025-05-01,1434.8,CES3133200001,332,Fabricated Metal
2025-06-01,1434.9,CES3133200001,332,Fabricated Metal
2025-07-01,1434.7,CES3133200001,332,Fabricated Metal
2025-08-01,1435.8,CES3133200001,332,Fabricated Metal
2025-09-01,1436.2,CES3133200001,332,Fabricated Metal
2025-10-01,1438.7,CES3133200001,332,Fabricated Metal
2025-11-01,1439.9,CES3133200001,332,Fabricated Metal
2025-12-01,1439.7,CES3133200001,332,Fabricated Metal
2026-01-01,1438.8,CES3133200001,332,Fabricated Metal
2026-02-01,1440.5,CES3133200001,332,Fabricated Metal
2026-03-01,1445.7,CES3133200001,332,Fabricated Metal
2015-01-01,1498.7,CES3231100001,311,Food
2015-02-01,1501.0,CES3231100001,311,Food
2015-03-01,1505.2,CES3231100001,311,Food
2015-04-01,1504.9,CES3231100001,311,Food
2015-05-01,1506.5,CES3231100001,311,Food
2015-06-01,1508.9,CES3231100001,311,Food
2015-07-01,1512.3,CES3231100001,311,Food
2015-08-01,1508.6,CES3231100001,311,Food
2015-09-01,1515.6,CES3231100001,311,Food
2015-10-01,1522.1,CES3231100001,311,Food
2015-11-01,1528.1,CES3231100001,311,Food
2015-12-01,1531.9,CES3231100001,311,Food
2016-01-01,1540.6,CES3231100001,311,Food
2016-02-01,1537.8,CES3231100001,311,Food
2016-03-01,1540.5,CES3231100001,311,Food
2016-04-01,1544.0,CES3231100001,311,Food
2016-05-01,1544.1,CES3231100001,311,Food
2016-06-01,1562.0,CES3231100001,311,Food
2016-07-01,1570.1,CES3231100001,311,Food
2016-08-01,1568.8,CES3231100001,311,Food
2016-09-01,1566.9,CES3231100001,311,Food
2016-10-01,1567.5,CES3231100001,311,Food
2016-11-01,1569.1,CES3231100001,311,Food
2016-12-01,1572.2,CES3231100001,311,Food
2017-01-01,1577.2,CES3231100001,311,Food
2017-02-01,1588.3,CES3231100001,311,Food
2017-03-01,1588.4,CES3231100001,311,Food
2017-04-01,1593.1,CES3231100001,311,Food
2017-05-01,1595.9,CES3231100001,311,Food
2017-06-01,1598.3,CES3231100001,311,Food
2017-07-01,1601.8,CES3231100001,311,Food
2017-08-01,1609.1,CES3231100001,311,Food
2017-09-01,1609.5,CES3231100001,311,Food
2017-10-01,1603.4,CES3231100001,311,Food
2017-11-01,1603.4,CES3231100001,311,Food
2017-12-01,1606.6,CES3231100001,311,Food
2018-01-01,1608.0,CES3231100001,311,Food
2018-02-01,1608.8,CES3231100001,311,Food
2018-03-01,1610.1,CES3231100001,311,Food
2018-04-01,1607.7,CES3231100001,311,Food
2018-05-01,1617.5,CES3231100001,311,Food
2018-06-01,1625.4,CES3231100001,311,Food
2018-07-01,1627.9,CES3231100001,311,Food
2018-08-01,1628.1,CES3231100001,311,Food
2018-09-01,1630.1,CES3231100001,311,Food
2018-10-01,1629.7,CES3231100001,311,Food
2018-11-01,1629.3,CES3231100001,311,Food
2018-12-01,1628.3,CES3231100001,311,Food
2019-01-01,1630.5,CES3231100001,311,Food
2019-02-01,1628.7,CES3231100001,311,Food
2019-03-01,1632.9,CES3231100001,311,Food
2019-04-01,1634.6,CES3231100001,311,Food
2019-05-01,1636.9,CES3231100001,311,Food
2019-06-01,1643.3,CES3231100001,311,Food
2019-07-01,1645.5,CES3231100001,311,Food
2019-08-01,1650.5,CES3231100001,311,Food
2019-09-01,1655.0,CES3231100001,311,Food
2019-10-01,1659.5,CES3231100001,311,Food
2019-11-01,1662.8,CES3231100001,311,Food
2019-12-01,1660.5,CES3231100001,311,Food
2020-01-01,1654.3,CES3231100001,311,Food
2020-02-01,1653.8,CES3231100001,311,Food
2020-03-01,1646.9,CES3231100001,311,Food
2020-04-01,1553.4,CES3231100001,311,Food
2020-05-01,1578.0,CES3231100001,311,Food
2020-06-01,1591.8,CES3231100001,311,Food
2020-07-01,1596.8,CES3231100001,311,Food
2020-08-01,1611.8,CES3231100001,311,Food
2020-09-01,1616.3,CES3231100001,311,Food
2020-10-01,1621.4,CES3231100001,311,Food
2020-11-01,1624.7,CES3231100001,311,Food
2020-12-01,1632.0,CES3231100001,311,Food
2021-01-01,1631.6,CES3231100001,311,Food
2021-02-01,1629.7,CES3231100001,311,Food
2021-03-01,1635.5,CES3231100001,311,Food
2021-04-01,1630.5,CES3231100001,311,Food
2021-05-01,1627.7,CES3231100001,311,Food
2021-06-01,1627.8,CES3231100001,311,Food
2021-07-01,1633.7,CES3231100001,311,Food
2021-08-01,1633.8,CES3231100001,311,Food
2021-09-01,1639.2,CES3231100001,311,Food
2021-10-01,1648.0,CES3231100001,311,Food
2021-11-01,1655.3,CES3231100001,311,Food
2021-12-01,1660.6,CES3231100001,311,Food
2022-01-01,1664.4,CES3231100001,311,Food
2022-02-01,1673.6,CES3231100001,311,Food
2022-03-01,1678.4,CES3231100001,311,Food
2022-04-01,1685.0,CES3231100001,311,Food
2022-05-01,1693.9,CES3231100001,311,Food
2022-06-01,1701.2,CES3231100001,311,Food
2022-07-01,1707.0,CES3231100001,311,Food
2022-08-01,1706.7,CES3231100001,311,Food
2022-09-01,1711.4,CES3231100001,311,Food
2022-10-01,1711.3,CES3231100001,311,Food
2022-11-01,1715.9,CES3231100001,311,Food
2022-12-01,1719.7,CES3231100001,311,Food
2023-01-01,1724.4,CES3231100001,311,Food
2023-02-01,1726.7,CES3231100001,311,Food
2023-03-01,1730.4,CES3231100001,311,Food
2023-04-01,1731.5,CES3231100001,311,Food
2023-05-01,1731.3,CES3231100001,311,Food
2023-06-01,1730.0,CES3231100001,311,Food
2023-07-01,1728.5,CES3231100001,311,Food
2023-08-01,1728.3,CES3231100001,311,Food
2023-09-01,1735.2,CES3231100001,311,Food
2023-10-01,1744.7,CES3231100001,311,Food
2023-11-01,1747.0,CES3231100001,311,Food
2023-12-01,1752.7,CES3231100001,311,Food
2024-01-01,1757.8,CES3231100001,311,Food
2024-02-01,1760.4,CES3231100001,311,Food
2024-03-01,1761.8,CES3231100001,311,Food
2024-04-01,1764.6,CES3231100001,311,Food
2024-05-01,1767.4,CES3231100001,311,Food
2024-06-01,1770.8,CES3231100001,311,Food
2024-07-01,1773.5,CES3231100001,311,Food
2024-08-01,1778.5,CES3231100001,311,Food
2024-09-01,1782.5,CES3231100001,311,Food
2024-10-01,1780.6,CES3231100001,311,Food
2024-11-01,1780.2,CES3231100001,311,Food
2024-12-01,1778.9,CES3231100001,311,Food
2025-01-01,1779.2,CES3231100001,311,Food
2025-02-01,1779.6,CES3231100001,311,Food
2025-03-01,1781.9,CES3231100001,311,Food
2025-04-01,1783.7,CES3231100001,311,Food
2025-05-01,1785.6,CES3231100001,311,Food
2025-06-01,1784.5,CES3231100001,311,Food
2025-07-01,1784.8,CES3231100001,311,Food
2025-08-01,1785.0,CES3231100001,311,Food
2025-09-01,1784.1,CES3231100001,311,Food
2025-10-01,1785.0,CES3231100001,311,Food
2025-11-01,1781.2,CES3231100001,311,Food
2025-12-01,1780.2,CES3231100001,311,Food
2026-01-01,1780.2,CES3231100001,311,Food
2026-02-01,1779.9,CES3231100001,311,Food
2026-03-01,1778.5,CES3231100001,311,Food
2015-01-01,375.4,CES3133700001,337,Furniture
2015-02-01,375.7,CES3133700001,337,Furniture
2015-03-01,376.3,CES3133700001,337,Furniture
2015-04-01,378.2,CES3133700001,337,Furniture
2015-05-01,378.5,CES3133700001,337,Furniture
2015-06-01,379.7,CES3133700001,337,Furniture
2015-07-01,381.5,CES3133700001,337,Furniture
2015-08-01,382.3,CES3133700001,337,Furniture
2015-09-01,384.6,CES3133700001,337,Furniture
2015-10-01,386.1,CES3133700001,337,Furniture
2015-11-01,386.8,CES3133700001,337,Furniture
2015-12-01,386.5,CES3133700001,337,Furniture
2016-01-01,388.5,CES3133700001,337,Furniture
2016-02-01,390.4,CES3133700001,337,Furniture
2016-03-01,389.3,CES3133700001,337,Furniture
2016-04-01,389.0,CES3133700001,337,Furniture
2016-05-01,387.4,CES3133700001,337,Furniture
2016-06-01,389.3,CES3133700001,337,Furniture
2016-07-01,389.6,CES3133700001,337,Furniture
2016-08-01,391.9,CES3133700001,337,Furniture
2016-09-01,390.4,CES3133700001,337,Furniture
2016-10-01,390.8,CES3133700001,337,Furniture
2016-11-01,391.7,CES3133700001,337,Furniture
2016-12-01,393.6,CES3133700001,337,Furniture
2017-01-01,396.5,CES3133700001,337,Furniture
2017-02-01,394.4,CES3133700001,337,Furniture
2017-03-01,394.2,CES3133700001,337,Furniture
2017-04-01,395.3,CES3133700001,337,Furniture
2017-05-01,394.9,CES3133700001,337,Furniture
2017-06-01,396.1,CES3133700001,337,Furniture
2017-07-01,394.3,CES3133700001,337,Furniture
2017-08-01,395.1,CES3133700001,337,Furniture
2017-09-01,394.5,CES3133700001,337,Furniture
2017-10-01,395.1,CES3133700001,337,Furniture
2017-11-01,394.0,CES3133700001,337,Furniture
2017-12-01,394.0,CES3133700001,337,Furniture
2018-01-01,394.4,CES3133700001,337,Furniture
2018-02-01,394.0,CES3133700001,337,Furniture
2018-03-01,395.0,CES3133700001,337,Furniture
2018-04-01,392.7,CES3133700001,337,Furniture
2018-05-01,393.5,CES3133700001,337,Furniture
2018-06-01,392.6,CES3133700001,337,Furniture
2018-07-01,393.4,CES3133700001,337,Furniture
2018-08-01,391.7,CES3133700001,337,Furniture
2018-09-01,391.7,CES3133700001,337,Furniture
2018-10-01,391.9,CES3133700001,337,Furniture
2018-11-01,391.0,CES3133700001,337,Furniture
2018-12-01,390.5,CES3133700001,337,Furniture
2019-01-01,390.6,CES3133700001,337,Furniture
2019-02-01,390.7,CES3133700001,337,Furniture
2019-03-01,389.2,CES3133700001,337,Furniture
2019-04-01,388.7,CES3133700001,337,Furniture
2019-05-01,386.8,CES3133700001,337,Furniture
2019-06-01,386.7,CES3133700001,337,Furniture
2019-07-01,386.5,CES3133700001,337,Furniture
2019-08-01,387.1,CES3133700001,337,Furniture
2019-09-01,386.5,CES3133700001,337,Furniture
2019-10-01,385.6,CES3133700001,337,Furniture
2019-11-01,386.2,CES3133700001,337,Furniture
2019-12-01,385.1,CES3133700001,337,Furniture
2020-01-01,384.6,CES3133700001,337,Furniture
2020-02-01,383.7,CES3133700001,337,Furniture
2020-03-01,383.7,CES3133700001,337,Furniture
2020-04-01,309.3,CES3133700001,337,Furniture
2020-05-01,333.9,CES3133700001,337,Furniture
2020-06-01,349.6,CES3133700001,337,Furniture
2020-07-01,349.7,CES3133700001,337,Furniture
2020-08-01,355.8,CES3133700001,337,Furniture
2020-09-01,360.5,CES3133700001,337,Furniture
2020-10-01,363.7,CES3133700001,337,Furniture
2020-11-01,366.1,CES3133700001,337,Furniture
2020-12-01,367.9,CES3133700001,337,Furniture
2021-01-01,368.9,CES3133700001,337,Furniture
2021-02-01,369.0,CES3133700001,337,Furniture
2021-03-01,368.3,CES3133700001,337,Furniture
2021-04-01,368.6,CES3133700001,337,Furniture
2021-05-01,367.1,CES3133700001,337,Furniture
2021-06-01,374.5,CES3133700001,337,Furniture
2021-07-01,373.9,CES3133700001,337,Furniture
2021-08-01,373.7,CES3133700001,337,Furniture
2021-09-01,378.9,CES3133700001,337,Furniture
2021-10-01,379.1,CES3133700001,337,Furniture
2021-11-01,380.4,CES3133700001,337,Furniture
2021-12-01,382.1,CES3133700001,337,Furniture
2022-01-01,381.2,CES3133700001,337,Furniture
2022-02-01,383.5,CES3133700001,337,Furniture
2022-03-01,383.6,CES3133700001,337,Furniture
2022-04-01,382.0,CES3133700001,337,Furniture
2022-05-01,381.6,CES3133700001,337,Furniture
2022-06-01,379.2,CES3133700001,337,Furniture
2022-07-01,378.9,CES3133700001,337,Furniture
2022-08-01,376.3,CES3133700001,337,Furniture
2022-09-01,377.0,CES3133700001,337,Furniture
2022-10-01,376.4,CES3133700001,337,Furniture
2022-11-01,373.2,CES3133700001,337,Furniture
2022-12-01,369.8,CES3133700001,337,Furniture
2023-01-01,368.8,CES3133700001,337,Furniture
2023-02-01,365.4,CES3133700001,337,Furniture
2023-03-01,364.1,CES3133700001,337,Furniture
2023-04-01,363.1,CES3133700001,337,Furniture
2023-05-01,357.2,CES3133700001,337,Furniture
2023-06-01,357.4,CES3133700001,337,Furniture
2023-07-01,355.7,CES3133700001,337,Furniture
2023-08-01,354.9,CES3133700001,337,Furniture
2023-09-01,353.7,CES3133700001,337,Furniture
2023-10-01,352.7,CES3133700001,337,Furniture
2023-11-01,352.1,CES3133700001,337,Furniture
2023-12-01,351.1,CES3133700001,337,Furniture
2024-01-01,350.1,CES3133700001,337,Furniture
2024-02-01,349.1,CES3133700001,337,Furniture
2024-03-01,349.4,CES3133700001,337,Furniture
2024-04-01,346.2,CES3133700001,337,Furniture
2024-05-01,344.7,CES3133700001,337,Furniture
2024-06-01,343.0,CES3133700001,337,Furniture
2024-07-01,341.2,CES3133700001,337,Furniture
2024-08-01,340.6,CES3133700001,337,Furniture
2024-09-01,340.0,CES3133700001,337,Furniture
2024-10-01,339.4,CES3133700001,337,Furniture
2024-11-01,339.0,CES3133700001,337,Furniture
2024-12-01,338.3,CES3133700001,337,Furniture
2025-01-01,337.4,CES3133700001,337,Furniture
2025-02-01,337.3,CES3133700001,337,Furniture
2025-03-01,337.8,CES3133700001,337,Furniture
2025-04-01,339.6,CES3133700001,337,Furniture
2025-05-01,338.9,CES3133700001,337,Furniture
2025-06-01,339.7,CES3133700001,337,Furniture
2025-07-01,340.2,CES3133700001,337,Furniture
2025-08-01,339.0,CES3133700001,337,Furniture
2025-09-01,338.1,CES3133700001,337,Furniture
2025-10-01,337.8,CES3133700001,337,Furniture
2025-11-01,335.2,CES3133700001,337,Furniture
2025-12-01,334.3,CES3133700001,337,Furniture
2026-01-01,333.9,CES3133700001,337,Furniture
2026-02-01,334.6,CES3133700001,337,Furniture
2026-03-01,332.6,CES3133700001,337,Furniture
2015-01-01,1138.5,CES3133300001,333,Machinery
2015-02-01,1136.6,CES3133300001,333,Machinery
2015-03-01,1134.4,CES3133300001,333,Machinery
2015-04-01,1128.0,CES3133300001,333,Machinery
2015-05-01,1125.8,CES3133300001,333,Machinery
2015-06-01,1123.5,CES3133300001,333,Machinery
2015-07-01,1119.1,CES3133300001,333,Machinery
2015-08-01,1115.2,CES3133300001,333,Machinery
2015-09-01,1113.1,CES3133300001,333,Machinery
2015-10-01,1108.2,CES3133300001,333,Machinery
2015-11-01,1105.3,CES3133300001,333,Machinery
2015-12-01,1100.2,CES3133300001,333,Machinery
2016-01-01,1096.4,CES3133300001,333,Machinery
2016-02-01,1092.4,CES3133300001,333,Machinery
2016-03-01,1087.5,CES3133300001,333,Machinery
2016-04-01,1083.9,CES3133300001,333,Machinery
2016-05-01,1071.8,CES3133300001,333,Machinery
2016-06-01,1072.3,CES3133300001,333,Machinery
2016-07-01,1072.0,CES3133300001,333,Machinery
2016-08-01,1070.9,CES3133300001,333,Machinery
2016-09-01,1069.9,CES3133300001,333,Machinery
2016-10-01,1067.5,CES3133300001,333,Machinery
2016-11-01,1065.6,CES3133300001,333,Machinery
2016-12-01,1065.3,CES3133300001,333,Machinery
2017-01-01,1066.7,CES3133300001,333,Machinery
2017-02-01,1071.5,CES3133300001,333,Machinery
2017-03-01,1070.4,CES3133300001,333,Machinery
2017-04-01,1071.8,CES3133300001,333,Machinery
2017-05-01,1074.1,CES3133300001,333,Machinery
2017-06-01,1076.1,CES3133300001,333,Machinery
2017-07-01,1079.1,CES3133300001,333,Machinery
2017-08-01,1084.1,CES3133300001,333,Machinery
2017-09-01,1083.9,CES3133300001,333,Machinery
2017-10-01,1084.7,CES3133300001,333,Machinery
2017-11-01,1090.5,CES3133300001,333,Machinery
2017-12-01,1095.1,CES3133300001,333,Machinery
2018-01-01,1099.2,CES3133300001,333,Machinery
2018-02-01,1102.4,CES3133300001,333,Machinery
2018-03-01,1105.8,CES3133300001,333,Machinery
2018-04-01,1111.3,CES3133300001,333,Machinery
2018-05-01,1115.6,CES3133300001,333,Machinery
2018-06-01,1118.1,CES3133300001,333,Machinery
2018-07-01,1121.7,CES3133300001,333,Machinery
2018-08-01,1120.9,CES3133300001,333,Machinery
2018-09-01,1124.9,CES3133300001,333,Machinery
2018-10-01,1126.1,CES3133300001,333,Machinery
2018-11-01,1128.0,CES3133300001,333,Machinery
2018-12-01,1129.1,CES3133300001,333,Machinery
2019-01-01,1131.1,CES3133300001,333,Machinery
2019-02-01,1132.1,CES3133300001,333,Machinery
2019-03-01,1134.1,CES3133300001,333,Machinery
2019-04-01,1129.7,CES3133300001,333,Machinery
2019-05-01,1127.8,CES3133300001,333,Machinery
2019-06-01,1127.5,CES3133300001,333,Machinery
2019-07-01,1126.3,CES3133300001,333,Machinery
2019-08-01,1125.6,CES3133300001,333,Machinery
2019-09-01,1122.8,CES3133300001,333,Machinery
2019-10-01,1121.4,CES3133300001,333,Machinery
2019-11-01,1119.1,CES3133300001,333,Machinery
2019-12-01,1117.9,CES3133300001,333,Machinery
2020-01-01,1117.4,CES3133300001,333,Machinery
2020-02-01,1113.3,CES3133300001,333,Machinery
2020-03-01,1107.8,CES3133300001,333,Machinery
2020-04-01,1020.5,CES3133300001,333,Machinery
2020-05-01,1035.3,CES3133300001,333,Machinery
2020-06-01,1039.2,CES3133300001,333,Machinery
2020-07-01,1031.2,CES3133300001,333,Machinery
2020-08-01,1029.6,CES3133300001,333,Machinery
2020-09-01,1038.8,CES3133300001,333,Machinery
2020-10-01,1041.3,CES3133300001,333,Machinery
2020-11-01,1041.2,CES3133300001,333,Machinery
2020-12-01,1041.8,CES3133300001,333,Machinery
2021-01-01,1039.3,CES3133300001,333,Machinery
2021-02-01,1041.3,CES3133300001,333,Machinery
2021-03-01,1043.4,CES3133300001,333,Machinery
2021-04-01,1046.6,CES3133300001,333,Machinery
2021-05-01,1051.5,CES3133300001,333,Machinery
2021-06-01,1053.3,CES3133300001,333,Machinery
2021-07-01,1055.1,CES3133300001,333,Machinery
2021-08-01,1063.0,CES3133300001,333,Machinery
2021-09-01,1069.8,CES3133300001,333,Machinery
2021-10-01,1072.0,CES3133300001,333,Machinery
2021-11-01,1063.9,CES3133300001,333,Machinery
2021-12-01,1075.3,CES3133300001,333,Machinery
2022-01-01,1080.4,CES3133300001,333,Machinery
2022-02-01,1089.5,CES3133300001,333,Machinery
2022-03-01,1096.1,CES3133300001,333,Machinery
2022-04-01,1102.3,CES3133300001,333,Machinery
2022-05-01,1101.2,CES3133300001,333,Machinery
2022-06-01,1106.5,CES3133300001,333,Machinery
2022-07-01,1111.8,CES3133300001,333,Machinery
2022-08-01,1111.2,CES3133300001,333,Machinery
2022-09-01,1112.3,CES3133300001,333,Machinery
2022-10-01,1115.7,CES3133300001,333,Machinery
2022-11-01,1121.1,CES3133300001,333,Machinery
2022-12-01,1127.1,CES3133300001,333,Machinery
2023-01-01,1128.6,CES3133300001,333,Machinery
2023-02-01,1127.8,CES3133300001,333,Machinery
2023-03-01,1131.2,CES3133300001,333,Machinery
2023-04-01,1128.7,CES3133300001,333,Machinery
2023-05-01,1127.6,CES3133300001,333,Machinery
2023-06-01,1133.1,CES3133300001,333,Machinery
2023-07-01,1134.0,CES3133300001,333,Machinery
2023-08-01,1134.2,CES3133300001,333,Machinery
2023-09-01,1130.4,CES3133300001,333,Machinery
2023-10-01,1129.2,CES3133300001,333,Machinery
2023-11-01,1128.0,CES3133300001,333,Machinery
2023-12-01,1130.8,CES3133300001,333,Machinery
2024-01-01,1127.6,CES3133300001,333,Machinery
2024-02-01,1123.6,CES3133300001,333,Machinery
2024-03-01,1119.6,CES3133300001,333,Machinery
2024-04-01,1119.4,CES3133300001,333,Machinery
2024-05-01,1119.5,CES3133300001,333,Machinery
2024-06-01,1114.8,CES3133300001,333,Machinery
2024-07-01,1111.3,CES3133300001,333,Machinery
2024-08-01,1108.8,CES3133300001,333,Machinery
2024-09-01,1106.5,CES3133300001,333,Machinery
2024-10-01,1103.3,CES3133300001,333,Machinery
2024-11-01,1101.4,CES3133300001,333,Machinery
2024-12-01,1097.5,CES3133300001,333,Machinery
2025-01-01,1096.6,CES3133300001,333,Machinery
2025-02-01,1095.4,CES3133300001,333,Machinery
2025-03-01,1094.9,CES3133300001,333,Machinery
2025-04-01,1096.0,CES3133300001,333,Machinery
2025-05-01,1090.8,CES3133300001,333,Machinery
2025-06-01,1087.6,CES3133300001,333,Machinery
2025-07-01,1085.0,CES3133300001,333,Machinery
2025-08-01,1083.3,CES3133300001,333,Machinery
2025-09-01,1085.7,CES3133300001,333,Machinery
2025-10-01,1084.6,CES3133300001,333,Machinery
2025-11-01,1084.8,CES3133300001,333,Machinery
2025-12-01,1084.4,CES3133300001,333,Machinery
2026-01-01,1084.4,CES3133300001,333,Machinery
2026-02-01,1085.5,CES3133300001,333,Machinery
2026-03-01,1087.4,CES3133300001,333,Machinery
2015-01-01,390.9,CES3132700001,327,Nonmetallic Mineral
2015-02-01,391.9,CES3132700001,327,Nonmetallic Mineral
2015-03-01,391.8,CES3132700001,327,Nonmetallic Mineral
2015-04-01,395.1,CES3132700001,327,Nonmetallic Mineral
2015-05-01,397.1,CES3132700001,327,Nonmetallic Mineral
2015-06-01,397.6,CES3132700001,327,Nonmetallic Mineral
2015-07-01,399.3,CES3132700001,327,Nonmetallic Mineral
2015-08-01,400.5,CES3132700001,327,Nonmetallic Mineral
2015-09-01,401.2,CES3132700001,327,Nonmetallic Mineral
2015-10-01,403.1,CES3132700001,327,Nonmetallic Mineral
2015-11-01,404.3,CES3132700001,327,Nonmetallic Mineral
2015-12-01,404.0,CES3132700001,327,Nonmetallic Mineral
2016-01-01,404.4,CES3132700001,327,Nonmetallic Mineral
2016-02-01,404.6,CES3132700001,327,Nonmetallic Mineral
2016-03-01,404.8,CES3132700001,327,Nonmetallic Mineral
2016-04-01,405.0,CES3132700001,327,Nonmetallic Mineral
2016-05-01,406.1,CES3132700001,327,Nonmetallic Mineral
2016-06-01,406.6,CES3132700001,327,Nonmetallic Mineral
2016-07-01,406.5,CES3132700001,327,Nonmetallic Mineral
2016-08-01,404.3,CES3132700001,327,Nonmetallic Mineral
2016-09-01,407.5,CES3132700001,327,Nonmetallic Mineral
2016-10-01,408.1,CES3132700001,327,Nonmetallic Mineral
2016-11-01,408.1,CES3132700001,327,Nonmetallic Mineral
2016-12-01,408.6,CES3132700001,327,Nonmetallic Mineral
2017-01-01,409.0,CES3132700001,327,Nonmetallic Mineral
2017-02-01,409.7,CES3132700001,327,Nonmetallic Mineral
2017-03-01,410.2,CES3132700001,327,Nonmetallic Mineral
2017-04-01,409.5,CES3132700001,327,Nonmetallic Mineral
2017-05-01,409.1,CES3132700001,327,Nonmetallic Mineral
2017-06-01,408.6,CES3132700001,327,Nonmetallic Mineral
2017-07-01,409.4,CES3132700001,327,Nonmetallic Mineral
2017-08-01,410.6,CES3132700001,327,Nonmetallic Mineral
2017-09-01,408.6,CES3132700001,327,Nonmetallic Mineral
2017-10-01,408.6,CES3132700001,327,Nonmetallic Mineral
2017-11-01,410.1,CES3132700001,327,Nonmetallic Mineral
2017-12-01,411.7,CES3132700001,327,Nonmetallic Mineral
2018-01-01,411.9,CES3132700001,327,Nonmetallic Mineral
2018-02-01,413.3,CES3132700001,327,Nonmetallic Mineral
2018-03-01,414.6,CES3132700001,327,Nonmetallic Mineral
2018-04-01,415.3,CES3132700001,327,Nonmetallic Mineral
2018-05-01,414.3,CES3132700001,327,Nonmetallic Mineral
2018-06-01,415.7,CES3132700001,327,Nonmetallic Mineral
2018-07-01,415.8,CES3132700001,327,Nonmetallic Mineral
2018-08-01,416.3,CES3132700001,327,Nonmetallic Mineral
2018-09-01,417.9,CES3132700001,327,Nonmetallic Mineral
2018-10-01,418.8,CES3132700001,327,Nonmetallic Mineral
2018-11-01,419.0,CES3132700001,327,Nonmetallic Mineral
2018-12-01,420.8,CES3132700001,327,Nonmetallic Mineral
2019-01-01,423.8,CES3132700001,327,Nonmetallic Mineral
2019-02-01,418.3,CES3132700001,327,Nonmetallic Mineral
2019-03-01,418.7,CES3132700001,327,Nonmetallic Mineral
2019-04-01,420.0,CES3132700001,327,Nonmetallic Mineral
2019-05-01,418.0,CES3132700001,327,Nonmetallic Mineral
2019-06-01,417.5,CES3132700001,327,Nonmetallic Mineral
2019-07-01,418.5,CES3132700001,327,Nonmetallic Mineral
2019-08-01,418.1,CES3132700001,327,Nonmetallic Mineral
2019-09-01,417.0,CES3132700001,327,Nonmetallic Mineral
2019-10-01,419.4,CES3132700001,327,Nonmetallic Mineral
2019-11-01,418.0,CES3132700001,327,Nonmetallic Mineral
2019-12-01,415.0,CES3132700001,327,Nonmetallic Mineral
2020-01-01,417.1,CES3132700001,327,Nonmetallic Mineral
2020-02-01,419.4,CES3132700001,327,Nonmetallic Mineral
2020-03-01,415.7,CES3132700001,327,Nonmetallic Mineral
2020-04-01,371.7,CES3132700001,327,Nonmetallic Mineral
2020-05-01,386.0,CES3132700001,327,Nonmetallic Mineral
2020-06-01,394.7,CES3132700001,327,Nonmetallic Mineral
2020-07-01,398.5,CES3132700001,327,Nonmetallic Mineral
2020-08-01,392.9,CES3132700001,327,Nonmetallic Mineral
2020-09-01,398.7,CES3132700001,327,Nonmetallic Mineral
2020-10-01,398.8,CES3132700001,327,Nonmetallic Mineral
2020-11-01,400.2,CES3132700001,327,Nonmetallic Mineral
2020-12-01,400.7,CES3132700001,327,Nonmetallic Mineral
2021-01-01,395.9,CES3132700001,327,Nonmetallic Mineral
2021-02-01,393.6,CES3132700001,327,Nonmetallic Mineral
2021-03-01,401.2,CES3132700001,327,Nonmetallic Mineral
2021-04-01,405.0,CES3132700001,327,Nonmetallic Mineral
2021-05-01,400.0,CES3132700001,327,Nonmetallic Mineral
2021-06-01,403.2,CES3132700001,327,Nonmetallic Mineral
2021-07-01,406.5,CES3132700001,327,Nonmetallic Mineral
2021-08-01,407.1,CES3132700001,327,Nonmetallic Mineral
2021-09-01,407.9,CES3132700001,327,Nonmetallic Mineral
2021-10-01,406.0,CES3132700001,327,Nonmetallic Mineral
2021-11-01,410.3,CES3132700001,327,Nonmetallic Mineral
2021-12-01,410.7,CES3132700001,327,Nonmetallic Mineral
2022-01-01,413.0,CES3132700001,327,Nonmetallic Mineral
2022-02-01,414.8,CES3132700001,327,Nonmetallic Mineral
2022-03-01,415.1,CES3132700001,327,Nonmetallic Mineral
2022-04-01,415.3,CES3132700001,327,Nonmetallic Mineral
2022-05-01,417.0,CES3132700001,327,Nonmetallic Mineral
2022-06-01,416.7,CES3132700001,327,Nonmetallic Mineral
2022-07-01,417.3,CES3132700001,327,Nonmetallic Mineral
2022-08-01,420.3,CES3132700001,327,Nonmetallic Mineral
2022-09-01,418.3,CES3132700001,327,Nonmetallic Mineral
2022-10-01,419.9,CES3132700001,327,Nonmetallic Mineral
2022-11-01,420.3,CES3132700001,327,Nonmetallic Mineral
2022-12-01,423.5,CES3132700001,327,Nonmetallic Mineral
2023-01-01,424.5,CES3132700001,327,Nonmetallic Mineral
2023-02-01,423.1,CES3132700001,327,Nonmetallic Mineral
2023-03-01,420.8,CES3132700001,327,Nonmetallic Mineral
2023-04-01,416.8,CES3132700001,327,Nonmetallic Mineral
2023-05-01,415.5,CES3132700001,327,Nonmetallic Mineral
2023-06-01,419.2,CES3132700001,327,Nonmetallic Mineral
2023-07-01,419.9,CES3132700001,327,Nonmetallic Mineral
2023-08-01,420.0,CES3132700001,327,Nonmetallic Mineral
2023-09-01,420.9,CES3132700001,327,Nonmetallic Mineral
2023-10-01,420.7,CES3132700001,327,Nonmetallic Mineral
2023-11-01,421.4,CES3132700001,327,Nonmetallic Mineral
2023-12-01,423.1,CES3132700001,327,Nonmetallic Mineral
2024-01-01,420.7,CES3132700001,327,Nonmetallic Mineral
2024-02-01,418.9,CES3132700001,327,Nonmetallic Mineral
2024-03-01,419.0,CES3132700001,327,Nonmetallic Mineral
2024-04-01,417.8,CES3132700001,327,Nonmetallic Mineral
2024-05-01,417.8,CES3132700001,327,Nonmetallic Mineral
2024-06-01,418.4,CES3132700001,327,Nonmetallic Mineral
2024-07-01,417.7,CES3132700001,327,Nonmetallic Mineral
2024-08-01,417.2,CES3132700001,327,Nonmetallic Mineral
2024-09-01,417.2,CES3132700001,327,Nonmetallic Mineral
2024-10-01,419.6,CES3132700001,327,Nonmetallic Mineral
2024-11-01,417.2,CES3132700001,327,Nonmetallic Mineral
2024-12-01,416.4,CES3132700001,327,Nonmetallic Mineral
2025-01-01,416.5,CES3132700001,327,Nonmetallic Mineral
2025-02-01,416.6,CES3132700001,327,Nonmetallic Mineral
2025-03-01,416.9,CES3132700001,327,Nonmetallic Mineral
2025-04-01,418.0,CES3132700001,327,Nonmetallic Mineral
2025-05-01,417.1,CES3132700001,327,Nonmetallic Mineral
2025-06-01,417.0,CES3132700001,327,Nonmetallic Mineral
2025-07-01,417.2,CES3132700001,327,Nonmetallic Mineral
2025-08-01,417.1,CES3132700001,327,Nonmetallic Mineral
2025-09-01,419.1,CES3132700001,327,Nonmetallic Mineral
2025-10-01,418.0,CES3132700001,327,Nonmetallic Mineral
2025-11-01,415.6,CES3132700001,327,Nonmetallic Mineral
2025-12-01,414.9,CES3132700001,327,Nonmetallic Mineral
2026-01-01,418.2,CES3132700001,327,Nonmetallic Mineral
2026-02-01,418.7,CES3132700001,327,Nonmetallic Mineral
2026-03-01,421.5,CES3132700001,327,Nonmetallic Mineral
2015-01-01,371.5,CES3232200001,322,Paper
2015-02-01,371.6,CES3232200001,322,Paper
2015-03-01,372.5,CES3232200001,322,Paper
2015-04-01,372.4,CES3232200001,322,Paper
2015-05-01,372.1,CES3232200001,322,Paper
2015-06-01,370.5,CES3232200001,322,Paper
2015-07-01,372.8,CES3232200001,322,Paper
2015-08-01,373.0,CES3232200001,322,Paper
2015-09-01,373.9,CES3232200001,322,Paper
2015-10-01,373.6,CES3232200001,322,Paper
2015-11-01,373.9,CES3232200001,322,Paper
2015-12-01,373.5,CES3232200001,322,Paper
2016-01-01,373.5,CES3232200001,322,Paper
2016-02-01,372.9,CES3232200001,322,Paper
2016-03-01,371.3,CES3232200001,322,Paper
2016-04-01,371.3,CES3232200001,322,Paper
2016-05-01,371.5,CES3232200001,322,Paper
2016-06-01,371.7,CES3232200001,322,Paper
2016-07-01,371.0,CES3232200001,322,Paper
2016-08-01,370.4,CES3232200001,322,Paper
2016-09-01,369.0,CES3232200001,322,Paper
2016-10-01,368.6,CES3232200001,322,Paper
2016-11-01,368.2,CES3232200001,322,Paper
2016-12-01,367.9,CES3232200001,322,Paper
2017-01-01,368.5,CES3232200001,322,Paper
2017-02-01,368.5,CES3232200001,322,Paper
2017-03-01,368.8,CES3232200001,322,Paper
2017-04-01,369.2,CES3232200001,322,Paper
2017-05-01,367.4,CES3232200001,322,Paper
2017-06-01,365.1,CES3232200001,322,Paper
2017-07-01,365.5,CES3232200001,322,Paper
2017-08-01,364.7,CES3232200001,322,Paper
2017-09-01,364.6,CES3232200001,322,Paper
2017-10-01,364.1,CES3232200001,322,Paper
2017-11-01,364.6,CES3232200001,322,Paper
2017-12-01,362.3,CES3232200001,322,Paper
2018-01-01,363.6,CES3232200001,322,Paper
2018-02-01,364.2,CES3232200001,322,Paper
2018-03-01,364.0,CES3232200001,322,Paper
2018-04-01,364.9,CES3232200001,322,Paper
2018-05-01,365.2,CES3232200001,322,Paper
2018-06-01,365.5,CES3232200001,322,Paper
2018-07-01,365.5,CES3232200001,322,Paper
2018-08-01,366.2,CES3232200001,322,Paper
2018-09-01,367.0,CES3232200001,322,Paper
2018-10-01,366.5,CES3232200001,322,Paper
2018-11-01,366.4,CES3232200001,322,Paper
2018-12-01,366.0,CES3232200001,322,Paper
2019-01-01,365.1,CES3232200001,322,Paper
2019-02-01,365.4,CES3232200001,322,Paper
2019-03-01,365.5,CES3232200001,322,Paper
2019-04-01,365.4,CES3232200001,322,Paper
2019-05-01,366.0,CES3232200001,322,Paper
2019-06-01,365.7,CES3232200001,322,Paper
2019-07-01,366.2,CES3232200001,322,Paper
2019-08-01,365.4,CES3232200001,322,Paper
2019-09-01,364.3,CES3232200001,322,Paper
2019-10-01,365.2,CES3232200001,322,Paper
2019-11-01,364.1,CES3232200001,322,Paper
2019-12-01,363.8,CES3232200001,322,Paper
2020-01-01,363.0,CES3232200001,322,Paper
2020-02-01,363.0,CES3232200001,322,Paper
2020-03-01,362.2,CES3232200001,322,Paper
2020-04-01,353.3,CES3232200001,322,Paper
2020-05-01,352.5,CES3232200001,322,Paper
2020-06-01,352.3,CES3232200001,322,Paper
2020-07-01,353.2,CES3232200001,322,Paper
2020-08-01,352.1,CES3232200001,322,Paper
2020-09-01,352.0,CES3232200001,322,Paper
2020-10-01,350.7,CES3232200001,322,Paper
2020-11-01,350.8,CES3232200001,322,Paper
2020-12-01,350.7,CES3232200001,322,Paper
2021-01-01,350.7,CES3232200001,322,Paper
2021-02-01,349.9,CES3232200001,322,Paper
2021-03-01,350.8,CES3232200001,322,Paper
2021-04-01,346.6,CES3232200001,322,Paper
2021-05-01,345.3,CES3232200001,322,Paper
2021-06-01,347.7,CES3232200001,322,Paper
2021-07-01,347.8,CES3232200001,322,Paper
2021-08-01,349.0,CES3232200001,322,Paper
2021-09-01,349.4,CES3232200001,322,Paper
2021-10-01,350.1,CES3232200001,322,Paper
2021-11-01,354.3,CES3232200001,322,Paper
2021-12-01,354.5,CES3232200001,322,Paper
2022-01-01,356.0,CES3232200001,322,Paper
2022-02-01,361.1,CES3232200001,322,Paper
2022-03-01,361.0,CES3232200001,322,Paper
2022-04-01,362.4,CES3232200001,322,Paper
2022-05-01,364.5,CES3232200001,322,Paper
2022-06-01,365.1,CES3232200001,322,Paper
2022-07-01,363.9,CES3232200001,322,Paper
2022-08-01,364.1,CES3232200001,322,Paper
2022-09-01,364.5,CES3232200001,322,Paper
2022-10-01,364.8,CES3232200001,322,Paper
2022-11-01,364.5,CES3232200001,322,Paper
2022-12-01,363.9,CES3232200001,322,Paper
2023-01-01,362.4,CES3232200001,322,Paper
2023-02-01,361.6,CES3232200001,322,Paper
2023-03-01,361.9,CES3232200001,322,Paper
2023-04-01,359.5,CES3232200001,322,Paper
2023-05-01,358.5,CES3232200001,322,Paper
2023-06-01,357.4,CES3232200001,322,Paper
2023-07-01,357.2,CES3232200001,322,Paper
2023-08-01,355.9,CES3232200001,322,Paper
2023-09-01,356.4,CES3232200001,322,Paper
2023-10-01,355.9,CES3232200001,322,Paper
2023-11-01,356.6,CES3232200001,322,Paper
2023-12-01,358.6,CES3232200001,322,Paper
2024-01-01,356.0,CES3232200001,322,Paper
2024-02-01,355.8,CES3232200001,322,Paper
2024-03-01,355.1,CES3232200001,322,Paper
2024-04-01,354.3,CES3232200001,322,Paper
2024-05-01,350.1,CES3232200001,322,Paper
2024-06-01,354.5,CES3232200001,322,Paper
2024-07-01,355.7,CES3232200001,322,Paper
2024-08-01,354.7,CES3232200001,322,Paper
2024-09-01,354.4,CES3232200001,322,Paper
2024-10-01,354.3,CES3232200001,322,Paper
2024-11-01,354.2,CES3232200001,322,Paper
2024-12-01,353.9,CES3232200001,322,Paper
2025-01-01,353.9,CES3232200001,322,Paper
2025-02-01,355.3,CES3232200001,322,Paper
2025-03-01,354.5,CES3232200001,322,Paper
2025-04-01,355.6,CES3232200001,322,Paper
2025-05-01,354.1,CES3232200001,322,Paper
2025-06-01,355.1,CES3232200001,322,Paper
2025-07-01,355.4,CES3232200001,322,Paper
2025-08-01,356.0,CES3232200001,322,Paper
2025-09-01,355.8,CES3232200001,322,Paper
2025-10-01,356.6,CES3232200001,322,Paper
2025-11-01,354.6,CES3232200001,322,Paper
2025-12-01,352.8,CES3232200001,322,Paper
2026-01-01,354.9,CES3232200001,322,Paper
2026-02-01,355.4,CES3232200001,322,Paper
2026-03-01,357.8,CES3232200001,322,Paper
2015-01-01,114.4,CES3232400001,324,Petroleum & Coal
2015-02-01,109.5,CES3232400001,324,Petroleum & Coal
2015-03-01,108.4,CES3232400001,324,Petroleum & Coal
2015-04-01,112.1,CES3232400001,324,Petroleum & Coal
2015-05-01,112.6,CES3232400001,324,Petroleum & Coal
2015-06-01,112.9,CES3232400001,324,Petroleum & Coal
2015-07-01,114.3,CES3232400001,324,Petroleum & Coal
2015-08-01,113.7,CES3232400001,324,Petroleum & Coal
2015-09-01,114.0,CES3232400001,324,Petroleum & Coal
2015-10-01,113.9,CES3232400001,324,Petroleum & Coal
2015-11-01,114.0,CES3232400001,324,Petroleum & Coal
2015-12-01,113.8,CES3232400001,324,Petroleum & Coal
2016-01-01,112.5,CES3232400001,324,Petroleum & Coal
2016-02-01,111.7,CES3232400001,324,Petroleum & Coal
2016-03-01,111.9,CES3232400001,324,Petroleum & Coal
2016-04-01,112.2,CES3232400001,324,Petroleum & Coal
2016-05-01,112.1,CES3232400001,324,Petroleum & Coal
2016-06-01,112.2,CES3232400001,324,Petroleum & Coal
2016-07-01,112.2,CES3232400001,324,Petroleum & Coal
2016-08-01,112.8,CES3232400001,324,Petroleum & Coal
2016-09-01,113.1,CES3232400001,324,Petroleum & Coal
2016-10-01,112.7,CES3232400001,324,Petroleum & Coal
2016-11-01,113.1,CES3232400001,324,Petroleum & Coal
2016-12-01,113.4,CES3232400001,324,Petroleum & Coal
2017-01-01,113.5,CES3232400001,324,Petroleum & Coal
2017-02-01,112.3,CES3232400001,324,Petroleum & Coal
2017-03-01,114.4,CES3232400001,324,Petroleum & Coal
2017-04-01,114.7,CES3232400001,324,Petroleum & Coal
2017-05-01,114.3,CES3232400001,324,Petroleum & Coal
2017-06-01,115.0,CES3232400001,324,Petroleum & Coal
2017-07-01,115.2,CES3232400001,324,Petroleum & Coal
2017-08-01,115.5,CES3232400001,324,Petroleum & Coal
2017-09-01,115.4,CES3232400001,324,Petroleum & Coal
2017-10-01,116.0,CES3232400001,324,Petroleum & Coal
2017-11-01,115.5,CES3232400001,324,Petroleum & Coal
2017-12-01,114.3,CES3232400001,324,Petroleum & Coal
2018-01-01,114.3,CES3232400001,324,Petroleum & Coal
2018-02-01,116.4,CES3232400001,324,Petroleum & Coal
2018-03-01,114.2,CES3232400001,324,Petroleum & Coal
2018-04-01,114.5,CES3232400001,324,Petroleum & Coal
2018-05-01,115.1,CES3232400001,324,Petroleum & Coal
2018-06-01,115.4,CES3232400001,324,Petroleum & Coal
2018-07-01,116.1,CES3232400001,324,Petroleum & Coal
2018-08-01,116.0,CES3232400001,324,Petroleum & Coal
2018-09-01,115.8,CES3232400001,324,Petroleum & Coal
2018-10-01,115.5,CES3232400001,324,Petroleum & Coal
2018-11-01,114.1,CES3232400001,324,Petroleum & Coal
2018-12-01,115.3,CES3232400001,324,Petroleum & Coal
2019-01-01,115.7,CES3232400001,324,Petroleum & Coal
2019-02-01,115.4,CES3232400001,324,Petroleum & Coal
2019-03-01,115.2,CES3232400001,324,Petroleum & Coal
2019-04-01,115.1,CES3232400001,324,Petroleum & Coal
2019-05-01,115.6,CES3232400001,324,Petroleum & Coal
2019-06-01,115.4,CES3232400001,324,Petroleum & Coal
2019-07-01,114.3,CES3232400001,324,Petroleum & Coal
2019-08-01,113.3,CES3232400001,324,Petroleum & Coal
2019-09-01,113.3,CES3232400001,324,Petroleum & Coal
2019-10-01,112.1,CES3232400001,324,Petroleum & Coal
2019-11-01,113.2,CES3232400001,324,Petroleum & Coal
2019-12-01,113.1,CES3232400001,324,Petroleum & Coal
2020-01-01,113.2,CES3232400001,324,Petroleum & Coal
2020-02-01,112.9,CES3232400001,324,Petroleum & Coal
2020-03-01,112.6,CES3232400001,324,Petroleum & Coal
2020-04-01,105.0,CES3232400001,324,Petroleum & Coal
2020-05-01,104.5,CES3232400001,324,Petroleum & Coal
2020-06-01,104.6,CES3232400001,324,Petroleum & Coal
2020-07-01,104.9,CES3232400001,324,Petroleum & Coal
2020-08-01,105.2,CES3232400001,324,Petroleum & Coal
2020-09-01,105.3,CES3232400001,324,Petroleum & Coal
2020-10-01,105.8,CES3232400001,324,Petroleum & Coal
2020-11-01,105.8,CES3232400001,324,Petroleum & Coal
2020-12-01,110.1,CES3232400001,324,Petroleum & Coal
2021-01-01,105.8,CES3232400001,324,Petroleum & Coal
2021-02-01,106.5,CES3232400001,324,Petroleum & Coal
2021-03-01,106.0,CES3232400001,324,Petroleum & Coal
2021-04-01,104.7,CES3232400001,324,Petroleum & Coal
2021-05-01,104.5,CES3232400001,324,Petroleum & Coal
2021-06-01,104.0,CES3232400001,324,Petroleum & Coal
2021-07-01,104.1,CES3232400001,324,Petroleum & Coal
2021-08-01,104.5,CES3232400001,324,Petroleum & Coal
2021-09-01,105.3,CES3232400001,324,Petroleum & Coal
2021-10-01,105.4,CES3232400001,324,Petroleum & Coal
2021-11-01,105.3,CES3232400001,324,Petroleum & Coal
2021-12-01,105.2,CES3232400001,324,Petroleum & Coal
2022-01-01,102.8,CES3232400001,324,Petroleum & Coal
2022-02-01,103.9,CES3232400001,324,Petroleum & Coal
2022-03-01,105.0,CES3232400001,324,Petroleum & Coal
2022-04-01,106.3,CES3232400001,324,Petroleum & Coal
2022-05-01,106.6,CES3232400001,324,Petroleum & Coal
2022-06-01,106.9,CES3232400001,324,Petroleum & Coal
2022-07-01,107.6,CES3232400001,324,Petroleum & Coal
2022-08-01,105.5,CES3232400001,324,Petroleum & Coal
2022-09-01,106.5,CES3232400001,324,Petroleum & Coal
2022-10-01,107.0,CES3232400001,324,Petroleum & Coal
2022-11-01,107.9,CES3232400001,324,Petroleum & Coal
2022-12-01,105.6,CES3232400001,324,Petroleum & Coal
2023-01-01,106.3,CES3232400001,324,Petroleum & Coal
2023-02-01,106.8,CES3232400001,324,Petroleum & Coal
2023-03-01,107.2,CES3232400001,324,Petroleum & Coal
2023-04-01,108.3,CES3232400001,324,Petroleum & Coal
2023-05-01,108.5,CES3232400001,324,Petroleum & Coal
2023-06-01,109.5,CES3232400001,324,Petroleum & Coal
2023-07-01,108.9,CES3232400001,324,Petroleum & Coal
2023-08-01,108.9,CES3232400001,324,Petroleum & Coal
2023-09-01,108.7,CES3232400001,324,Petroleum & Coal
2023-10-01,108.8,CES3232400001,324,Petroleum & Coal
2023-11-01,109.9,CES3232400001,324,Petroleum & Coal
2023-12-01,110.0,CES3232400001,324,Petroleum & Coal
2024-01-01,110.2,CES3232400001,324,Petroleum & Coal
2024-02-01,110.8,CES3232400001,324,Petroleum & Coal
2024-03-01,110.8,CES3232400001,324,Petroleum & Coal
2024-04-01,110.4,CES3232400001,324,Petroleum & Coal
2024-05-01,110.6,CES3232400001,324,Petroleum & Coal
2024-06-01,110.8,CES3232400001,324,Petroleum & Coal
2024-07-01,110.2,CES3232400001,324,Petroleum & Coal
2024-08-01,110.3,CES3232400001,324,Petroleum & Coal
2024-09-01,110.1,CES3232400001,324,Petroleum & Coal
2024-10-01,110.5,CES3232400001,324,Petroleum & Coal
2024-11-01,109.8,CES3232400001,324,Petroleum & Coal
2024-12-01,109.7,CES3232400001,324,Petroleum & Coal
2025-01-01,110.6,CES3232400001,324,Petroleum & Coal
2025-02-01,110.3,CES3232400001,324,Petroleum & Coal
2025-03-01,111.0,CES3232400001,324,Petroleum & Coal
2025-04-01,109.7,CES3232400001,324,Petroleum & Coal
2025-05-01,108.7,CES3232400001,324,Petroleum & Coal
2025-06-01,109.2,CES3232400001,324,Petroleum & Coal
2025-07-01,109.4,CES3232400001,324,Petroleum & Coal
2025-08-01,109.2,CES3232400001,324,Petroleum & Coal
2025-09-01,110.1,CES3232400001,324,Petroleum & Coal
2025-10-01,109.0,CES3232400001,324,Petroleum & Coal
2025-11-01,109.1,CES3232400001,324,Petroleum & Coal
2025-12-01,109.7,CES3232400001,324,Petroleum & Coal
2026-01-01,109.2,CES3232400001,324,Petroleum & Coal
2026-02-01,108.8,CES3232400001,324,Petroleum & Coal
2026-03-01,108.5,CES3232400001,324,Petroleum & Coal
2015-01-01,681.9,CES3232600001,326,Plastics & Rubber
2015-02-01,683.3,CES3232600001,326,Plastics & Rubber
2015-03-01,684.1,CES3232600001,326,Plastics & Rubber
2015-04-01,685.8,CES3232600001,326,Plastics & Rubber
2015-05-01,687.4,CES3232600001,326,Plastics & Rubber
2015-06-01,687.8,CES3232600001,326,Plastics & Rubber
2015-07-01,690.5,CES3232600001,326,Plastics & Rubber
2015-08-01,690.0,CES3232600001,326,Plastics & Rubber
2015-09-01,691.8,CES3232600001,326,Plastics & Rubber
2015-10-01,693.2,CES3232600001,326,Plastics & Rubber
2015-11-01,694.7,CES3232600001,326,Plastics & Rubber
2015-12-01,695.7,CES3232600001,326,Plastics & Rubber
2016-01-01,696.5,CES3232600001,326,Plastics & Rubber
2016-02-01,697.3,CES3232600001,326,Plastics & Rubber
2016-03-01,699.1,CES3232600001,326,Plastics & Rubber
2016-04-01,700.4,CES3232600001,326,Plastics & Rubber
2016-05-01,704.5,CES3232600001,326,Plastics & Rubber
2016-06-01,704.5,CES3232600001,326,Plastics & Rubber
2016-07-01,705.5,CES3232600001,326,Plastics & Rubber
2016-08-01,703.7,CES3232600001,326,Plastics & Rubber
2016-09-01,705.1,CES3232600001,326,Plastics & Rubber
2016-10-01,705.4,CES3232600001,326,Plastics & Rubber
2016-11-01,703.9,CES3232600001,326,Plastics & Rubber
2016-12-01,705.7,CES3232600001,326,Plastics & Rubber
2017-01-01,708.0,CES3232600001,326,Plastics & Rubber
2017-02-01,711.0,CES3232600001,326,Plastics & Rubber
2017-03-01,712.5,CES3232600001,326,Plastics & Rubber
2017-04-01,712.4,CES3232600001,326,Plastics & Rubber
2017-05-01,712.9,CES3232600001,326,Plastics & Rubber
2017-06-01,714.5,CES3232600001,326,Plastics & Rubber
2017-07-01,717.3,CES3232600001,326,Plastics & Rubber
2017-08-01,720.9,CES3232600001,326,Plastics & Rubber
2017-09-01,721.8,CES3232600001,326,Plastics & Rubber
2017-10-01,723.6,CES3232600001,326,Plastics & Rubber
2017-11-01,725.0,CES3232600001,326,Plastics & Rubber
2017-12-01,725.1,CES3232600001,326,Plastics & Rubber
2018-01-01,727.9,CES3232600001,326,Plastics & Rubber
2018-02-01,727.1,CES3232600001,326,Plastics & Rubber
2018-03-01,727.5,CES3232600001,326,Plastics & Rubber
2018-04-01,729.1,CES3232600001,326,Plastics & Rubber
2018-05-01,729.6,CES3232600001,326,Plastics & Rubber
2018-06-01,730.2,CES3232600001,326,Plastics & Rubber
2018-07-01,731.3,CES3232600001,326,Plastics & Rubber
2018-08-01,731.4,CES3232600001,326,Plastics & Rubber
2018-09-01,732.5,CES3232600001,326,Plastics & Rubber
2018-10-01,733.4,CES3232600001,326,Plastics & Rubber
2018-11-01,734.4,CES3232600001,326,Plastics & Rubber
2018-12-01,734.7,CES3232600001,326,Plastics & Rubber
2019-01-01,734.4,CES3232600001,326,Plastics & Rubber
2019-02-01,733.9,CES3232600001,326,Plastics & Rubber
2019-03-01,733.2,CES3232600001,326,Plastics & Rubber
2019-04-01,732.1,CES3232600001,326,Plastics & Rubber
2019-05-01,732.0,CES3232600001,326,Plastics & Rubber
2019-06-01,733.5,CES3232600001,326,Plastics & Rubber
2019-07-01,731.1,CES3232600001,326,Plastics & Rubber
2019-08-01,732.8,CES3232600001,326,Plastics & Rubber
2019-09-01,731.6,CES3232600001,326,Plastics & Rubber
2019-10-01,729.8,CES3232600001,326,Plastics & Rubber
2019-11-01,729.6,CES3232600001,326,Plastics & Rubber
2019-12-01,728.9,CES3232600001,326,Plastics & Rubber
2020-01-01,731.8,CES3232600001,326,Plastics & Rubber
2020-02-01,729.0,CES3232600001,326,Plastics & Rubber
2020-03-01,727.1,CES3232600001,326,Plastics & Rubber
2020-04-01,660.0,CES3232600001,326,Plastics & Rubber
2020-05-01,678.4,CES3232600001,326,Plastics & Rubber
2020-06-01,704.1,CES3232600001,326,Plastics & Rubber
2020-07-01,698.8,CES3232600001,326,Plastics & Rubber
2020-08-01,703.7,CES3232600001,326,Plastics & Rubber
2020-09-01,705.4,CES3232600001,326,Plastics & Rubber
2020-10-01,710.4,CES3232600001,326,Plastics & Rubber
2020-11-01,712.6,CES3232600001,326,Plastics & Rubber
2020-12-01,716.5,CES3232600001,326,Plastics & Rubber
2021-01-01,714.6,CES3232600001,326,Plastics & Rubber
2021-02-01,718.7,CES3232600001,326,Plastics & Rubber
2021-03-01,718.8,CES3232600001,326,Plastics & Rubber
2021-04-01,716.4,CES3232600001,326,Plastics & Rubber
2021-05-01,719.8,CES3232600001,326,Plastics & Rubber
2021-06-01,717.4,CES3232600001,326,Plastics & Rubber
2021-07-01,721.8,CES3232600001,326,Plastics & Rubber
2021-08-01,731.2,CES3232600001,326,Plastics & Rubber
2021-09-01,728.2,CES3232600001,326,Plastics & Rubber
2021-10-01,733.7,CES3232600001,326,Plastics & Rubber
2021-11-01,740.1,CES3232600001,326,Plastics & Rubber
2021-12-01,743.9,CES3232600001,326,Plastics & Rubber
2022-01-01,741.0,CES3232600001,326,Plastics & Rubber
2022-02-01,746.4,CES3232600001,326,Plastics & Rubber
2022-03-01,750.9,CES3232600001,326,Plastics & Rubber
2022-04-01,754.7,CES3232600001,326,Plastics & Rubber
2022-05-01,753.6,CES3232600001,326,Plastics & Rubber
2022-06-01,756.8,CES3232600001,326,Plastics & Rubber
2022-07-01,757.4,CES3232600001,326,Plastics & Rubber
2022-08-01,757.4,CES3232600001,326,Plastics & Rubber
2022-09-01,757.9,CES3232600001,326,Plastics & Rubber
2022-10-01,762.1,CES3232600001,326,Plastics & Rubber
2022-11-01,756.4,CES3232600001,326,Plastics & Rubber
2022-12-01,751.0,CES3232600001,326,Plastics & Rubber
2023-01-01,749.7,CES3232600001,326,Plastics & Rubber
2023-02-01,744.4,CES3232600001,326,Plastics & Rubber
2023-03-01,741.8,CES3232600001,326,Plastics & Rubber
2023-04-01,740.3,CES3232600001,326,Plastics & Rubber
2023-05-01,738.8,CES3232600001,326,Plastics & Rubber
2023-06-01,740.8,CES3232600001,326,Plastics & Rubber
2023-07-01,738.4,CES3232600001,326,Plastics & Rubber
2023-08-01,733.5,CES3232600001,326,Plastics & Rubber
2023-09-01,737.7,CES3232600001,326,Plastics & Rubber
2023-10-01,735.5,CES3232600001,326,Plastics & Rubber
2023-11-01,730.9,CES3232600001,326,Plastics & Rubber
2023-12-01,728.6,CES3232600001,326,Plastics & Rubber
2024-01-01,732.0,CES3232600001,326,Plastics & Rubber
2024-02-01,729.6,CES3232600001,326,Plastics & Rubber
2024-03-01,727.2,CES3232600001,326,Plastics & Rubber
2024-04-01,727.3,CES3232600001,326,Plastics & Rubber
2024-05-01,726.5,CES3232600001,326,Plastics & Rubber
2024-06-01,724.6,CES3232600001,326,Plastics & Rubber
2024-07-01,721.6,CES3232600001,326,Plastics & Rubber
2024-08-01,718.6,CES3232600001,326,Plastics & Rubber
2024-09-01,717.5,CES3232600001,326,Plastics & Rubber
2024-10-01,713.3,CES3232600001,326,Plastics & Rubber
2024-11-01,709.3,CES3232600001,326,Plastics & Rubber
2024-12-01,709.5,CES3232600001,326,Plastics & Rubber
2025-01-01,707.2,CES3232600001,326,Plastics & Rubber
2025-02-01,706.8,CES3232600001,326,Plastics & Rubber
2025-03-01,708.1,CES3232600001,326,Plastics & Rubber
2025-04-01,706.5,CES3232600001,326,Plastics & Rubber
2025-05-01,706.5,CES3232600001,326,Plastics & Rubber
2025-06-01,703.3,CES3232600001,326,Plastics & Rubber
2025-07-01,702.3,CES3232600001,326,Plastics & Rubber
2025-08-01,703.9,CES3232600001,326,Plastics & Rubber
2025-09-01,701.3,CES3232600001,326,Plastics & Rubber
2025-10-01,701.8,CES3232600001,326,Plastics & Rubber
2025-11-01,702.4,CES3232600001,326,Plastics & Rubber
2025-12-01,697.5,CES3232600001,326,Plastics & Rubber
2026-01-01,697.0,CES3232600001,326,Plastics & Rubber
2026-02-01,693.9,CES3232600001,326,Plastics & Rubber
2026-03-01,696.4,CES3232600001,326,Plastics & Rubber
2015-01-01,401.8,CES3133100001,331,Primary Metal
2015-02-01,400.1,CES3133100001,331,Primary Metal
2015-03-01,399.5,CES3133100001,331,Primary Metal
2015-04-01,397.8,CES3133100001,331,Primary Metal
2015-05-01,395.4,CES3133100001,331,Primary Metal
2015-06-01,395.6,CES3133100001,331,Primary Metal
2015-07-01,393.7,CES3133100001,331,Primary Metal
2015-08-01,393.1,CES3133100001,331,Primary Metal
2015-09-01,389.0,CES3133100001,331,Primary Metal
2015-10-01,389.0,CES3133100001,331,Primary Metal
2015-11-01,388.0,CES3133100001,331,Primary Metal
2015-12-01,384.9,CES3133100001,331,Primary Metal
2016-01-01,384.0,CES3133100001,331,Primary Metal
2016-02-01,382.0,CES3133100001,331,Primary Metal
2016-03-01,379.9,CES3133100001,331,Primary Metal
2016-04-01,378.4,CES3133100001,331,Primary Metal
2016-05-01,376.7,CES3133100001,331,Primary Metal
2016-06-01,374.1,CES3133100001,331,Primary Metal
2016-07-01,372.8,CES3133100001,331,Primary Metal
2016-08-01,371.0,CES3133100001,331,Primary Metal
2016-09-01,370.9,CES3133100001,331,Primary Metal
2016-10-01,370.6,CES3133100001,331,Primary Metal
2016-11-01,367.8,CES3133100001,331,Primary Metal
2016-12-01,368.2,CES3133100001,331,Primary Metal
2017-01-01,368.1,CES3133100001,331,Primary Metal
2017-02-01,367.5,CES3133100001,331,Primary Metal
2017-03-01,367.7,CES3133100001,331,Primary Metal
2017-04-01,369.3,CES3133100001,331,Primary Metal
2017-05-01,371.3,CES3133100001,331,Primary Metal
2017-06-01,372.1,CES3133100001,331,Primary Metal
2017-07-01,372.7,CES3133100001,331,Primary Metal
2017-08-01,373.3,CES3133100001,331,Primary Metal
2017-09-01,373.0,CES3133100001,331,Primary Metal
2017-10-01,373.6,CES3133100001,331,Primary Metal
2017-11-01,373.1,CES3133100001,331,Primary Metal
2017-12-01,375.6,CES3133100001,331,Primary Metal
2018-01-01,375.1,CES3133100001,331,Primary Metal
2018-02-01,377.0,CES3133100001,331,Primary Metal
2018-03-01,375.9,CES3133100001,331,Primary Metal
2018-04-01,377.4,CES3133100001,331,Primary Metal
2018-05-01,378.2,CES3133100001,331,Primary Metal
2018-06-01,380.6,CES3133100001,331,Primary Metal
2018-07-01,380.3,CES3133100001,331,Primary Metal
2018-08-01,381.0,CES3133100001,331,Primary Metal
2018-09-01,382.0,CES3133100001,331,Primary Metal
2018-10-01,383.6,CES3133100001,331,Primary Metal
2018-11-01,385.4,CES3133100001,331,Primary Metal
2018-12-01,387.0,CES3133100001,331,Primary Metal
2019-01-01,388.7,CES3133100001,331,Primary Metal
2019-02-01,389.1,CES3133100001,331,Primary Metal
2019-03-01,389.7,CES3133100001,331,Primary Metal
2019-04-01,389.0,CES3133100001,331,Primary Metal
2019-05-01,388.9,CES3133100001,331,Primary Metal
2019-06-01,388.9,CES3133100001,331,Primary Metal
2019-07-01,388.5,CES3133100001,331,Primary Metal
2019-08-01,388.4,CES3133100001,331,Primary Metal
2019-09-01,388.4,CES3133100001,331,Primary Metal
2019-10-01,382.7,CES3133100001,331,Primary Metal
2019-11-01,382.6,CES3133100001,331,Primary Metal
2019-12-01,380.8,CES3133100001,331,Primary Metal
2020-01-01,379.8,CES3133100001,331,Primary Metal
2020-02-01,379.9,CES3133100001,331,Primary Metal
2020-03-01,379.4,CES3133100001,331,Primary Metal
2020-04-01,349.4,CES3133100001,331,Primary Metal
2020-05-01,340.3,CES3133100001,331,Primary Metal
2020-06-01,345.3,CES3133100001,331,Primary Metal
2020-07-01,343.5,CES3133100001,331,Primary Metal
2020-08-01,343.6,CES3133100001,331,Primary Metal
2020-09-01,342.5,CES3133100001,331,Primary Metal
2020-10-01,344.4,CES3133100001,331,Primary Metal
2020-11-01,346.0,CES3133100001,331,Primary Metal
2020-12-01,345.0,CES3133100001,331,Primary Metal
2021-01-01,344.8,CES3133100001,331,Primary Metal
2021-02-01,343.8,CES3133100001,331,Primary Metal
2021-03-01,346.2,CES3133100001,331,Primary Metal
2021-04-01,348.0,CES3133100001,331,Primary Metal
2021-05-01,348.7,CES3133100001,331,Primary Metal
2021-06-01,350.8,CES3133100001,331,Primary Metal
2021-07-01,353.0,CES3133100001,331,Primary Metal
2021-08-01,352.3,CES3133100001,331,Primary Metal
2021-09-01,352.4,CES3133100001,331,Primary Metal
2021-10-01,353.0,CES3133100001,331,Primary Metal
2021-11-01,355.5,CES3133100001,331,Primary Metal
2021-12-01,356.8,CES3133100001,331,Primary Metal
2022-01-01,358.7,CES3133100001,331,Primary Metal
2022-02-01,361.2,CES3133100001,331,Primary Metal
2022-03-01,360.3,CES3133100001,331,Primary Metal
2022-04-01,361.0,CES3133100001,331,Primary Metal
2022-05-01,361.9,CES3133100001,331,Primary Metal
2022-06-01,362.1,CES3133100001,331,Primary Metal
2022-07-01,363.6,CES3133100001,331,Primary Metal
2022-08-01,365.2,CES3133100001,331,Primary Metal
2022-09-01,368.4,CES3133100001,331,Primary Metal
2022-10-01,369.9,CES3133100001,331,Primary Metal
2022-11-01,370.4,CES3133100001,331,Primary Metal
2022-12-01,371.7,CES3133100001,331,Primary Metal
2023-01-01,371.3,CES3133100001,331,Primary Metal
2023-02-01,371.8,CES3133100001,331,Primary Metal
2023-03-01,373.7,CES3133100001,331,Primary Metal
2023-04-01,372.8,CES3133100001,331,Primary Metal
2023-05-01,373.9,CES3133100001,331,Primary Metal
2023-06-01,375.4,CES3133100001,331,Primary Metal
2023-07-01,376.7,CES3133100001,331,Primary Metal
2023-08-01,377.2,CES3133100001,331,Primary Metal
2023-09-01,376.3,CES3133100001,331,Primary Metal
2023-10-01,375.6,CES3133100001,331,Primary Metal
2023-11-01,373.6,CES3133100001,331,Primary Metal
2023-12-01,374.4,CES3133100001,331,Primary Metal
2024-01-01,373.7,CES3133100001,331,Primary Metal
2024-02-01,372.8,CES3133100001,331,Primary Metal
2024-03-01,371.6,CES3133100001,331,Primary Metal
2024-04-01,373.9,CES3133100001,331,Primary Metal
2024-05-01,371.9,CES3133100001,331,Primary Metal
2024-06-01,371.5,CES3133100001,331,Primary Metal
2024-07-01,369.5,CES3133100001,331,Primary Metal
2024-08-01,368.8,CES3133100001,331,Primary Metal
2024-09-01,366.9,CES3133100001,331,Primary Metal
2024-10-01,366.0,CES3133100001,331,Primary Metal
2024-11-01,365.0,CES3133100001,331,Primary Metal
2024-12-01,364.0,CES3133100001,331,Primary Metal
2025-01-01,363.9,CES3133100001,331,Primary Metal
2025-02-01,365.1,CES3133100001,331,Primary Metal
2025-03-01,364.8,CES3133100001,331,Primary Metal
2025-04-01,364.6,CES3133100001,331,Primary Metal
2025-05-01,364.7,CES3133100001,331,Primary Metal
2025-06-01,363.8,CES3133100001,331,Primary Metal
2025-07-01,364.6,CES3133100001,331,Primary Metal
2025-08-01,363.3,CES3133100001,331,Primary Metal
2025-09-01,363.4,CES3133100001,331,Primary Metal
2025-10-01,362.6,CES3133100001,331,Primary Metal
2025-11-01,362.7,CES3133100001,331,Primary Metal
2025-12-01,363.3,CES3133100001,331,Primary Metal
2026-01-01,364.2,CES3133100001,331,Primary Metal
2026-02-01,363.7,CES3133100001,331,Primary Metal
2026-03-01,362.6,CES3133100001,331,Primary Metal
2015-01-01,449.2,CES3232300001,323,Printing
2015-02-01,451.1,CES3232300001,323,Printing
2015-03-01,450.8,CES3232300001,323,Printing
2015-04-01,451.6,CES3232300001,323,Printing
2015-05-01,450.0,CES3232300001,323,Printing
2015-06-01,448.4,CES3232300001,323,Printing
2015-07-01,448.6,CES3232300001,323,Printing
2015-08-01,449.2,CES3232300001,323,Printing
2015-09-01,448.8,CES3232300001,323,Printing
2015-10-01,450.6,CES3232300001,323,Printing
2015-11-01,452.0,CES3232300001,323,Printing
2015-12-01,452.1,CES3232300001,323,Printing
2016-01-01,451.9,CES3232300001,323,Printing
2016-02-01,450.2,CES3232300001,323,Printing
2016-03-01,449.6,CES3232300001,323,Printing
2016-04-01,449.9,CES3232300001,323,Printing
2016-05-01,449.3,CES3232300001,323,Printing
2016-06-01,448.4,CES3232300001,323,Printing
2016-07-01,447.0,CES3232300001,323,Printing
2016-08-01,445.6,CES3232300001,323,Printing
2016-09-01,445.3,CES3232300001,323,Printing
2016-10-01,444.6,CES3232300001,323,Printing
2016-11-01,443.9,CES3232300001,323,Printing
2016-12-01,444.3,CES3232300001,323,Printing
2017-01-01,443.7,CES3232300001,323,Printing
2017-02-01,443.3,CES3232300001,323,Printing
2017-03-01,443.3,CES3232300001,323,Printing
2017-04-01,441.9,CES3232300001,323,Printing
2017-05-01,440.1,CES3232300001,323,Printing
2017-06-01,441.1,CES3232300001,323,Printing
2017-07-01,441.2,CES3232300001,323,Printing
2017-08-01,440.8,CES3232300001,323,Printing
2017-09-01,437.1,CES3232300001,323,Printing
2017-10-01,437.8,CES3232300001,323,Printing
2017-11-01,436.3,CES3232300001,323,Printing
2017-12-01,435.4,CES3232300001,323,Printing
2018-01-01,434.0,CES3232300001,323,Printing
2018-02-01,435.8,CES3232300001,323,Printing
2018-03-01,433.9,CES3232300001,323,Printing
2018-04-01,432.5,CES3232300001,323,Printing
2018-05-01,432.6,CES3232300001,323,Printing
2018-06-01,432.3,CES3232300001,323,Printing
2018-07-01,432.2,CES3232300001,323,Printing
2018-08-01,431.7,CES3232300001,323,Printing
2018-09-01,431.8,CES3232300001,323,Printing
2018-10-01,430.9,CES3232300001,323,Printing
2018-11-01,430.2,CES3232300001,323,Printing
2018-12-01,428.9,CES3232300001,323,Printing
2019-01-01,428.6,CES3232300001,323,Printing
2019-02-01,427.7,CES3232300001,323,Printing
2019-03-01,426.7,CES3232300001,323,Printing
2019-04-01,425.5,CES3232300001,323,Printing
2019-05-01,425.5,CES3232300001,323,Printing
2019-06-01,426.0,CES3232300001,323,Printing
2019-07-01,425.5,CES3232300001,323,Printing
2019-08-01,425.3,CES3232300001,323,Printing
2019-09-01,424.8,CES3232300001,323,Printing
2019-10-01,423.0,CES3232300001,323,Printing
2019-11-01,422.3,CES3232300001,323,Printing
2019-12-01,420.5,CES3232300001,323,Printing
2020-01-01,420.4,CES3232300001,323,Printing
2020-02-01,419.3,CES3232300001,323,Printing
2020-03-01,414.7,CES3232300001,323,Printing
2020-04-01,341.0,CES3232300001,323,Printing
2020-05-01,360.6,CES3232300001,323,Printing
2020-06-01,363.7,CES3232300001,323,Printing
2020-07-01,364.4,CES3232300001,323,Printing
2020-08-01,361.1,CES3232300001,323,Printing
2020-09-01,363.1,CES3232300001,323,Printing
2020-10-01,364.0,CES3232300001,323,Printing
2020-11-01,364.3,CES3232300001,323,Printing
2020-12-01,366.8,CES3232300001,323,Printing
2021-01-01,365.0,CES3232300001,323,Printing
2021-02-01,362.9,CES3232300001,323,Printing
2021-03-01,364.9,CES3232300001,323,Printing
2021-04-01,364.8,CES3232300001,323,Printing
2021-05-01,367.1,CES3232300001,323,Printing
2021-06-01,366.2,CES3232300001,323,Printing
2021-07-01,367.1,CES3232300001,323,Printing
2021-08-01,367.9,CES3232300001,323,Printing
2021-09-01,374.1,CES3232300001,323,Printing
2021-10-01,374.0,CES3232300001,323,Printing
2021-11-01,376.3,CES3232300001,323,Printing
2021-12-01,377.0,CES3232300001,323,Printing
2022-01-01,376.3,CES3232300001,323,Printing
2022-02-01,376.5,CES3232300001,323,Printing
2022-03-01,376.1,CES3232300001,323,Printing
2022-04-01,381.1,CES3232300001,323,Printing
2022-05-01,380.5,CES3232300001,323,Printing
2022-06-01,381.0,CES3232300001,323,Printing
2022-07-01,380.9,CES3232300001,323,Printing
2022-08-01,380.1,CES3232300001,323,Printing
2022-09-01,379.1,CES3232300001,323,Printing
2022-10-01,378.1,CES3232300001,323,Printing
2022-11-01,377.8,CES3232300001,323,Printing
2022-12-01,377.0,CES3232300001,323,Printing
2023-01-01,375.8,CES3232300001,323,Printing
2023-02-01,375.4,CES3232300001,323,Printing
2023-03-01,374.6,CES3232300001,323,Printing
2023-04-01,373.3,CES3232300001,323,Printing
2023-05-01,370.6,CES3232300001,323,Printing
2023-06-01,368.4,CES3232300001,323,Printing
2023-07-01,367.2,CES3232300001,323,Printing
2023-08-01,365.7,CES3232300001,323,Printing
2023-09-01,364.7,CES3232300001,323,Printing
2023-10-01,364.0,CES3232300001,323,Printing
2023-11-01,362.0,CES3232300001,323,Printing
2023-12-01,361.1,CES3232300001,323,Printing
2024-01-01,362.7,CES3232300001,323,Printing
2024-02-01,359.8,CES3232300001,323,Printing
2024-03-01,359.2,CES3232300001,323,Printing
2024-04-01,359.1,CES3232300001,323,Printing
2024-05-01,357.5,CES3232300001,323,Printing
2024-06-01,355.3,CES3232300001,323,Printing
2024-07-01,353.9,CES3232300001,323,Printing
2024-08-01,352.9,CES3232300001,323,Printing
2024-09-01,351.9,CES3232300001,323,Printing
2024-10-01,351.5,CES3232300001,323,Printing
2024-11-01,350.7,CES3232300001,323,Printing
2024-12-01,349.7,CES3232300001,323,Printing
2025-01-01,349.1,CES3232300001,323,Printing
2025-02-01,348.5,CES3232300001,323,Printing
2025-03-01,345.8,CES3232300001,323,Printing
2025-04-01,345.1,CES3232300001,323,Printing
2025-05-01,344.7,CES3232300001,323,Printing
2025-06-01,345.2,CES3232300001,323,Printing
2025-07-01,342.8,CES3232300001,323,Printing
2025-08-01,342.0,CES3232300001,323,Printing
2025-09-01,341.8,CES3232300001,323,Printing
2025-10-01,339.6,CES3232300001,323,Printing
2025-11-01,340.0,CES3232300001,323,Printing
2025-12-01,340.5,CES3232300001,323,Printing
2026-01-01,340.7,CES3232300001,323,Printing
2026-02-01,340.8,CES3232300001,323,Printing
2026-03-01,340.4,CES3232300001,323,Printing
2015-01-01,117.1,CES3231300001,313,Textile Mills
2015-02-01,117.0,CES3231300001,313,Textile Mills
2015-03-01,117.0,CES3231300001,313,Textile Mills
2015-04-01,117.1,CES3231300001,313,Textile Mills
2015-05-01,117.6,CES3231300001,313,Textile Mills
2015-06-01,117.0,CES3231300001,313,Textile Mills
2015-07-01,116.5,CES3231300001,313,Textile Mills
2015-08-01,116.1,CES3231300001,313,Textile Mills
2015-09-01,115.9,CES3231300001,313,Textile Mills
2015-10-01,116.0,CES3231300001,313,Textile Mills
2015-11-01,115.6,CES3231300001,313,Textile Mills
2015-12-01,115.5,CES3231300001,313,Textile Mills
2016-01-01,116.0,CES3231300001,313,Textile Mills
2016-02-01,115.0,CES3231300001,313,Textile Mills
2016-03-01,115.0,CES3231300001,313,Textile Mills
2016-04-01,114.8,CES3231300001,313,Textile Mills
2016-05-01,114.3,CES3231300001,313,Textile Mills
2016-06-01,114.5,CES3231300001,313,Textile Mills
2016-07-01,114.5,CES3231300001,313,Textile Mills
2016-08-01,114.0,CES3231300001,313,Textile Mills
2016-09-01,113.2,CES3231300001,313,Textile Mills
2016-10-01,113.4,CES3231300001,313,Textile Mills
2016-11-01,114.0,CES3231300001,313,Textile Mills
2016-12-01,114.1,CES3231300001,313,Textile Mills
2017-01-01,113.6,CES3231300001,313,Textile Mills
2017-02-01,113.3,CES3231300001,313,Textile Mills
2017-03-01,112.9,CES3231300001,313,Textile Mills
2017-04-01,111.9,CES3231300001,313,Textile Mills
2017-05-01,112.2,CES3231300001,313,Textile Mills
2017-06-01,111.8,CES3231300001,313,Textile Mills
2017-07-01,111.5,CES3231300001,313,Textile Mills
2017-08-01,112.0,CES3231300001,313,Textile Mills
2017-09-01,113.5,CES3231300001,313,Textile Mills
2017-10-01,113.0,CES3231300001,313,Textile Mills
2017-11-01,112.5,CES3231300001,313,Textile Mills
2017-12-01,112.4,CES3231300001,313,Textile Mills
2018-01-01,112.8,CES3231300001,313,Textile Mills
2018-02-01,112.5,CES3231300001,313,Textile Mills
2018-03-01,112.4,CES3231300001,313,Textile Mills
2018-04-01,112.2,CES3231300001,313,Textile Mills
2018-05-01,111.9,CES3231300001,313,Textile Mills
2018-06-01,111.7,CES3231300001,313,Textile Mills
2018-07-01,112.0,CES3231300001,313,Textile Mills
2018-08-01,112.0,CES3231300001,313,Textile Mills
2018-09-01,111.5,CES3231300001,313,Textile Mills
2018-10-01,110.2,CES3231300001,313,Textile Mills
2018-11-01,111.0,CES3231300001,313,Textile Mills
2018-12-01,110.7,CES3231300001,313,Textile Mills
2019-01-01,109.7,CES3231300001,313,Textile Mills
2019-02-01,109.7,CES3231300001,313,Textile Mills
2019-03-01,109.8,CES3231300001,313,Textile Mills
2019-04-01,110.2,CES3231300001,313,Textile Mills
2019-05-01,109.7,CES3231300001,313,Textile Mills
2019-06-01,108.9,CES3231300001,313,Textile Mills
2019-07-01,108.4,CES3231300001,313,Textile Mills
2019-08-01,107.8,CES3231300001,313,Textile Mills
2019-09-01,107.2,CES3231300001,313,Textile Mills
2019-10-01,106.7,CES3231300001,313,Textile Mills
2019-11-01,106.4,CES3231300001,313,Textile Mills
2019-12-01,105.7,CES3231300001,313,Textile Mills
2020-01-01,105.7,CES3231300001,313,Textile Mills
2020-02-01,106.2,CES3231300001,313,Textile Mills
2020-03-01,104.2,CES3231300001,313,Textile Mills
2020-04-01,85.3,CES3231300001,313,Textile Mills
2020-05-01,87.8,CES3231300001,313,Textile Mills
2020-06-01,93.3,CES3231300001,313,Textile Mills
2020-07-01,91.4,CES3231300001,313,Textile Mills
2020-08-01,93.1,CES3231300001,313,Textile Mills
2020-09-01,94.6,CES3231300001,313,Textile Mills
2020-10-01,95.2,CES3231300001,313,Textile Mills
2020-11-01,95.7,CES3231300001,313,Textile Mills
2020-12-01,96.1,CES3231300001,313,Textile Mills
2021-01-01,95.9,CES3231300001,313,Textile Mills
2021-02-01,95.6,CES3231300001,313,Textile Mills
2021-03-01,97.0,CES3231300001,313,Textile Mills
2021-04-01,96.5,CES3231300001,313,Textile Mills
2021-05-01,97.2,CES3231300001,313,Textile Mills
2021-06-01,97.8,CES3231300001,313,Textile Mills
2021-07-01,97.8,CES3231300001,313,Textile Mills
2021-08-01,98.4,CES3231300001,313,Textile Mills
2021-09-01,98.4,CES3231300001,313,Textile Mills
2021-10-01,99.0,CES3231300001,313,Textile Mills
2021-11-01,99.5,CES3231300001,313,Textile Mills
2021-12-01,99.7,CES3231300001,313,Textile Mills
2022-01-01,98.9,CES3231300001,313,Textile Mills
2022-02-01,99.1,CES3231300001,313,Textile Mills
2022-03-01,98.6,CES3231300001,313,Textile Mills
2022-04-01,99.3,CES3231300001,313,Textile Mills
2022-05-01,98.8,CES3231300001,313,Textile Mills
2022-06-01,98.6,CES3231300001,313,Textile Mills
2022-07-01,97.5,CES3231300001,313,Textile Mills
2022-08-01,97.0,CES3231300001,313,Textile Mills
2022-09-01,97.1,CES3231300001,313,Textile Mills
2022-10-01,95.3,CES3231300001,313,Textile Mills
2022-11-01,94.2,CES3231300001,313,Textile Mills
2022-12-01,93.7,CES3231300001,313,Textile Mills
2023-01-01,94.3,CES3231300001,313,Textile Mills
2023-02-01,92.3,CES3231300001,313,Textile Mills
2023-03-01,92.2,CES3231300001,313,Textile Mills
2023-04-01,92.2,CES3231300001,313,Textile Mills
2023-05-01,90.2,CES3231300001,313,Textile Mills
2023-06-01,89.7,CES3231300001,313,Textile Mills
2023-07-01,89.6,CES3231300001,313,Textile Mills
2023-08-01,89.0,CES3231300001,313,Textile Mills
2023-09-01,88.4,CES3231300001,313,Textile Mills
2023-10-01,88.2,CES3231300001,313,Textile Mills
2023-11-01,88.1,CES3231300001,313,Textile Mills
2023-12-01,87.1,CES3231300001,313,Textile Mills
2024-01-01,86.8,CES3231300001,313,Textile Mills
2024-02-01,87.4,CES3231300001,313,Textile Mills
2024-03-01,86.5,CES3231300001,313,Textile Mills
2024-04-01,86.2,CES3231300001,313,Textile Mills
2024-05-01,86.5,CES3231300001,313,Textile Mills
2024-06-01,85.8,CES3231300001,313,Textile Mills
2024-07-01,86.0,CES3231300001,313,Textile Mills
2024-08-01,85.1,CES3231300001,313,Textile Mills
2024-09-01,84.9,CES3231300001,313,Textile Mills
2024-10-01,84.5,CES3231300001,313,Textile Mills
2024-11-01,84.3,CES3231300001,313,Textile Mills
2024-12-01,83.8,CES3231300001,313,Textile Mills
2025-01-01,83.5,CES3231300001,313,Textile Mills
2025-02-01,82.7,CES3231300001,313,Textile Mills
2025-03-01,82.7,CES3231300001,313,Textile Mills
2025-04-01,82.2,CES3231300001,313,Textile Mills
2025-05-01,82.0,CES3231300001,313,Textile Mills
2025-06-01,82.0,CES3231300001,313,Textile Mills
2025-07-01,80.8,CES3231300001,313,Textile Mills
2025-08-01,81.3,CES3231300001,313,Textile Mills
2025-09-01,82.1,CES3231300001,313,Textile Mills
2025-10-01,81.6,CES3231300001,313,Textile Mills
2025-11-01,81.0,CES3231300001,313,Textile Mills
2025-12-01,80.9,CES3231300001,313,Textile Mills
2026-01-01,80.0,CES3231300001,313,Textile Mills
2026-02-01,79.8,CES3231300001,313,Textile Mills
2026-03-01,79.2,CES3231300001,313,Textile Mills
2015-01-01,115.6,CES3231400001,314,Textile Product Mills
2015-02-01,115.7,CES3231400001,314,Textile Product Mills
2015-03-01,115.6,CES3231400001,314,Textile Product Mills
2015-04-01,116.1,CES3231400001,314,Textile Product Mills
2015-05-01,116.1,CES3231400001,314,Textile Product Mills
2015-06-01,116.1,CES3231400001,314,Textile Product Mills
2015-07-01,116.2,CES3231400001,314,Textile Product Mills
2015-08-01,115.9,CES3231400001,314,Textile Product Mills
2015-09-01,116.2,CES3231400001,314,Textile Product Mills
2015-10-01,116.6,CES3231400001,314,Textile Product Mills
2015-11-01,116.4,CES3231400001,314,Textile Product Mills
2015-12-01,116.0,CES3231400001,314,Textile Product Mills
2016-01-01,116.8,CES3231400001,314,Textile Product Mills
2016-02-01,117.2,CES3231400001,314,Textile Product Mills
2016-03-01,116.3,CES3231400001,314,Textile Product Mills
2016-04-01,116.1,CES3231400001,314,Textile Product Mills
2016-05-01,116.6,CES3231400001,314,Textile Product Mills
2016-06-01,116.2,CES3231400001,314,Textile Product Mills
2016-07-01,115.1,CES3231400001,314,Textile Product Mills
2016-08-01,115.3,CES3231400001,314,Textile Product Mills
2016-09-01,116.9,CES3231400001,314,Textile Product Mills
2016-10-01,116.2,CES3231400001,314,Textile Product Mills
2016-11-01,115.8,CES3231400001,314,Textile Product Mills
2016-12-01,115.8,CES3231400001,314,Textile Product Mills
2017-01-01,115.8,CES3231400001,314,Textile Product Mills
2017-02-01,115.7,CES3231400001,314,Textile Product Mills
2017-03-01,116.1,CES3231400001,314,Textile Product Mills
2017-04-01,116.4,CES3231400001,314,Textile Product Mills
2017-05-01,116.1,CES3231400001,314,Textile Product Mills
2017-06-01,116.0,CES3231400001,314,Textile Product Mills
2017-07-01,116.3,CES3231400001,314,Textile Product Mills
2017-08-01,117.5,CES3231400001,314,Textile Product Mills
2017-09-01,116.2,CES3231400001,314,Textile Product Mills
2017-10-01,115.6,CES3231400001,314,Textile Product Mills
2017-11-01,115.8,CES3231400001,314,Textile Product Mills
2017-12-01,116.0,CES3231400001,314,Textile Product Mills
2018-01-01,116.7,CES3231400001,314,Textile Product Mills
2018-02-01,116.6,CES3231400001,314,Textile Product Mills
2018-03-01,117.1,CES3231400001,314,Textile Product Mills
2018-04-01,116.0,CES3231400001,314,Textile Product Mills
2018-05-01,115.7,CES3231400001,314,Textile Product Mills
2018-06-01,115.7,CES3231400001,314,Textile Product Mills
2018-07-01,115.4,CES3231400001,314,Textile Product Mills
2018-08-01,115.8,CES3231400001,314,Textile Product Mills
2018-09-01,116.0,CES3231400001,314,Textile Product Mills
2018-10-01,115.6,CES3231400001,314,Textile Product Mills
2018-11-01,115.2,CES3231400001,314,Textile Product Mills
2018-12-01,115.6,CES3231400001,314,Textile Product Mills
2019-01-01,114.7,CES3231400001,314,Textile Product Mills
2019-02-01,114.2,CES3231400001,314,Textile Product Mills
2019-03-01,113.7,CES3231400001,314,Textile Product Mills
2019-04-01,114.2,CES3231400001,314,Textile Product Mills
2019-05-01,114.0,CES3231400001,314,Textile Product Mills
2019-06-01,113.7,CES3231400001,314,Textile Product Mills
2019-07-01,113.7,CES3231400001,314,Textile Product Mills
2019-08-01,113.2,CES3231400001,314,Textile Product Mills
2019-09-01,112.2,CES3231400001,314,Textile Product Mills
2019-10-01,113.2,CES3231400001,314,Textile Product Mills
2019-11-01,113.2,CES3231400001,314,Textile Product Mills
2019-12-01,112.4,CES3231400001,314,Textile Product Mills
2020-01-01,113.1,CES3231400001,314,Textile Product Mills
2020-02-01,111.2,CES3231400001,314,Textile Product Mills
2020-03-01,109.2,CES3231400001,314,Textile Product Mills
2020-04-01,85.6,CES3231400001,314,Textile Product Mills
2020-05-01,98.9,CES3231400001,314,Textile Product Mills
2020-06-01,103.1,CES3231400001,314,Textile Product Mills
2020-07-01,100.1,CES3231400001,314,Textile Product Mills
2020-08-01,100.9,CES3231400001,314,Textile Product Mills
2020-09-01,102.8,CES3231400001,314,Textile Product Mills
2020-10-01,102.0,CES3231400001,314,Textile Product Mills
2020-11-01,102.0,CES3231400001,314,Textile Product Mills
2020-12-01,102.1,CES3231400001,314,Textile Product Mills
2021-01-01,101.9,CES3231400001,314,Textile Product Mills
2021-02-01,102.6,CES3231400001,314,Textile Product Mills
2021-03-01,102.5,CES3231400001,314,Textile Product Mills
2021-04-01,103.4,CES3231400001,314,Textile Product Mills
2021-05-01,103.0,CES3231400001,314,Textile Product Mills
2021-06-01,102.5,CES3231400001,314,Textile Product Mills
2021-07-01,102.5,CES3231400001,314,Textile Product Mills
2021-08-01,103.4,CES3231400001,314,Textile Product Mills
2021-09-01,103.3,CES3231400001,314,Textile Product Mills
2021-10-01,104.6,CES3231400001,314,Textile Product Mills
2021-11-01,104.7,CES3231400001,314,Textile Product Mills
2021-12-01,106.2,CES3231400001,314,Textile Product Mills
2022-01-01,105.5,CES3231400001,314,Textile Product Mills
2022-02-01,105.4,CES3231400001,314,Textile Product Mills
2022-03-01,105.9,CES3231400001,314,Textile Product Mills
2022-04-01,105.7,CES3231400001,314,Textile Product Mills
2022-05-01,105.0,CES3231400001,314,Textile Product Mills
2022-06-01,104.4,CES3231400001,314,Textile Product Mills
2022-07-01,104.0,CES3231400001,314,Textile Product Mills
2022-08-01,102.7,CES3231400001,314,Textile Product Mills
2022-09-01,102.3,CES3231400001,314,Textile Product Mills
2022-10-01,101.9,CES3231400001,314,Textile Product Mills
2022-11-01,102.3,CES3231400001,314,Textile Product Mills
2022-12-01,102.0,CES3231400001,314,Textile Product Mills
2023-01-01,102.8,CES3231400001,314,Textile Product Mills
2023-02-01,102.8,CES3231400001,314,Textile Product Mills
2023-03-01,101.2,CES3231400001,314,Textile Product Mills
2023-04-01,100.1,CES3231400001,314,Textile Product Mills
2023-05-01,100.0,CES3231400001,314,Textile Product Mills
2023-06-01,99.0,CES3231400001,314,Textile Product Mills
2023-07-01,98.9,CES3231400001,314,Textile Product Mills
2023-08-01,99.4,CES3231400001,314,Textile Product Mills
2023-09-01,99.4,CES3231400001,314,Textile Product Mills
2023-10-01,98.6,CES3231400001,314,Textile Product Mills
2023-11-01,98.4,CES3231400001,314,Textile Product Mills
2023-12-01,97.9,CES3231400001,314,Textile Product Mills
2024-01-01,98.7,CES3231400001,314,Textile Product Mills
2024-02-01,98.9,CES3231400001,314,Textile Product Mills
2024-03-01,98.0,CES3231400001,314,Textile Product Mills
2024-04-01,100.4,CES3231400001,314,Textile Product Mills
2024-05-01,100.2,CES3231400001,314,Textile Product Mills
2024-06-01,99.4,CES3231400001,314,Textile Product Mills
2024-07-01,98.4,CES3231400001,314,Textile Product Mills
2024-08-01,96.1,CES3231400001,314,Textile Product Mills
2024-09-01,96.7,CES3231400001,314,Textile Product Mills
2024-10-01,96.6,CES3231400001,314,Textile Product Mills
2024-11-01,96.0,CES3231400001,314,Textile Product Mills
2024-12-01,95.9,CES3231400001,314,Textile Product Mills
2025-01-01,94.8,CES3231400001,314,Textile Product Mills
2025-02-01,94.6,CES3231400001,314,Textile Product Mills
2025-03-01,94.0,CES3231400001,314,Textile Product Mills
2025-04-01,93.5,CES3231400001,314,Textile Product Mills
2025-05-01,93.7,CES3231400001,314,Textile Product Mills
2025-06-01,94.0,CES3231400001,314,Textile Product Mills
2025-07-01,90.6,CES3231400001,314,Textile Product Mills
2025-08-01,91.8,CES3231400001,314,Textile Product Mills
2025-09-01,92.5,CES3231400001,314,Textile Product Mills
2025-10-01,92.9,CES3231400001,314,Textile Product Mills
2025-11-01,93.4,CES3231400001,314,Textile Product Mills
2025-12-01,93.9,CES3231400001,314,Textile Product Mills
2026-01-01,94.2,CES3231400001,314,Textile Product Mills
2026-02-01,94.3,CES3231400001,314,Textile Product Mills
2026-03-01,94.2,CES3231400001,314,Textile Product Mills
2015-01-01,1580.3,CES3133600001,336,Transportation Equipment
2015-02-01,1588.9,CES3133600001,336,Transportation Equipment
2015-03-01,1592.6,CES3133600001,336,Transportation Equipment
2015-04-01,1593.8,CES3133600001,336,Transportation Equipment
2015-05-01,1602.8,CES3133600001,336,Transportation Equipment
2015-06-01,1601.1,CES3133600001,336,Transportation Equipment
2015-07-01,1609.3,CES3133600001,336,Transportation Equipment
2015-08-01,1611.9,CES3133600001,336,Transportation Equipment
2015-09-01,1619.7,CES3133600001,336,Transportation Equipment
2015-10-01,1620.6,CES3133600001,336,Transportation Equipment
2015-11-01,1617.5,CES3133600001,336,Transportation Equipment
2015-12-01,1617.5,CES3133600001,336,Transportation Equipment
2016-01-01,1620.6,CES3133600001,336,Transportation Equipment
2016-02-01,1623.5,CES3133600001,336,Transportation Equipment
2016-03-01,1620.9,CES3133600001,336,Transportation Equipment
2016-04-01,1632.7,CES3133600001,336,Transportation Equipment
2016-05-01,1626.4,CES3133600001,336,Transportation Equipment
2016-06-01,1626.1,CES3133600001,336,Transportation Equipment
2016-07-01,1647.4,CES3133600001,336,Transportation Equipment
2016-08-01,1634.2,CES3133600001,336,Transportation Equipment
2016-09-01,1631.3,CES3133600001,336,Transportation Equipment
2016-10-01,1632.3,CES3133600001,336,Transportation Equipment
2016-11-01,1632.1,CES3133600001,336,Transportation Equipment
2016-12-01,1633.2,CES3133600001,336,Transportation Equipment
2017-01-01,1637.5,CES3133600001,336,Transportation Equipment
2017-02-01,1629.0,CES3133600001,336,Transportation Equipment
2017-03-01,1632.5,CES3133600001,336,Transportation Equipment
2017-04-01,1633.6,CES3133600001,336,Transportation Equipment
2017-05-01,1638.4,CES3133600001,336,Transportation Equipment
2017-06-01,1639.8,CES3133600001,336,Transportation Equipment
2017-07-01,1625.7,CES3133600001,336,Transportation Equipment
2017-08-01,1648.8,CES3133600001,336,Transportation Equipment
2017-09-01,1653.6,CES3133600001,336,Transportation Equipment
2017-10-01,1652.9,CES3133600001,336,Transportation Equipment
2017-11-01,1660.0,CES3133600001,336,Transportation Equipment
2017-12-01,1666.1,CES3133600001,336,Transportation Equipment
2018-01-01,1672.7,CES3133600001,336,Transportation Equipment
2018-02-01,1678.3,CES3133600001,336,Transportation Equipment
2018-03-01,1687.6,CES3133600001,336,Transportation Equipment
2018-04-01,1692.3,CES3133600001,336,Transportation Equipment
2018-05-01,1688.9,CES3133600001,336,Transportation Equipment
2018-06-01,1700.3,CES3133600001,336,Transportation Equipment
2018-07-01,1705.6,CES3133600001,336,Transportation Equipment
2018-08-01,1707.4,CES3133600001,336,Transportation Equipment
2018-09-01,1713.4,CES3133600001,336,Transportation Equipment
2018-10-01,1723.0,CES3133600001,336,Transportation Equipment
2018-11-01,1727.0,CES3133600001,336,Transportation Equipment
2018-12-01,1729.7,CES3133600001,336,Transportation Equipment
2019-01-01,1737.7,CES3133600001,336,Transportation Equipment
2019-02-01,1738.0,CES3133600001,336,Transportation Equipment
2019-03-01,1736.6,CES3133600001,336,Transportation Equipment
2019-04-01,1733.7,CES3133600001,336,Transportation Equipment
2019-05-01,1736.5,CES3133600001,336,Transportation Equipment
2019-06-01,1735.3,CES3133600001,336,Transportation Equipment
2019-07-01,1733.8,CES3133600001,336,Transportation Equipment
2019-08-01,1727.7,CES3133600001,336,Transportation Equipment
2019-09-01,1729.2,CES3133600001,336,Transportation Equipment
2019-10-01,1684.4,CES3133600001,336,Transportation Equipment
2019-11-01,1726.6,CES3133600001,336,Transportation Equipment
2019-12-01,1729.1,CES3133600001,336,Transportation Equipment
2020-01-01,1725.0,CES3133600001,336,Transportation Equipment
2020-02-01,1728.8,CES3133600001,336,Transportation Equipment
2020-03-01,1724.6,CES3133600001,336,Transportation Equipment
2020-04-01,1331.6,CES3133600001,336,Transportation Equipment
2020-05-01,1380.0,CES3133600001,336,Transportation Equipment
2020-06-01,1564.3,CES3133600001,336,Transportation Equipment
2020-07-01,1604.5,CES3133600001,336,Transportation Equipment
2020-08-01,1592.3,CES3133600001,336,Transportation Equipment
2020-09-01,1604.5,CES3133600001,336,Transportation Equipment
2020-10-01,1599.0,CES3133600001,336,Transportation Equipment
2020-11-01,1616.0,CES3133600001,336,Transportation Equipment
2020-12-01,1618.1,CES3133600001,336,Transportation Equipment
2021-01-01,1626.3,CES3133600001,336,Transportation Equipment
2021-02-01,1639.9,CES3133600001,336,Transportation Equipment
2021-03-01,1648.3,CES3133600001,336,Transportation Equipment
2021-04-01,1598.0,CES3133600001,336,Transportation Equipment
2021-05-01,1613.6,CES3133600001,336,Transportation Equipment
2021-06-01,1619.3,CES3133600001,336,Transportation Equipment
2021-07-01,1639.8,CES3133600001,336,Transportation Equipment
2021-08-01,1656.9,CES3133600001,336,Transportation Equipment
2021-09-01,1656.3,CES3133600001,336,Transportation Equipment
2021-10-01,1683.5,CES3133600001,336,Transportation Equipment
2021-11-01,1679.7,CES3133600001,336,Transportation Equipment
2021-12-01,1682.1,CES3133600001,336,Transportation Equipment
2022-01-01,1690.0,CES3133600001,336,Transportation Equipment
2022-02-01,1667.1,CES3133600001,336,Transportation Equipment
2022-03-01,1698.5,CES3133600001,336,Transportation Equipment
2022-04-01,1712.8,CES3133600001,336,Transportation Equipment
2022-05-01,1699.6,CES3133600001,336,Transportation Equipment
2022-06-01,1704.0,CES3133600001,336,Transportation Equipment
2022-07-01,1711.6,CES3133600001,336,Transportation Equipment
2022-08-01,1733.1,CES3133600001,336,Transportation Equipment
2022-09-01,1735.3,CES3133600001,336,Transportation Equipment
2022-10-01,1747.5,CES3133600001,336,Transportation Equipment
2022-11-01,1751.2,CES3133600001,336,Transportation Equipment
2022-12-01,1760.8,CES3133600001,336,Transportation Equipment
2023-01-01,1760.9,CES3133600001,336,Transportation Equipment
2023-02-01,1764.2,CES3133600001,336,Transportation Equipment
2023-03-01,1768.0,CES3133600001,336,Transportation Equipment
2023-04-01,1773.1,CES3133600001,336,Transportation Equipment
2023-05-01,1774.7,CES3133600001,336,Transportation Equipment
2023-06-01,1778.7,CES3133600001,336,Transportation Equipment
2023-07-01,1779.9,CES3133600001,336,Transportation Equipment
2023-08-01,1780.2,CES3133600001,336,Transportation Equipment
2023-09-01,1787.7,CES3133600001,336,Transportation Equipment
2023-10-01,1761.0,CES3133600001,336,Transportation Equipment
2023-11-01,1793.2,CES3133600001,336,Transportation Equipment
2023-12-01,1798.7,CES3133600001,336,Transportation Equipment
2024-01-01,1803.9,CES3133600001,336,Transportation Equipment
2024-02-01,1792.4,CES3133600001,336,Transportation Equipment
2024-03-01,1798.6,CES3133600001,336,Transportation Equipment
2024-04-01,1800.2,CES3133600001,336,Transportation Equipment
2024-05-01,1800.7,CES3133600001,336,Transportation Equipment
2024-06-01,1802.3,CES3133600001,336,Transportation Equipment
2024-07-01,1805.3,CES3133600001,336,Transportation Equipment
2024-08-01,1787.6,CES3133600001,336,Transportation Equipment
2024-09-01,1783.7,CES3133600001,336,Transportation Equipment
2024-10-01,1738.6,CES3133600001,336,Transportation Equipment
2024-11-01,1772.3,CES3133600001,336,Transportation Equipment
2024-12-01,1765.7,CES3133600001,336,Transportation Equipment
2025-01-01,1752.7,CES3133600001,336,Transportation Equipment
2025-02-01,1754.7,CES3133600001,336,Transportation Equipment
2025-03-01,1750.1,CES3133600001,336,Transportation Equipment
2025-04-01,1747.3,CES3133600001,336,Transportation Equipment
2025-05-01,1747.0,CES3133600001,336,Transportation Equipment
2025-06-01,1745.1,CES3133600001,336,Transportation Equipment
2025-07-01,1751.4,CES3133600001,336,Transportation Equipment
2025-08-01,1740.0,CES3133600001,336,Transportation Equipment
2025-09-01,1735.4,CES3133600001,336,Transportation Equipment
2025-10-01,1731.0,CES3133600001,336,Transportation Equipment
2025-11-01,1735.1,CES3133600001,336,Transportation Equipment
2025-12-01,1733.0,CES3133600001,336,Transportation Equipment
2026-01-01,1739.2,CES3133600001,336,Transportation Equipment
2026-02-01,1738.7,CES3133600001,336,Transportation Equipment
2026-03-01,1745.2,CES3133600001,336,Transportation Equipment
2015-01-01,377.8,CES3132100001,321,Wood
2015-02-01,377.3,CES3132100001,321,Wood
2015-03-01,377.7,CES3132100001,321,Wood
2015-04-01,377.8,CES3132100001,321,Wood
2015-05-01,378.8,CES3132100001,321,Wood
2015-06-01,379.4,CES3132100001,321,Wood
2015-07-01,381.1,CES3132100001,321,Wood
2015-08-01,383.4,CES3132100001,321,Wood
2015-09-01,386.6,CES3132100001,321,Wood
2015-10-01,388.0,CES3132100001,321,Wood
2015-11-01,390.1,CES3132100001,321,Wood
2015-12-01,391.5,CES3132100001,321,Wood
2016-01-01,390.3,CES3132100001,321,Wood
2016-02-01,390.1,CES3132100001,321,Wood
2016-03-01,390.1,CES3132100001,321,Wood
2016-04-01,390.5,CES3132100001,321,Wood
2016-05-01,391.5,CES3132100001,321,Wood
2016-06-01,393.2,CES3132100001,321,Wood
2016-07-01,393.3,CES3132100001,321,Wood
2016-08-01,393.0,CES3132100001,321,Wood
2016-09-01,393.3,CES3132100001,321,Wood
2016-10-01,393.9,CES3132100001,321,Wood
2016-11-01,395.0,CES3132100001,321,Wood
2016-12-01,396.9,CES3132100001,321,Wood
2017-01-01,399.4,CES3132100001,321,Wood
2017-02-01,397.0,CES3132100001,321,Wood
2017-03-01,396.7,CES3132100001,321,Wood
2017-04-01,397.3,CES3132100001,321,Wood
2017-05-01,396.8,CES3132100001,321,Wood
2017-06-01,396.4,CES3132100001,321,Wood
2017-07-01,397.1,CES3132100001,321,Wood
2017-08-01,397.8,CES3132100001,321,Wood
2017-09-01,396.3,CES3132100001,321,Wood
2017-10-01,397.9,CES3132100001,321,Wood
2017-11-01,396.5,CES3132100001,321,Wood
2017-12-01,398.3,CES3132100001,321,Wood
2018-01-01,400.0,CES3132100001,321,Wood
2018-02-01,402.8,CES3132100001,321,Wood
2018-03-01,405.4,CES3132100001,321,Wood
2018-04-01,404.6,CES3132100001,321,Wood
2018-05-01,406.7,CES3132100001,321,Wood
2018-06-01,407.6,CES3132100001,321,Wood
2018-07-01,407.3,CES3132100001,321,Wood
2018-08-01,407.7,CES3132100001,321,Wood
2018-09-01,408.6,CES3132100001,321,Wood
2018-10-01,408.2,CES3132100001,321,Wood
2018-11-01,408.3,CES3132100001,321,Wood
2018-12-01,404.9,CES3132100001,321,Wood
2019-01-01,406.4,CES3132100001,321,Wood
2019-02-01,407.2,CES3132100001,321,Wood
2019-03-01,406.4,CES3132100001,321,Wood
2019-04-01,408.3,CES3132100001,321,Wood
2019-05-01,407.4,CES3132100001,321,Wood
2019-06-01,408.3,CES3132100001,321,Wood
2019-07-01,409.4,CES3132100001,321,Wood
2019-08-01,409.6,CES3132100001,321,Wood
2019-09-01,411.3,CES3132100001,321,Wood
2019-10-01,411.3,CES3132100001,321,Wood
2019-11-01,411.1,CES3132100001,321,Wood
2019-12-01,410.3,CES3132100001,321,Wood
2020-01-01,409.9,CES3132100001,321,Wood
2020-02-01,409.1,CES3132100001,321,Wood
2020-03-01,407.1,CES3132100001,321,Wood
2020-04-01,375.0,CES3132100001,321,Wood
2020-05-01,384.1,CES3132100001,321,Wood
2020-06-01,389.2,CES3132100001,321,Wood
2020-07-01,389.4,CES3132100001,321,Wood
2020-08-01,391.2,CES3132100001,321,Wood
2020-09-01,394.4,CES3132100001,321,Wood
2020-10-01,398.1,CES3132100001,321,Wood
2020-11-01,400.6,CES3132100001,321,Wood
2020-12-01,404.3,CES3132100001,321,Wood
2021-01-01,404.9,CES3132100001,321,Wood
2021-02-01,404.3,CES3132100001,321,Wood
2021-03-01,406.6,CES3132100001,321,Wood
2021-04-01,406.3,CES3132100001,321,Wood
2021-05-01,401.4,CES3132100001,321,Wood
2021-06-01,405.7,CES3132100001,321,Wood
2021-07-01,409.7,CES3132100001,321,Wood
2021-08-01,411.9,CES3132100001,321,Wood
2021-09-01,414.3,CES3132100001,321,Wood
2021-10-01,416.2,CES3132100001,321,Wood
2021-11-01,418.7,CES3132100001,321,Wood
2021-12-01,419.2,CES3132100001,321,Wood
2022-01-01,423.1,CES3132100001,321,Wood
2022-02-01,425.8,CES3132100001,321,Wood
2022-03-01,428.3,CES3132100001,321,Wood
2022-04-01,431.2,CES3132100001,321,Wood
2022-05-01,429.3,CES3132100001,321,Wood
2022-06-01,428.5,CES3132100001,321,Wood
2022-07-01,428.8,CES3132100001,321,Wood
2022-08-01,427.4,CES3132100001,321,Wood
2022-09-01,428.1,CES3132100001,321,Wood
2022-10-01,426.2,CES3132100001,321,Wood
2022-11-01,425.9,CES3132100001,321,Wood
2022-12-01,426.3,CES3132100001,321,Wood
2023-01-01,425.3,CES3132100001,321,Wood
2023-02-01,422.1,CES3132100001,321,Wood
2023-03-01,420.8,CES3132100001,321,Wood
2023-04-01,418.8,CES3132100001,321,Wood
2023-05-01,418.0,CES3132100001,321,Wood
2023-06-01,416.7,CES3132100001,321,Wood
2023-07-01,414.8,CES3132100001,321,Wood
2023-08-01,418.1,CES3132100001,321,Wood
2023-09-01,418.1,CES3132100001,321,Wood
2023-10-01,418.2,CES3132100001,321,Wood
2023-11-01,417.6,CES3132100001,321,Wood
2023-12-01,417.2,CES3132100001,321,Wood
2024-01-01,416.9,CES3132100001,321,Wood
2024-02-01,417.5,CES3132100001,321,Wood
2024-03-01,417.1,CES3132100001,321,Wood
2024-04-01,416.9,CES3132100001,321,Wood
2024-05-01,416.8,CES3132100001,321,Wood
2024-06-01,417.6,CES3132100001,321,Wood
2024-07-01,416.3,CES3132100001,321,Wood
2024-08-01,414.4,CES3132100001,321,Wood
2024-09-01,412.9,CES3132100001,321,Wood
2024-10-01,411.4,CES3132100001,321,Wood
2024-11-01,410.6,CES3132100001,321,Wood
2024-12-01,409.4,CES3132100001,321,Wood
2025-01-01,409.1,CES3132100001,321,Wood
2025-02-01,409.0,CES3132100001,321,Wood
2025-03-01,407.1,CES3132100001,321,Wood
2025-04-01,407.7,CES3132100001,321,Wood
2025-05-01,407.9,CES3132100001,321,Wood
2025-06-01,405.0,CES3132100001,321,Wood
2025-07-01,403.9,CES3132100001,321,Wood
2025-08-01,403.5,CES3132100001,321,Wood
2025-09-01,401.4,CES3132100001,321,Wood
2025-10-01,399.8,CES3132100001,321,Wood
2025-11-01,397.5,CES3132100001,321,Wood
2025-12-01,395.2,CES3132100001,321,Wood
2026-01-01,394.0,CES3132100001,321,Wood
2026-02-01,392.3,CES3132100001,321,Wood
2026-03-01,393.6,CES3132100001,321,Wood
