date,emp_thous,series_id,naics3,industry_name,industry,baseline_tariff,post_avg_tariff,tariff_shock,china_share_jan25,post,log_emp,treat_intensity,iv_china_post,months_to_treat
2015-01-01,139.2,CES3231500001,315,Apparel,Apparel,0.1527660167059695,0.2545905719702654,0.1018245552642959,0.2290851294359888,0,11.843667026882457,0.0,0.0,-121
2015-02-01,137.6,CES3231500001,315,Apparel,Apparel,0.1527660167059695,0.2545905719702654,0.1018245552642959,0.2290851294359888,0,11.83210620448138,0.0,0.0,-120
2015-03-01,137.2,CES3231500001,315,Apparel,Apparel,0.1527660167059695,0.2545905719702654,0.1018245552642959,0.2290851294359888,0,11.829194994273921,0.0,0.0,-119
2015-04-01,135.6,CES3231500001,315,Apparel,Apparel,0.1527660167059695,0.2545905719702654,0.1018245552642959,0.2290851294359888,0,11.817464654488433,0.0,0.0,-118
2015-05-01,135.9,CES3231500001,315,Apparel,Apparel,0.1527660167059695,0.2545905719702654,0.1018245552642959,0.2290851294359888,0,11.819674600139235,0.0,0.0,-117
2015-06-01,136.1,CES3231500001,315,Apparel,Apparel,0.1527660167059695,0.2545905719702654,0.1018245552642959,0.2290851294359888,0,11.821145188639557,0.0,0.0,-116
2015-07-01,136.3,CES3231500001,315,Apparel,Apparel,0.1527660167059695,0.2545905719702654,0.1018245552642959,0.2290851294359888,0,11.822613617684624,0.0,0.0,-115
2015-08-01,136.3,CES3231500001,315,Apparel,Apparel,0.1527660167059695,0.2545905719702654,0.1018245552642959,0.2290851294359888,0,11.822613617684624,0.0,0.0,-114
2015-09-01,136.0,CES3231500001,315,Apparel,Apparel,0.1527660167059695,0.2545905719702654,0.1018245552642959,0.2290851294359888,0,11.820410164718188,0.0,0.0,-113
2015-10-01,135.6,CES3231500001,315,Apparel,Apparel,0.1527660167059695,0.2545905719702654,0.1018245552642959,0.2290851294359888,0,11.817464654488433,0.0,0.0,-112
2015-11-01,135.3,CES3231500001,315,Apparel,Apparel,0.1527660167059695,0.2545905719702654,0.1018245552642959,0.2290851294359888,0,11.815249814158879,0.0,0.0,-111
2015-12-01,135.4,CES3231500001,315,Apparel,Apparel,0.1527660167059695,0.2545905719702654,0.1018245552642959,0.2290851294359888,0,11.815988639460311,0.0,0.0,-110
2016-01-01,134.2,CES3231500001,315,Apparel,Apparel,0.1527660167059695,0.2545905719702654,0.1018245552642959,0.2290851294359888,0,11.807086503519718,0.0,0.0,-109
2016-02-01,133.4,CES3231500001,315,Apparel,Apparel,0.1527660167059695,0.2545905719702654,0.1018245552642959,0.2290851294359888,0,11.80110741246366,0.0,0.0,-108
2016-03-01,132.6,CES3231500001,315,Apparel,Apparel,0.1527660167059695,0.2545905719702654,0.1018245552642959,0.2290851294359888,0,11.7950923567339,0.0,0.0,-107
2016-04-01,131.9,CES3231500001,315,Apparel,Apparel,0.1527660167059695,0.2545905719702654,0.1018245552642959,0.2290851294359888,0,11.789799338705405,0.0,0.0,-106
2016-05-01,131.1,CES3231500001,315,Apparel,Apparel,0.1527660167059695,0.2545905719702654,0.1018245552642959,0.2290851294359888,0,11.78371566975179,0.0,0.0,-105
2016-06-01,130.9,CES3231500001,315,Apparel,Apparel,0.1527660167059695,0.2545905719702654,0.1018245552642959,0.2290851294359888,0,11.782188951897991,0.0,0.0,-104
2016-07-01,129.6,CES3231500001,315,Apparel,Apparel,0.1527660167059695,0.2545905719702654,0.1018245552642959,0.2290851294359888,0,11.772208062900312,0.0,0.0,-103
2016-08-01,129.5,CES3231500001,315,Apparel,Apparel,0.1527660167059695,0.2545905719702654,0.1018245552642959,0.2290851294359888,0,11.771436160121729,0.0,0.0,-102
2016-09-01,130.4,CES3231500001,315,Apparel,Apparel,0.1527660167059695,0.2545905719702654,0.1018245552642959,0.2290851294359888,0,11.77836192847469,0.0,0.0,-101
2016-10-01,129.0,CES3231500001,315,Apparel,Apparel,0.1527660167059695,0.2545905719702654,0.1018245552642959,0.2290851294359888,0,11.76756768334381,0.0,0.0,-100
2016-11-01,128.8,CES3231500001,315,Apparel,Apparel,0.1527660167059695,0.2545905719702654,0.1018245552642959,0.2290851294359888,0,11.766016092652391,0.0,0.0,-99
2016-12-01,127.9,CES3231500001,315,Apparel,Apparel,0.1527660167059695,0.2545905719702654,0.1018245552642959,0.2290851294359888,0,11.759003987566935,0.0,0.0,-98
2017-01-01,125.6,CES3231500001,315,Apparel,Apparel,0.1527660167059695,0.2545905719702654,0.1018245552642959,0.2290851294359888,0,11.740857533016236,0.0,0.0,-97
2017-02-01,124.6,CES3231500001,315,Apparel,Apparel,0.1527660167059695,0.2545905719702654,0.1018245552642959,0.2290851294359888,0,11.73286388533549,0.0,0.0,-96
2017-03-01,122.8,CES3231500001,315,Apparel,Apparel,0.1527660167059695,0.2545905719702654,0.1018245552642959,0.2290851294359888,0,11.71831229469518,0.0,0.0,-95
2017-04-01,121.2,CES3231500001,315,Apparel,Apparel,0.1527660167059695,0.2545905719702654,0.1018245552642959,0.2290851294359888,0,11.70519735261735,0.0,0.0,-94
2017-05-01,120.4,CES3231500001,315,Apparel,Apparel,0.1527660167059695,0.2545905719702654,0.1018245552642959,0.2290851294359888,0,11.698574811856858,0.0,0.0,-93
2017-06-01,119.6,CES3231500001,315,Apparel,Apparel,0.1527660167059695,0.2545905719702654,0.1018245552642959,0.2290851294359888,0,11.691908120498669,0.0,0.0,-92
2017-07-01,118.7,CES3231500001,315,Apparel,Apparel,0.1527660167059695,0.2545905719702654,0.1018245552642959,0.2290851294359888,0,11.684354580597759,0.0,0.0,-91
2017-08-01,117.2,CES3231500001,315,Apparel,Apparel,0.1527660167059695,0.2545905719702654,0.1018245552642959,0.2290851294359888,0,11.67163715612505,0.0,0.0,-90
2017-09-01,115.0,CES3231500001,315,Apparel,Apparel,0.1527660167059695,0.2545905719702654,0.1018245552642959,0.2290851294359888,0,11.652687407345388,0.0,0.0,-89
2017-10-01,115.7,CES3231500001,315,Apparel,Apparel,0.1527660167059695,0.2545905719702654,0.1018245552642959,0.2290851294359888,0,11.658755913181768,0.0,0.0,-88
2017-11-01,115.3,CES3231500001,315,Apparel,Apparel,0.1527660167059695,0.2545905719702654,0.1018245552642959,0.2290851294359888,0,11.65529270625715,0.0,0.0,-87
2017-12-01,115.3,CES3231500001,315,Apparel,Apparel,0.1527660167059695,0.2545905719702654,0.1018245552642959,0.2290851294359888,0,11.65529270625715,0.0,0.0,-86
2018-01-01,115.4,CES3231500001,315,Apparel,Apparel,0.1527660167059695,0.2545905719702654,0.1018245552642959,0.2290851294359888,0,11.656159633056136,0.0,0.0,-85
2018-02-01,114.5,CES3231500001,315,Apparel,Apparel,0.1527660167059695,0.2545905719702654,0.1018245552642959,0.2290851294359888,0,11.648330101976432,0.0,0.0,-84
2018-03-01,115.6,CES3231500001,315,Apparel,Apparel,0.1527660167059695,0.2545905719702654,0.1018245552642959,0.2290851294359888,0,11.657891235220415,0.0,0.0,-83
2018-04-01,116.6,CES3231500001,315,Apparel,Apparel,0.1527660167059695,0.2545905719702654,0.1018245552642959,0.2290851294359888,0,11.666504552898529,0.0,0.0,-82
2018-05-01,115.5,CES3231500001,315,Apparel,Apparel,0.1527660167059695,0.2545905719702654,0.1018245552642959,0.2290851294359888,0,11.657025808943985,0.0,0.0,-81
2018-06-01,114.0,CES3231500001,315,Apparel,Apparel,0.1527660167059695,0.2545905719702654,0.1018245552642959,0.2290851294359888,0,11.643953727376633,0.0,0.0,-80
2018-07-01,113.7,CES3231500001,315,Apparel,Apparel,0.1527660167059695,0.2545905719702654,0.1018245552642959,0.2290851294359888,0,11.641318679738628,0.0,0.0,-79
2018-08-01,112.9,CES3231500001,315,Apparel,Apparel,0.1527660167059695,0.2545905719702654,0.1018245552642959,0.2290851294359888,0,11.634257750137753,0.0,0.0,-78
2018-09-01,112.1,CES3231500001,315,Apparel,Apparel,0.1527660167059695,0.2545905719702654,0.1018245552642959,0.2290851294359888,0,11.62714660906025,0.0,0.0,-77
2018-10-01,112.3,CES3231500001,315,Apparel,Apparel,0.1527660167059695,0.2545905719702654,0.1018245552642959,0.2290851294359888,0,11.628929140726534,0.0,0.0,-76
2018-11-01,111.9,CES3231500001,315,Apparel,Apparel,0.1527660167059695,0.2545905719702654,0.1018245552642959,0.2290851294359888,0,11.625360894300016,0.0,0.0,-75
2018-12-01,111.8,CES3231500001,315,Apparel,Apparel,0.1527660167059695,0.2545905719702654,0.1018245552642959,0.2290851294359888,0,11.624466839703135,0.0,0.0,-74
2019-01-01,113.1,CES3231500001,315,Apparel,Apparel,0.1527660167059695,0.2545905719702654,0.1018245552642959,0.2290851294359888,0,11.636027662104212,0.0,0.0,-73
2019-02-01,111.0,CES3231500001,315,Apparel,Apparel,0.1527660167059695,0.2545905719702654,0.1018245552642959,0.2290851294359888,0,11.617285480294472,0.0,0.0,-72
2019-03-01,111.9,CES3231500001,315,Apparel,Apparel,0.1527660167059695,0.2545905719702654,0.1018245552642959,0.2290851294359888,0,11.625360894300016,0.0,0.0,-71
2019-04-01,111.3,CES3231500001,315,Apparel,Apparel,0.1527660167059695,0.2545905719702654,0.1018245552642959,0.2290851294359888,0,11.619984537263637,0.0,0.0,-70
2019-05-01,111.7,CES3231500001,315,Apparel,Apparel,0.1527660167059695,0.2545905719702654,0.1018245552642959,0.2290851294359888,0,11.623571985057293,0.0,0.0,-69
2019-06-01,111.5,CES3231500001,315,Apparel,Apparel,0.1527660167059695,0.2545905719702654,0.1018245552642959,0.2290851294359888,0,11.62177986988231,0.0,0.0,-68
2019-07-01,110.8,CES3231500001,315,Apparel,Apparel,0.1527660167059695,0.2545905719702654,0.1018245552642959,0.2290851294359888,0,11.61548205329532,0.0,0.0,-67
2019-08-01,110.8,CES3231500001,315,Apparel,Apparel,0.1527660167059695,0.2545905719702654,0.1018245552642959,0.2290851294359888,0,11.61548205329532,0.0,0.0,-66
2019-09-01,109.4,CES3231500001,315,Apparel,Apparel,0.1527660167059695,0.2545905719702654,0.1018245552642959,0.2290851294359888,0,11.602766168970017,0.0,0.0,-65
2019-10-01,108.5,CES3231500001,315,Apparel,Apparel,0.1527660167059695,0.2545905719702654,0.1018245552642959,0.2290851294359888,0,11.594505451962652,0.0,0.0,-64
2019-11-01,106.5,CES3231500001,315,Apparel,Apparel,0.1527660167059695,0.2545905719702654,0.1018245552642959,0.2290851294359888,0,11.575900264131617,0.0,0.0,-63
2019-12-01,105.9,CES3231500001,315,Apparel,Apparel,0.1527660167059695,0.2545905719702654,0.1018245552642959,0.2290851294359888,0,11.570250531589497,0.0,0.0,-62
2020-01-01,105.2,CES3231500001,315,Apparel,Apparel,0.1527660167059695,0.2545905719702654,0.1018245552642959,0.2290851294359888,0,11.563618579285746,0.0,0.0,-61
2020-02-01,104.6,CES3231500001,315,Apparel,Apparel,0.1527660167059695,0.2545905719702654,0.1018245552642959,0.2290851294359888,0,11.55789883061296,0.0,0.0,-60
2020-03-01,103.5,CES3231500001,315,Apparel,Apparel,0.1527660167059695,0.2545905719702654,0.1018245552642959,0.2290851294359888,0,11.547326891687561,0.0,0.0,-59
2020-04-01,71.1,CES3231500001,315,Apparel,Apparel,0.1527660167059695,0.2545905719702654,0.1018245552642959,0.2290851294359888,0,11.171842615791332,0.0,0.0,-58
2020-05-01,80.3,CES3231500001,315,Apparel,Apparel,0.1527660167059695,0.2545905719702654,0.1018245552642959,0.2290851294359888,0,11.293524899934853,0.0,0.0,-57
2020-06-01,86.5,CES3231500001,315,Apparel,Apparel,0.1527660167059695,0.2545905719702654,0.1018245552642959,0.2290851294359888,0,11.36789969291997,0.0,0.0,-56
2020-07-01,84.7,CES3231500001,315,Apparel,Apparel,0.1527660167059695,0.2545905719702654,0.1018245552642959,0.2290851294359888,0,11.346870880640147,0.0,0.0,-55
2020-08-01,87.8,CES3231500001,315,Apparel,Apparel,0.1527660167059695,0.2545905719702654,0.1018245552642959,0.2290851294359888,0,11.382816779623209,0.0,0.0,-54
2020-09-01,89.3,CES3231500001,315,Apparel,Apparel,0.1527660167059695,0.2545905719702654,0.1018245552642959,0.2290851294359888,0,11.39975676686459,0.0,0.0,-53
2020-10-01,90.4,CES3231500001,315,Apparel,Apparel,0.1527660167059695,0.2545905719702654,0.1018245552642959,0.2290851294359888,0,11.411999546380267,0.0,0.0,-52
2020-11-01,87.4,CES3231500001,315,Apparel,Apparel,0.1527660167059695,0.2545905719702654,0.1018245552642959,0.2290851294359888,0,11.378250561643627,0.0,0.0,-51
2020-12-01,91.9,CES3231500001,315,Apparel,Apparel,0.1527660167059695,0.2545905719702654,0.1018245552642959,0.2290851294359888,0,11.428456308343778,0.0,0.0,-50
2021-01-01,90.2,CES3231500001,315,Apparel,Apparel,0.1527660167059695,0.2545905719702654,0.1018245552642959,0.2290851294359888,0,11.409784706050715,0.0,0.0,-49
2021-02-01,91.2,CES3231500001,315,Apparel,Apparel,0.1527660167059695,0.2545905719702654,0.1018245552642959,0.2290851294359888,0,11.420810176062423,0.0,0.0,-48
2021-03-01,90.8,CES3231500001,315,Apparel,Apparel,0.1527660167059695,0.2545905719702654,0.1018245552642959,0.2290851294359888,0,11.416414564589385,0.0,0.0,-47
2021-04-01,91.3,CES3231500001,315,Apparel,Apparel,0.1527660167059695,0.2545905719702654,0.1018245552642959,0.2290851294359888,0,11.421906066583059,0.0,0.0,-46
2021-05-01,91.3,CES3231500001,315,Apparel,Apparel,0.1527660167059695,0.2545905719702654,0.1018245552642959,0.2290851294359888,0,11.421906066583059,0.0,0.0,-45
2021-06-01,91.3,CES3231500001,315,Apparel,Apparel,0.1527660167059695,0.2545905719702654,0.1018245552642959,0.2290851294359888,0,11.421906066583059,0.0,0.0,-44
2021-07-01,91.4,CES3231500001,315,Apparel,Apparel,0.1527660167059695,0.2545905719702654,0.1018245552642959,0.2290851294359888,0,11.42300075744224,0.0,0.0,-43
2021-08-01,91.1,CES3231500001,315,Apparel,Apparel,0.1527660167059695,0.2545905719702654,0.1018245552642959,0.2290851294359888,0,11.41971308324805,0.0,0.0,-42
2021-09-01,91.7,CES3231500001,315,Apparel,Apparel,0.1527660167059695,0.2545905719702654,0.1018245552642959,0.2290851294359888,0,11.426277658244556,0.0,0.0,-41
2021-10-01,91.5,CES3231500001,315,Apparel,Apparel,0.1527660167059695,0.2545905719702654,0.1018245552642959,0.2290851294359888,0,11.424094251263613,0.0,0.0,-40
2021-11-01,91.7,CES3231500001,315,Apparel,Apparel,0.1527660167059695,0.2545905719702654,0.1018245552642959,0.2290851294359888,0,11.426277658244556,0.0,0.0,-39
2021-12-01,91.4,CES3231500001,315,Apparel,Apparel,0.1527660167059695,0.2545905719702654,0.1018245552642959,0.2290851294359888,0,11.42300075744224,0.0,0.0,-38
2022-01-01,91.4,CES3231500001,315,Apparel,Apparel,0.1527660167059695,0.2545905719702654,0.1018245552642959,0.2290851294359888,0,11.42300075744224,0.0,0.0,-37
2022-02-01,93.7,CES3231500001,315,Apparel,Apparel,0.1527660167059695,0.2545905719702654,0.1018245552642959,0.2290851294359888,0,11.447853468226514,0.0,0.0,-36
2022-03-01,93.8,CES3231500001,315,Apparel,Apparel,0.1527660167059695,0.2545905719702654,0.1018245552642959,0.2290851294359888,0,11.448920134994315,0.0,0.0,-35
2022-04-01,92.7,CES3231500001,315,Apparel,Apparel,0.1527660167059695,0.2545905719702654,0.1018245552642959,0.2290851294359888,0,11.437123751553946,0.0,0.0,-34
2022-05-01,93.1,CES3231500001,315,Apparel,Apparel,0.1527660167059695,0.2545905719702654,0.1018245552642959,0.2290851294359888,0,11.441429463265159,0.0,0.0,-33
2022-06-01,93.4,CES3231500001,315,Apparel,Apparel,0.1527660167059695,0.2545905719702654,0.1018245552642959,0.2290851294359888,0,11.444646624216935,0.0,0.0,-32
2022-07-01,93.3,CES3231500001,315,Apparel,Apparel,0.1527660167059695,0.2545905719702654,0.1018245552642959,0.2290851294359888,0,11.443575386835436,0.0,0.0,-31
2022-08-01,92.3,CES3231500001,315,Apparel,Apparel,0.1527660167059695,0.2545905719702654,0.1018245552642959,0.2290851294359888,0,11.432799420490943,0.0,0.0,-30
2022-09-01,91.4,CES3231500001,315,Apparel,Apparel,0.1527660167059695,0.2545905719702654,0.1018245552642959,0.2290851294359888,0,11.42300075744224,0.0,0.0,-29
2022-10-01,92.0,CES3231500001,315,Apparel,Apparel,0.1527660167059695,0.2545905719702654,0.1018245552642959,0.2290851294359888,0,11.429543856031177,0.0,0.0,-28
2022-11-01,91.4,CES3231500001,315,Apparel,Apparel,0.1527660167059695,0.2545905719702654,0.1018245552642959,0.2290851294359888,0,11.42300075744224,0.0,0.0,-27
2022-12-01,88.5,CES3231500001,315,Apparel,Apparel,0.1527660167059695,0.2545905719702654,0.1018245552642959,0.2290851294359888,0,11.390757830996021,0.0,0.0,-26
2023-01-01,90.7,CES3231500001,315,Apparel,Apparel,0.1527660167059695,0.2545905719702654,0.1018245552642959,0.2290851294359888,0,11.415312636103227,0.0,0.0,-25
2023-02-01,90.8,CES3231500001,315,Apparel,Apparel,0.1527660167059695,0.2545905719702654,0.1018245552642959,0.2290851294359888,0,11.416414564589385,0.0,0.0,-24
2023-03-01,91.5,CES3231500001,315,Apparel,Apparel,0.1527660167059695,0.2545905719702654,0.1018245552642959,0.2290851294359888,0,11.424094251263613,0.0,0.0,-23
2023-04-01,92.3,CES3231500001,315,Apparel,Apparel,0.1527660167059695,0.2545905719702654,0.1018245552642959,0.2290851294359888,0,11.432799420490943,0.0,0.0,-22
2023-05-01,91.2,CES3231500001,315,Apparel,Apparel,0.1527660167059695,0.2545905719702654,0.1018245552642959,0.2290851294359888,0,11.420810176062423,0.0,0.0,-21
2023-06-01,90.6,CES3231500001,315,Apparel,Apparel,0.1527660167059695,0.2545905719702654,0.1018245552642959,0.2290851294359888,0,11.414209492031071,0.0,0.0,-20
2023-07-01,89.3,CES3231500001,315,Apparel,Apparel,0.1527660167059695,0.2545905719702654,0.1018245552642959,0.2290851294359888,0,11.39975676686459,0.0,0.0,-19
2023-08-01,89.6,CES3231500001,315,Apparel,Apparel,0.1527660167059695,0.2545905719702654,0.1018245552642959,0.2290851294359888,0,11.403110598963021,0.0,0.0,-18
2023-09-01,89.1,CES3231500001,315,Apparel,Apparel,0.1527660167059695,0.2545905719702654,0.1018245552642959,0.2290851294359888,0,11.3975146134589,0.0,0.0,-17
2023-10-01,88.6,CES3231500001,315,Apparel,Apparel,0.1527660167059695,0.2545905719702654,0.1018245552642959,0.2290851294359888,0,11.391887136593173,0.0,0.0,-16
2023-11-01,88.3,CES3231500001,315,Apparel,Apparel,0.1527660167059695,0.2545905719702654,0.1018245552642959,0.2290851294359888,0,11.388495386592052,0.0,0.0,-15
2023-12-01,88.1,CES3231500001,315,Apparel,Apparel,0.1527660167059695,0.2545905719702654,0.1018245552642959,0.2290851294359888,0,11.386227811924272,0.0,0.0,-14
2024-01-01,87.4,CES3231500001,315,Apparel,Apparel,0.1527660167059695,0.2545905719702654,0.1018245552642959,0.2290851294359888,0,11.378250561643627,0.0,0.0,-13
2024-02-01,86.2,CES3231500001,315,Apparel,Apparel,0.1527660167059695,0.2545905719702654,0.1018245552642959,0.2290851294359888,0,11.364425456651784,0.0,0.0,-12
2024-03-01,84.7,CES3231500001,315,Apparel,Apparel,0.1527660167059695,0.2545905719702654,0.1018245552642959,0.2290851294359888,0,11.346870880640147,0.0,0.0,-11
2024-04-01,83.7,CES3231500001,315,Apparel,Apparel,0.1527660167059695,0.2545905719702654,0.1018245552642959,0.2290851294359888,0,11.334994256477566,0.0,0.0,-10
2024-05-01,84.0,CES3231500001,315,Apparel,Apparel,0.1527660167059695,0.2545905719702654,0.1018245552642959,0.2290851294359888,0,11.33857207782545,0.0,0.0,-9
2024-06-01,83.5,CES3231500001,315,Apparel,Apparel,0.1527660167059695,0.2545905719702654,0.1018245552642959,0.2290851294359888,0,11.332601910838946,0.0,0.0,-8
2024-07-01,83.7,CES3231500001,315,Apparel,Apparel,0.1527660167059695,0.2545905719702654,0.1018245552642959,0.2290851294359888,0,11.334994256477566,0.0,0.0,-7
2024-08-01,83.2,CES3231500001,315,Apparel,Apparel,0.1527660167059695,0.2545905719702654,0.1018245552642959,0.2290851294359888,0,11.3290026268093,0.0,0.0,-6
2024-09-01,82.6,CES3231500001,315,Apparel,Apparel,0.1527660167059695,0.2545905719702654,0.1018245552642959,0.2290851294359888,0,11.32176495950907,0.0,0.0,-5
2024-10-01,82.0,CES3231500001,315,Apparel,Apparel,0.1527660167059695,0.2545905719702654,0.1018245552642959,0.2290851294359888,0,11.314474526246391,0.0,0.0,-4
2024-11-01,81.9,CES3231500001,315,Apparel,Apparel,0.1527660167059695,0.2545905719702654,0.1018245552642959,0.2290851294359888,0,11.313254269841162,0.0,0.0,-3
2024-12-01,81.6,CES3231500001,315,Apparel,Apparel,0.1527660167059695,0.2545905719702654,0.1018245552642959,0.2290851294359888,0,11.309584540952198,0.0,0.0,-2
2025-01-01,81.8,CES3231500001,315,Apparel,Apparel,0.1527660167059695,0.2545905719702654,0.1018245552642959,0.2290851294359888,0,11.312032522590838,0.0,0.0,-1
2025-02-01,81.2,CES3231500001,315,Apparel,Apparel,0.1527660167059695,0.2545905719702654,0.1018245552642959,0.2290851294359888,1,11.304670526149769,0.1018245552642959,0.2290851294359888,0
2025-03-01,81.0,CES3231500001,315,Apparel,Apparel,0.1527660167059695,0.2545905719702654,0.1018245552642959,0.2290851294359888,1,11.302204433654575,0.1018245552642959,0.2290851294359888,1
2025-04-01,80.3,CES3231500001,315,Apparel,Apparel,0.1527660167059695,0.2545905719702654,0.1018245552642959,0.2290851294359888,1,11.293524899934853,0.1018245552642959,0.2290851294359888,2
2025-05-01,79.6,CES3231500001,315,Apparel,Apparel,0.1527660167059695,0.2545905719702654,0.1018245552642959,0.2290851294359888,1,11.284769371832475,0.1018245552642959,0.2290851294359888,3
2025-06-01,79.0,CES3231500001,315,Apparel,Apparel,0.1527660167059695,0.2545905719702654,0.1018245552642959,0.2290851294359888,1,11.27720313144916,0.1018245552642959,0.2290851294359888,4
2025-07-01,79.0,CES3231500001,315,Apparel,Apparel,0.1527660167059695,0.2545905719702654,0.1018245552642959,0.2290851294359888,1,11.27720313144916,0.1018245552642959,0.2290851294359888,5
2025-08-01,78.7,CES3231500001,315,Apparel,Apparel,0.1527660167059695,0.2545905719702654,0.1018245552642959,0.2290851294359888,1,11.273398434405495,0.1018245552642959,0.2290851294359888,6
2025-09-01,78.7,CES3231500001,315,Apparel,Apparel,0.1527660167059695,0.2545905719702654,0.1018245552642959,0.2290851294359888,1,11.273398434405495,0.1018245552642959,0.2290851294359888,7
2025-10-01,78.1,CES3231500001,315,Apparel,Apparel,0.1527660167059695,0.2545905719702654,0.1018245552642959,0.2290851294359888,1,11.265745335827777,0.1018245552642959,0.2290851294359888,8
2025-11-01,75.4,CES3231500001,315,Apparel,Apparel,0.1527660167059695,0.2545905719702654,0.1018245552642959,0.2290851294359888,1,11.230562553996048,0.1018245552642959,0.2290851294359888,9
2025-12-01,75.2,CES3231500001,315,Apparel,Apparel,0.1527660167059695,0.2545905719702654,0.1018245552642959,0.2290851294359888,1,11.227906509937931,0.1018245552642959,0.2290851294359888,10
2026-01-01,74.5,CES3231500001,315,Apparel,Apparel,0.1527660167059695,0.2545905719702654,0.1018245552642959,0.2290851294359888,1,11.218554404367652,0.1018245552642959,0.2290851294359888,11
2026-02-01,73.8,CES3231500001,315,Apparel,Apparel,0.1527660167059695,0.2545905719702654,0.1018245552642959,0.2290851294359888,1,11.209114010588564,0.1018245552642959,0.2290851294359888,12
2026-03-01,74.3,CES3231500001,315,Apparel,Apparel,0.1527660167059695,0.2545905719702654,0.1018245552642959,0.2290851294359888,1,11.215866230705851,0.1018245552642959,0.2290851294359888,13
2015-01-01,805.4,CES3232500001,325,Chemical,Chemical,0.0094339879657054,0.0276362544629651,0.0182022664972596,0.0674550082626534,0,13.599094327399492,0.0,0.0,-121
2015-02-01,807.0,CES3232500001,325,Chemical,Chemical,0.0094339879657054,0.0276362544629651,0.0182022664972596,0.0674550082626534,0,13.601078947252086,0.0,0.0,-120
2015-03-01,806.0,CES3232500001,325,Chemical,Chemical,0.0094339879657054,0.0276362544629651,0.0182022664972596,0.0674550082626534,0,13.599839021488766,0.0,0.0,-119
2015-04-01,807.3,CES3232500001,325,Chemical,Chemical,0.0094339879657054,0.0276362544629651,0.0182022664972596,0.0674550082626534,0,13.601450625383107,0.0,0.0,-118
2015-05-01,807.6,CES3232500001,325,Chemical,Chemical,0.0094339879657054,0.0276362544629651,0.0182022664972596,0.0674550082626534,0,13.601822165420819,0.0,0.0,-117
2015-06-01,807.6,CES3232500001,325,Chemical,Chemical,0.0094339879657054,0.0276362544629651,0.0182022664972596,0.0674550082626534,0,13.601822165420819,0.0,0.0,-116
2015-07-01,808.0,CES3232500001,325,Chemical,Chemical,0.0094339879657054,0.0276362544629651,0.0182022664972596,0.0674550082626534,0,13.602317337503232,0.0,0.0,-115
2015-08-01,806.7,CES3232500001,325,Chemical,Chemical,0.0094339879657054,0.0276362544629651,0.0182022664972596,0.0674550082626534,0,13.600707130925066,0.0,0.0,-114
2015-09-01,806.3,CES3232500001,325,Chemical,Chemical,0.0094339879657054,0.0276362544629651,0.0182022664972596,0.0674550082626534,0,13.600211160673114,0.0,0.0,-113
2015-10-01,805.9,CES3232500001,325,Chemical,Chemical,0.0094339879657054,0.0276362544629651,0.0182022664972596,0.0674550082626534,0,13.599714944312602,0.0,0.0,-112
2015-11-01,807.2,CES3232500001,325,Chemical,Chemical,0.0094339879657054,0.0276362544629651,0.0182022664972596,0.0674550082626534,0,13.601326748021537,0.0,0.0,-111
2015-12-01,808.4,CES3232500001,325,Chemical,Chemical,0.0094339879657054,0.0276362544629651,0.0182022664972596,0.0674550082626534,0,13.602812264511604,0.0,0.0,-110
2016-01-01,810.2,CES3232500001,325,Chemical,Chemical,0.0094339879657054,0.0276362544629651,0.0182022664972596,0.0674550082626534,0,13.605036409750728,0.0,0.0,-109
2016-02-01,810.0,CES3232500001,325,Chemical,Chemical,0.0094339879657054,0.0276362544629651,0.0182022664972596,0.0674550082626534,0,13.604789526648622,0.0,0.0,-108
2016-03-01,810.4,CES3232500001,325,Chemical,Chemical,0.0094339879657054,0.0276362544629651,0.0182022664972596,0.0674550082626534,0,13.60528323191661,0.0,0.0,-107
2016-04-01,810.2,CES3232500001,325,Chemical,Chemical,0.0094339879657054,0.0276362544629651,0.0182022664972596,0.0674550082626534,0,13.605036409750728,0.0,0.0,-106
2016-05-01,811.6,CES3232500001,325,Chemical,Chemical,0.0094339879657054,0.0276362544629651,0.0182022664972596,0.0674550082626534,0,13.606762886933797,0.0,0.0,-105
2016-06-01,811.5,CES3232500001,325,Chemical,Chemical,0.0094339879657054,0.0276362544629651,0.0182022664972596,0.0674550082626534,0,13.606639665936783,0.0,0.0,-104
2016-07-01,812.5,CES3232500001,325,Chemical,Chemical,0.0094339879657054,0.0276362544629651,0.0182022664972596,0.0674550082626534,0,13.60787119318603,0.0,0.0,-103
2016-08-01,813.4,CES3232500001,325,Chemical,Chemical,0.0094339879657054,0.0276362544629651,0.0182022664972596,0.0674550082626534,0,13.60897827245526,0.0,0.0,-102
2016-09-01,812.9,CES3232500001,325,Chemical,Chemical,0.0094339879657054,0.0276362544629651,0.0182022664972596,0.0674550082626534,0,13.608363379734664,0.0,0.0,-101
2016-10-01,813.3,CES3232500001,325,Chemical,Chemical,0.0094339879657054,0.0276362544629651,0.0182022664972596,0.0674550082626534,0,13.608855324154867,0.0,0.0,-100
2016-11-01,813.5,CES3232500001,325,Chemical,Chemical,0.0094339879657054,0.0276362544629651,0.0182022664972596,0.0674550082626534,0,13.60910120564123,0.0,0.0,-99
2016-12-01,812.6,CES3232500001,325,Chemical,Chemical,0.0094339879657054,0.0276362544629651,0.0182022664972596,0.0674550082626534,0,13.607994262535763,0.0,0.0,-98
2017-01-01,813.7,CES3232500001,325,Chemical,Chemical,0.0094339879657054,0.0276362544629651,0.0182022664972596,0.0674550082626534,0,13.609347026684748,0.0,0.0,-97
2017-02-01,816.8,CES3232500001,325,Chemical,Chemical,0.0094339879657054,0.0276362544629651,0.0182022664972596,0.0674550082626534,0,13.613149545832593,0.0,0.0,-96
2017-03-01,819.4,CES3232500001,325,Chemical,Chemical,0.0094339879657054,0.0276362544629651,0.0182022664972596,0.0674550082626534,0,13.616327644094907,0.0,0.0,-95
2017-04-01,821.1,CES3232500001,325,Chemical,Chemical,0.0094339879657054,0.0276362544629651,0.0182022664972596,0.0674550082626534,0,13.61840018369688,0.0,0.0,-94
2017-05-01,821.8,CES3232500001,325,Chemical,Chemical,0.0094339879657054,0.0276362544629651,0.0182022664972596,0.0674550082626534,0,13.619252335431446,0.0,0.0,-93
2017-06-01,823.4,CES3232500001,325,Chemical,Chemical,0.0094339879657054,0.0276362544629651,0.0182022664972596,0.0674550082626534,0,13.621197388317942,0.0,0.0,-92
2017-07-01,825.4,CES3232500001,325,Chemical,Chemical,0.0094339879657054,0.0276362544629651,0.0182022664972596,0.0674550082626534,0,13.62362339630062,0.0,0.0,-91
2017-08-01,824.8,CES3232500001,325,Chemical,Chemical,0.0094339879657054,0.0276362544629651,0.0182022664972596,0.0674550082626534,0,13.622896211684887,0.0,0.0,-90
2017-09-01,827.1,CES3232500001,325,Chemical,Chemical,0.0094339879657054,0.0276362544629651,0.0182022664972596,0.0674550082626534,0,13.625680885679998,0.0,0.0,-89
2017-10-01,831.2,CES3232500001,325,Chemical,Chemical,0.0094339879657054,0.0276362544629651,0.0182022664972596,0.0674550082626534,0,13.630625718767154,0.0,0.0,-88
2017-11-01,827.8,CES3232500001,325,Chemical,Chemical,0.0094339879657054,0.0276362544629651,0.0182022664972596,0.0674550082626534,0,13.626526858296769,0.0,0.0,-87
2017-12-01,833.1,CES3232500001,325,Chemical,Chemical,0.0094339879657054,0.0276362544629651,0.0182022664972596,0.0674550082626534,0,13.632908961963,0.0,0.0,-86
2018-01-01,833.3,CES3232500001,325,Chemical,Chemical,0.0094339879657054,0.0276362544629651,0.0182022664972596,0.0674550082626534,0,13.633149000370299,0.0,0.0,-85
2018-02-01,829.4,CES3232500001,325,Chemical,Chemical,0.0094339879657054,0.0276362544629651,0.0182022664972596,0.0674550082626534,0,13.628457826794419,0.0,0.0,-84
2018-03-01,828.3,CES3232500001,325,Chemical,Chemical,0.0094339879657054,0.0276362544629651,0.0182022664972596,0.0674550082626534,0,13.627130686586355,0.0,0.0,-83
2018-04-01,831.3,CES3232500001,325,Chemical,Chemical,0.0094339879657054,0.0276362544629651,0.0182022664972596,0.0674550082626534,0,13.63074601951918,0.0,0.0,-82
2018-05-01,832.6,CES3232500001,325,Chemical,Chemical,0.0094339879657054,0.0276362544629651,0.0182022664972596,0.0674550082626534,0,13.632308613743012,0.0,0.0,-81
2018-06-01,833.9,CES3232500001,325,Chemical,Chemical,0.0094339879657054,0.0276362544629651,0.0182022664972596,0.0674550082626534,0,13.633868770075077,0.0,0.0,-80
2018-07-01,833.6,CES3232500001,325,Chemical,Chemical,0.0094339879657054,0.0276362544629651,0.0182022664972596,0.0674550082626534,0,13.63350894998124,0.0,0.0,-79
2018-08-01,837.4,CES3232500001,325,Chemical,Chemical,0.0094339879657054,0.0276362544629651,0.0182022664972596,0.0674550082626534,0,13.63805713256718,0.0,0.0,-78
2018-09-01,837.5,CES3232500001,325,Chemical,Chemical,0.0094339879657054,0.0276362544629651,0.0182022664972596,0.0674550082626534,0,13.638176542681359,0.0,0.0,-77
2018-10-01,839.5,CES3232500001,325,Chemical,Chemical,0.0094339879657054,0.0276362544629651,0.0182022664972596,0.0674550082626534,0,13.640561755499732,0.0,0.0,-76
2018-11-01,842.4,CES3232500001,325,Chemical,Chemical,0.0094339879657054,0.0276362544629651,0.0182022664972596,0.0674550082626534,0,13.644010239801903,0.0,0.0,-75
2018-12-01,842.4,CES3232500001,325,Chemical,Chemical,0.0094339879657054,0.0276362544629651,0.0182022664972596,0.0674550082626534,0,13.644010239801903,0.0,0.0,-74
2019-01-01,844.0,CES3232500001,325,Chemical,Chemical,0.0094339879657054,0.0276362544629651,0.0182022664972596,0.0674550082626534,0,13.645907773578093,0.0,0.0,-73
2019-02-01,847.0,CES3232500001,325,Chemical,Chemical,0.0094339879657054,0.0276362544629651,0.0182022664972596,0.0674550082626534,0,13.649455973634192,0.0,0.0,-72
2019-03-01,847.9,CES3232500001,325,Chemical,Chemical,0.0094339879657054,0.0276362544629651,0.0182022664972596,0.0674550082626534,0,13.650517983292094,0.0,0.0,-71
2019-04-01,848.9,CES3232500001,325,Chemical,Chemical,0.0094339879657054,0.0276362544629651,0.0182022664972596,0.0674550082626534,0,13.65169667272606,0.0,0.0,-70
2019-05-01,850.0,CES3232500001,325,Chemical,Chemical,0.0094339879657054,0.0276362544629651,0.0182022664972596,0.0674550082626534,0,13.652991628466498,0.0,0.0,-69
2019-06-01,850.5,CES3232500001,325,Chemical,Chemical,0.0094339879657054,0.0276362544629651,0.0182022664972596,0.0674550082626534,0,13.653579690818054,0.0,0.0,-68
2019-07-01,851.2,CES3232500001,325,Chemical,Chemical,0.0094339879657054,0.0276362544629651,0.0182022664972596,0.0674550082626534,0,13.654402397569516,0.0,0.0,-67
2019-08-01,851.4,CES3232500001,325,Chemical,Chemical,0.0094339879657054,0.0276362544629651,0.0182022664972596,0.0674550082626534,0,13.65463733237619,0.0,0.0,-66
2019-09-01,854.2,CES3232500001,325,Chemical,Chemical,0.0094339879657054,0.0276362544629651,0.0182022664972596,0.0674550082626534,0,13.657920637389504,0.0,0.0,-65
2019-10-01,854.8,CES3232500001,325,Chemical,Chemical,0.0094339879657054,0.0276362544629651,0.0182022664972596,0.0674550082626534,0,13.65862280242713,0.0,0.0,-64
2019-11-01,856.0,CES3232500001,325,Chemical,Chemical,0.0094339879657054,0.0276362544629651,0.0182022664972596,0.0674550082626534,0,13.66002565512388,0.0,0.0,-63
2019-12-01,856.4,CES3232500001,325,Chemical,Chemical,0.0094339879657054,0.0276362544629651,0.0182022664972596,0.0674550082626534,0,13.660492835697665,0.0,0.0,-62
2020-01-01,852.1,CES3232500001,325,Chemical,Chemical,0.0094339879657054,0.0276362544629651,0.0182022664972596,0.0674550082626534,0,13.655459169816048,0.0,0.0,-61
2020-02-01,852.6,CES3232500001,325,Chemical,Chemical,0.0094339879657054,0.0276362544629651,0.0182022664972596,0.0674550082626534,0,13.656045783313248,0.0,0.0,-60
2020-03-01,852.6,CES3232500001,325,Chemical,Chemical,0.0094339879657054,0.0276362544629651,0.0182022664972596,0.0674550082626534,0,13.656045783313248,0.0,0.0,-59
2020-04-01,832.3,CES3232500001,325,Chemical,Chemical,0.0094339879657054,0.0276362544629651,0.0182022664972596,0.0674550082626534,0,13.631948231734187,0.0,0.0,-58
2020-05-01,834.9,CES3232500001,325,Chemical,Chemical,0.0094339879657054,0.0276362544629651,0.0182022664972596,0.0674550082626534,0,13.635067236182092,0.0,0.0,-57
2020-06-01,836.1,CES3232500001,325,Chemical,Chemical,0.0094339879657054,0.0276362544629651,0.0182022664972596,0.0674550082626534,0,13.636503502138149,0.0,0.0,-56
2020-07-01,839.2,CES3232500001,325,Chemical,Chemical,0.0094339879657054,0.0276362544629651,0.0182022664972596,0.0674550082626534,0,13.640204336064224,0.0,0.0,-55
2020-08-01,845.8,CES3232500001,325,Chemical,Chemical,0.0094339879657054,0.0276362544629651,0.0182022664972596,0.0674550082626534,0,13.648038204020525,0.0,0.0,-54
2020-09-01,845.6,CES3232500001,325,Chemical,Chemical,0.0094339879657054,0.0276362544629651,0.0182022664972596,0.0674550082626534,0,13.647801713538165,0.0,0.0,-53
2020-10-01,848.7,CES3232500001,325,Chemical,Chemical,0.0094339879657054,0.0276362544629651,0.0182022664972596,0.0674550082626534,0,13.651461045957769,0.0,0.0,-52
2020-11-01,849.5,CES3232500001,325,Chemical,Chemical,0.0094339879657054,0.0276362544629651,0.0182022664972596,0.0674550082626534,0,13.652403220094124,0.0,0.0,-51
2020-12-01,853.4,CES3232500001,325,Chemical,Chemical,0.0094339879657054,0.0276362544629651,0.0182022664972596,0.0674550082626534,0,13.656983649736036,0.0,0.0,-50
2021-01-01,858.2,CES3232500001,325,Chemical,Chemical,0.0094339879657054,0.0276362544629651,0.0182022664972596,0.0674550082626534,0,13.662592451539561,0.0,0.0,-49
2021-02-01,862.3,CES3232500001,325,Chemical,Chemical,0.0094339879657054,0.0276362544629651,0.0182022664972596,0.0674550082626534,0,13.667358516940416,0.0,0.0,-48
2021-03-01,864.8,CES3232500001,325,Chemical,Chemical,0.0094339879657054,0.0276362544629651,0.0182022664972596,0.0674550082626534,0,13.670253545307135,0.0,0.0,-47
2021-04-01,869.7,CES3232500001,325,Chemical,Chemical,0.0094339879657054,0.0276362544629651,0.0182022664972596,0.0674550082626534,0,13.675903603577856,0.0,0.0,-46
2021-05-01,867.5,CES3232500001,325,Chemical,Chemical,0.0094339879657054,0.0276362544629651,0.0182022664972596,0.0674550082626534,0,13.673370790803151,0.0,0.0,-45
2021-06-01,869.8,CES3232500001,325,Chemical,Chemical,0.0094339879657054,0.0276362544629651,0.0182022664972596,0.0674550082626534,0,13.676018579145675,0.0,0.0,-44
2021-07-01,871.3,CES3232500001,325,Chemical,Chemical,0.0094339879657054,0.0276362544629651,0.0182022664972596,0.0674550082626534,0,13.677741628219378,0.0,0.0,-43
2021-08-01,872.1,CES3232500001,325,Chemical,Chemical,0.0094339879657054,0.0276362544629651,0.0182022664972596,0.0674550082626534,0,13.678659375215076,0.0,0.0,-42
2021-09-01,872.6,CES3232500001,325,Chemical,Chemical,0.0094339879657054,0.0276362544629651,0.0182022664972596,0.0674550082626534,0,13.679232539671647,0.0,0.0,-41
2021-10-01,877.1,CES3232500001,325,Chemical,Chemical,0.0094339879657054,0.0276362544629651,0.0182022664972596,0.0674550082626534,0,13.684376289939474,0.0,0.0,-40
2021-11-01,880.0,CES3232500001,325,Chemical,Chemical,0.0094339879657054,0.0276362544629651,0.0182022664972596,0.0674550082626534,0,13.687677186454389,0.0,0.0,-39
2021-12-01,885.2,CES3232500001,325,Chemical,Chemical,0.0094339879657054,0.0276362544629651,0.0182022664972596,0.0674550082626534,0,13.693568887159032,0.0,0.0,-38
2022-01-01,889.0,CES3232500001,325,Chemical,Chemical,0.0094339879657054,0.0276362544629651,0.0182022664972596,0.0674550082626534,0,13.697852514496041,0.0,0.0,-37
2022-02-01,890.8,CES3232500001,325,Chemical,Chemical,0.0094339879657054,0.0276362544629651,0.0182022664972596,0.0674550082626534,0,13.699875214365349,0.0,0.0,-36
2022-03-01,894.8,CES3232500001,325,Chemical,Chemical,0.0094339879657054,0.0276362544629651,0.0182022664972596,0.0674550082626534,0,13.70435550859811,0.0,0.0,-35
2022-04-01,895.8,CES3232500001,325,Chemical,Chemical,0.0094339879657054,0.0276362544629651,0.0182022664972596,0.0674550082626534,0,13.705472452755338,0.0,0.0,-34
2022-05-01,898.1,CES3232500001,325,Chemical,Chemical,0.0094339879657054,0.0276362544629651,0.0182022664972596,0.0674550082626534,0,13.708036699659042,0.0,0.0,-33
2022-06-01,900.8,CES3232500001,325,Chemical,Chemical,0.0094339879657054,0.0276362544629651,0.0182022664972596,0.0674550082626534,0,13.711038536367562,0.0,0.0,-32
2022-07-01,903.5,CES3232500001,325,Chemical,Chemical,0.0094339879657054,0.0276362544629651,0.0182022664972596,0.0674550082626534,0,13.714031389014421,0.0,0.0,-31
2022-08-01,905.3,CES3232500001,325,Chemical,Chemical,0.0094339879657054,0.0276362544629651,0.0182022664972596,0.0674550082626534,0,13.716021659463532,0.0,0.0,-30
2022-09-01,905.9,CES3232500001,325,Chemical,Chemical,0.0094339879657054,0.0276362544629651,0.0182022664972596,0.0674550082626534,0,13.71668420365738,0.0,0.0,-29
2022-10-01,907.5,CES3232500001,325,Chemical,Chemical,0.0094339879657054,0.0276362544629651,0.0182022664972596,0.0674550082626534,0,13.718448845121143,0.0,0.0,-28
2022-11-01,915.2,CES3232500001,325,Chemical,Chemical,0.0094339879657054,0.0276362544629651,0.0182022664972596,0.0674550082626534,0,13.726897899607671,0.0,0.0,-27
2022-12-01,904.6,CES3232500001,325,Chemical,Chemical,0.0094339879657054,0.0276362544629651,0.0182022664972596,0.0674550082626534,0,13.71524813602588,0.0,0.0,-26
2023-01-01,901.4,CES3232500001,325,Chemical,Chemical,0.0094339879657054,0.0276362544629651,0.0182022664972596,0.0674550082626534,0,13.711704389238685,0.0,0.0,-25
2023-02-01,904.9,CES3232500001,325,Chemical,Chemical,0.0094339879657054,0.0276362544629651,0.0182022664972596,0.0674550082626534,0,13.715579719339225,0.0,0.0,-24
2023-03-01,898.5,CES3232500001,325,Chemical,Chemical,0.0094339879657054,0.0276362544629651,0.0182022664972596,0.0674550082626534,0,13.70848198520575,0.0,0.0,-23
2023-04-01,902.2,CES3232500001,325,Chemical,Chemical,0.0094339879657054,0.0276362544629651,0.0182022664972596,0.0674550082626534,0,13.712591503956432,0.0,0.0,-22
2023-05-01,904.4,CES3232500001,325,Chemical,Chemical,0.0094339879657054,0.0276362544629651,0.0182022664972596,0.0674550082626534,0,13.715027019385952,0.0,0.0,-21
2023-06-01,901.0,CES3232500001,325,Chemical,Chemical,0.0094339879657054,0.0276362544629651,0.0182022664972596,0.0674550082626534,0,13.711260536590475,0.0,0.0,-20
2023-07-01,896.5,CES3232500001,325,Chemical,Chemical,0.0094339879657054,0.0276362544629651,0.0182022664972596,0.0674550082626534,0,13.706253572027325,0.0,0.0,-19
2023-08-01,897.8,CES3232500001,325,Chemical,Chemical,0.0094339879657054,0.0276362544629651,0.0182022664972596,0.0674550082626534,0,13.707702605329969,0.0,0.0,-18
2023-09-01,899.4,CES3232500001,325,Chemical,Chemical,0.0094339879657054,0.0276362544629651,0.0182022664972596,0.0674550082626534,0,13.709483153318745,0.0,0.0,-17
2023-10-01,897.0,CES3232500001,325,Chemical,Chemical,0.0094339879657054,0.0276362544629651,0.0182022664972596,0.0674550082626534,0,13.706811141040934,0.0,0.0,-16
2023-11-01,895.2,CES3232500001,325,Chemical,Chemical,0.0094339879657054,0.0276362544629651,0.0182022664972596,0.0674550082626534,0,13.704802435979852,0.0,0.0,-15
2023-12-01,893.7,CES3232500001,325,Chemical,Chemical,0.0094339879657054,0.0276362544629651,0.0182022664972596,0.0674550082626534,0,13.703125427369484,0.0,0.0,-14
2024-01-01,894.3,CES3232500001,325,Chemical,Chemical,0.0094339879657054,0.0276362544629651,0.0182022664972596,0.0674550082626534,0,13.703796568334273,0.0,0.0,-13
2024-02-01,893.7,CES3232500001,325,Chemical,Chemical,0.0094339879657054,0.0276362544629651,0.0182022664972596,0.0674550082626534,0,13.703125427369484,0.0,0.0,-12
2024-03-01,897.2,CES3232500001,325,Chemical,Chemical,0.0094339879657054,0.0276362544629651,0.0182022664972596,0.0674550082626534,0,13.70703408162819,0.0,0.0,-11
2024-04-01,896.2,CES3232500001,325,Chemical,Chemical,0.0094339879657054,0.0276362544629651,0.0182022664972596,0.0674550082626534,0,13.70591888133418,0.0,0.0,-10
2024-05-01,897.4,CES3232500001,325,Chemical,Chemical,0.0094339879657054,0.0276362544629651,0.0182022664972596,0.0674550082626534,0,13.70725697252402,0.0,0.0,-9
2024-06-01,896.8,CES3232500001,325,Chemical,Chemical,0.0094339879657054,0.0276362544629651,0.0182022664972596,0.0674550082626534,0,13.706588150740087,0.0,0.0,-8
2024-07-01,898.0,CES3232500001,325,Chemical,Chemical,0.0094339879657054,0.0276362544629651,0.0182022664972596,0.0674550082626534,0,13.707925347284336,0.0,0.0,-7
2024-08-01,897.9,CES3232500001,325,Chemical,Chemical,0.0094339879657054,0.0276362544629651,0.0182022664972596,0.0674550082626534,0,13.7078139825089,0.0,0.0,-6
2024-09-01,896.6,CES3232500001,325,Chemical,Chemical,0.0094339879657054,0.0276362544629651,0.0182022664972596,0.0674550082626534,0,13.706365110703477,0.0,0.0,-5
2024-10-01,896.3,CES3232500001,325,Chemical,Chemical,0.0094339879657054,0.0276362544629651,0.0182022664972596,0.0674550082626534,0,13.706030457345452,0.0,0.0,-4
2024-11-01,896.2,CES3232500001,325,Chemical,Chemical,0.0094339879657054,0.0276362544629651,0.0182022664972596,0.0674550082626534,0,13.70591888133418,0.0,0.0,-3
2024-12-01,898.2,CES3232500001,325,Chemical,Chemical,0.0094339879657054,0.0276362544629651,0.0182022664972596,0.0674550082626534,0,13.708148039635775,0.0,0.0,-2
2025-01-01,898.6,CES3232500001,325,Chemical,Chemical,0.0094339879657054,0.0276362544629651,0.0182022664972596,0.0674550082626534,0,13.708593275618197,0.0,0.0,-1
2025-02-01,898.2,CES3232500001,325,Chemical,Chemical,0.0094339879657054,0.0276362544629651,0.0182022664972596,0.0674550082626534,1,13.708148039635775,0.0182022664972596,0.0674550082626534,0
2025-03-01,898.8,CES3232500001,325,Chemical,Chemical,0.0094339879657054,0.0276362544629651,0.0182022664972596,0.0674550082626534,1,13.708815819293312,0.0182022664972596,0.0674550082626534,1
2025-04-01,898.6,CES3232500001,325,Chemical,Chemical,0.0094339879657054,0.0276362544629651,0.0182022664972596,0.0674550082626534,1,13.708593275618197,0.0182022664972596,0.0674550082626534,2
2025-05-01,899.3,CES3232500001,325,Chemical,Chemical,0.0094339879657054,0.0276362544629651,0.0182022664972596,0.0674550082626534,1,13.709371961902606,0.0182022664972596,0.0674550082626534,3
2025-06-01,900.3,CES3232500001,325,Chemical,Chemical,0.0094339879657054,0.0276362544629651,0.0182022664972596,0.0674550082626534,1,13.710483320096568,0.0182022664972596,0.0674550082626534,4
2025-07-01,900.1,CES3232500001,325,Chemical,Chemical,0.0094339879657054,0.0276362544629651,0.0182022664972596,0.0674550082626534,1,13.710261147245177,0.0182022664972596,0.0674550082626534,5
2025-08-01,901.5,CES3232500001,325,Chemical,Chemical,0.0094339879657054,0.0276362544629651,0.0182022664972596,0.0674550082626534,1,13.71181532162551,0.0182022664972596,0.0674550082626534,6
2025-09-01,902.1,CES3232500001,325,Chemical,Chemical,0.0094339879657054,0.0276362544629651,0.0182022664972596,0.0674550082626534,1,13.712480657644731,0.0182022664972596,0.0674550082626534,7
2025-10-01,903.6,CES3232500001,325,Chemical,Chemical,0.0094339879657054,0.0276362544629651,0.0182022664972596,0.0674550082626534,1,13.714142063575986,0.0182022664972596,0.0674550082626534,8
2025-11-01,903.6,CES3232500001,325,Chemical,Chemical,0.0094339879657054,0.0276362544629651,0.0182022664972596,0.0674550082626534,1,13.714142063575986,0.0182022664972596,0.0674550082626534,9
2025-12-01,900.8,CES3232500001,325,Chemical,Chemical,0.0094339879657054,0.0276362544629651,0.0182022664972596,0.0674550082626534,1,13.711038536367562,0.0182022664972596,0.0674550082626534,10
2026-01-01,898.0,CES3232500001,325,Chemical,Chemical,0.0094339879657054,0.0276362544629651,0.0182022664972596,0.0674550082626534,1,13.707925347284336,0.0182022664972596,0.0674550082626534,11
2026-02-01,898.3,CES3232500001,325,Chemical,Chemical,0.0094339879657054,0.0276362544629651,0.0182022664972596,0.0674550082626534,1,13.708259367217298,0.0182022664972596,0.0674550082626534,12
2026-03-01,893.1,CES3232500001,325,Chemical,Chemical,0.0094339879657054,0.0276362544629651,0.0182022664972596,0.0674550082626534,1,13.702453835671978,0.0182022664972596,0.0674550082626534,13
2015-01-01,1026.1,CES3133400001,334,Computer & Electronic,Computer_Electronic,0.0076775295952043,0.0361402268445245,0.0284626972493201,0.2196660025752927,0,13.8412757658503,0.0,0.0,-121
2015-02-01,1027.6,CES3133400001,334,Computer & Electronic,Computer_Electronic,0.0076775295952043,0.0361402268445245,0.0284626972493201,0.2196660025752927,0,13.842736544217866,0.0,0.0,-120
2015-03-01,1026.5,CES3133400001,334,Computer & Electronic,Computer_Electronic,0.0076775295952043,0.0361402268445245,0.0284626972493201,0.2196660025752927,0,13.841665515441125,0.0,0.0,-119
2015-04-01,1027.4,CES3133400001,334,Computer & Electronic,Computer_Electronic,0.0076775295952043,0.0361402268445245,0.0284626972493201,0.2196660025752927,0,13.842541897015305,0.0,0.0,-118
2015-05-01,1027.6,CES3133400001,334,Computer & Electronic,Computer_Electronic,0.0076775295952043,0.0361402268445245,0.0284626972493201,0.2196660025752927,0,13.842736544217866,0.0,0.0,-117
2015-06-01,1027.0,CES3133400001,334,Computer & Electronic,Computer_Electronic,0.0076775295952043,0.0361402268445245,0.0284626972493201,0.2196660025752927,0,13.842152488910695,0.0,0.0,-116
2015-07-01,1028.0,CES3133400001,334,Computer & Electronic,Computer_Electronic,0.0076775295952043,0.0361402268445245,0.0284626972493201,0.2196660025752927,0,13.843125724997247,0.0,0.0,-115
2015-08-01,1028.6,CES3133400001,334,Computer & Electronic,Computer_Electronic,0.0076775295952043,0.0361402268445245,0.0284626972493201,0.2196660025752927,0,13.843709212322953,0.0,0.0,-114
2015-09-01,1026.4,CES3133400001,334,Computer & Electronic,Computer_Electronic,0.0076775295952043,0.0361402268445245,0.0284626972493201,0.2196660025752927,0,13.841568092283564,0.0,0.0,-113
2015-10-01,1025.7,CES3133400001,334,Computer & Electronic,Computer_Electronic,0.0076775295952043,0.0361402268445245,0.0284626972493201,0.2196660025752927,0,13.840885864295503,0.0,0.0,-112
2015-11-01,1018.2,CES3133400001,334,Computer & Electronic,Computer_Electronic,0.0076775295952043,0.0361402268445245,0.0284626972493201,0.2196660025752927,0,13.833546920450372,0.0,0.0,-111
2015-12-01,1019.8,CES3133400001,334,Computer & Electronic,Computer_Electronic,0.0076775295952043,0.0361402268445245,0.0284626972493201,0.2196660025752927,0,13.835117087603193,0.0,0.0,-110
2016-01-01,1025.5,CES3133400001,334,Computer & Electronic,Computer_Electronic,0.0076775295952043,0.0361402268445245,0.0284626972493201,0.2196660025752927,0,13.840690856494572,0.0,0.0,-109
2016-02-01,1025.5,CES3133400001,334,Computer & Electronic,Computer_Electronic,0.0076775295952043,0.0361402268445245,0.0284626972493201,0.2196660025752927,0,13.840690856494572,0.0,0.0,-108
2016-03-01,1023.6,CES3133400001,334,Computer & Electronic,Computer_Electronic,0.0076775295952043,0.0361402268445245,0.0284626972493201,0.2196660025752927,0,13.83883638326777,0.0,0.0,-107
2016-04-01,1023.0,CES3133400001,334,Computer & Electronic,Computer_Electronic,0.0076775295952043,0.0361402268445245,0.0284626972493201,0.2196660025752927,0,13.838250044933764,0.0,0.0,-106
2016-05-01,1023.4,CES3133400001,334,Computer & Electronic,Computer_Electronic,0.0076775295952043,0.0361402268445245,0.0284626972493201,0.2196660025752927,0,13.838640975353128,0.0,0.0,-105
2016-06-01,1021.4,CES3133400001,334,Computer & Electronic,Computer_Electronic,0.0076775295952043,0.0361402268445245,0.0284626972493201,0.2196660025752927,0,13.83668479319568,0.0,0.0,-104
2016-07-01,1016.9,CES3133400001,334,Computer & Electronic,Computer_Electronic,0.0076775295952043,0.0361402268445245,0.0284626972493201,0.2196660025752927,0,13.832269341779229,0.0,0.0,-103
2016-08-01,1016.8,CES3133400001,334,Computer & Electronic,Computer_Electronic,0.0076775295952043,0.0361402268445245,0.0284626972493201,0.2196660025752927,0,13.832170998857382,0.0,0.0,-102
2016-09-01,1014.2,CES3133400001,334,Computer & Electronic,Computer_Electronic,0.0076775295952043,0.0361402268445245,0.0284626972493201,0.2196660025752927,0,13.829610682343056,0.0,0.0,-101
2016-10-01,1011.7,CES3133400001,334,Computer & Electronic,Computer_Electronic,0.0076775295952043,0.0361402268445245,0.0284626972493201,0.2196660025752927,0,13.827142642193982,0.0,0.0,-100
2016-11-01,1010.5,CES3133400001,334,Computer & Electronic,Computer_Electronic,0.0076775295952043,0.0361402268445245,0.0284626972493201,0.2196660025752927,0,13.825955815825813,0.0,0.0,-99
2016-12-01,1009.3,CES3133400001,334,Computer & Electronic,Computer_Electronic,0.0076775295952043,0.0361402268445245,0.0284626972493201,0.2196660025752927,0,13.82476757922695,0.0,0.0,-98
2017-01-01,1005.5,CES3133400001,334,Computer & Electronic,Computer_Electronic,0.0076775295952043,0.0361402268445245,0.0284626972493201,0.2196660025752927,0,13.820995488194844,0.0,0.0,-97
2017-02-01,1005.3,CES3133400001,334,Computer & Electronic,Computer_Electronic,0.0076775295952043,0.0361402268445245,0.0284626972493201,0.2196660025752927,0,13.820796562393511,0.0,0.0,-96
2017-03-01,1005.9,CES3133400001,334,Computer & Electronic,Computer_Electronic,0.0076775295952043,0.0361402268445245,0.0284626972493201,0.2196660025752927,0,13.82139322112243,0.0,0.0,-95
2017-04-01,1005.9,CES3133400001,334,Computer & Electronic,Computer_Electronic,0.0076775295952043,0.0361402268445245,0.0284626972493201,0.2196660025752927,0,13.82139322112243,0.0,0.0,-94
2017-05-01,1004.1,CES3133400001,334,Computer & Electronic,Computer_Electronic,0.0076775295952043,0.0361402268445245,0.0284626972493201,0.2196660025752927,0,13.819602175867528,0.0,0.0,-93
2017-06-01,1004.4,CES3133400001,334,Computer & Electronic,Computer_Electronic,0.0076775295952043,0.0361402268445245,0.0284626972493201,0.2196660025752927,0,13.819900906265566,0.0,0.0,-92
2017-07-01,1002.8,CES3133400001,334,Computer & Electronic,Computer_Electronic,0.0076775295952043,0.0361402268445245,0.0284626972493201,0.2196660025752927,0,13.818306645266276,0.0,0.0,-91
2017-08-01,1004.7,CES3133400001,334,Computer & Electronic,Computer_Electronic,0.0076775295952043,0.0361402268445245,0.0284626972493201,0.2196660025752927,0,13.820199547450406,0.0,0.0,-90
2017-09-01,1007.8,CES3133400001,334,Computer & Electronic,Computer_Electronic,0.0076775295952043,0.0361402268445245,0.0284626972493201,0.2196660025752927,0,13.823280295228635,0.0,0.0,-89
2017-10-01,1010.2,CES3133400001,334,Computer & Electronic,Computer_Electronic,0.0076775295952043,0.0361402268445245,0.0284626972493201,0.2196660025752927,0,13.82565888901609,0.0,0.0,-88
2017-11-01,1011.6,CES3133400001,334,Computer & Electronic,Computer_Electronic,0.0076775295952043,0.0361402268445245,0.0284626972493201,0.2196660025752927,0,13.827043793777948,0.0,0.0,-87
2017-12-01,1014.3,CES3133400001,334,Computer & Electronic,Computer_Electronic,0.0076775295952043,0.0361402268445245,0.0284626972493201,0.2196660025752927,0,13.829709277364087,0.0,0.0,-86
2018-01-01,1012.3,CES3133400001,334,Computer & Electronic,Computer_Electronic,0.0076775295952043,0.0361402268445245,0.0284626972493201,0.2196660025752927,0,13.827735527586842,0.0,0.0,-85
2018-02-01,1012.5,CES3133400001,334,Computer & Electronic,Computer_Electronic,0.0076775295952043,0.0361402268445245,0.0284626972493201,0.2196660025752927,0,13.82793307796283,0.0,0.0,-84
2018-03-01,1014.8,CES3133400001,334,Computer & Electronic,Computer_Electronic,0.0076775295952043,0.0361402268445245,0.0284626972493201,0.2196660025752927,0,13.830202106707263,0.0,0.0,-83
2018-04-01,1015.6,CES3133400001,334,Computer & Electronic,Computer_Electronic,0.0076775295952043,0.0361402268445245,0.0284626972493201,0.2196660025752927,0,13.83099012881266,0.0,0.0,-82
2018-05-01,1017.3,CES3133400001,334,Computer & Electronic,Computer_Electronic,0.0076775295952043,0.0361402268445245,0.0284626972493201,0.2196660025752927,0,13.832662616781839,0.0,0.0,-81
2018-06-01,1019.6,CES3133400001,334,Computer & Electronic,Computer_Electronic,0.0076775295952043,0.0361402268445245,0.0284626972493201,0.2196660025752927,0,13.834920951484097,0.0,0.0,-80
2018-07-01,1021.1,CES3133400001,334,Computer & Electronic,Computer_Electronic,0.0076775295952043,0.0361402268445245,0.0284626972493201,0.2196660025752927,0,13.83639103554363,0.0,0.0,-79
2018-08-01,1020.6,CES3133400001,334,Computer & Electronic,Computer_Electronic,0.0076775295952043,0.0361402268445245,0.0284626972493201,0.2196660025752927,0,13.835901247612009,0.0,0.0,-78
2018-09-01,1020.9,CES3133400001,334,Computer & Electronic,Computer_Electronic,0.0076775295952043,0.0361402268445245,0.0284626972493201,0.2196660025752927,0,13.836195149157106,0.0,0.0,-77
2018-10-01,1023.2,CES3133400001,334,Computer & Electronic,Computer_Electronic,0.0076775295952043,0.0361402268445245,0.0284626972493201,0.2196660025752927,0,13.83844552924677,0.0,0.0,-76
2018-11-01,1024.6,CES3133400001,334,Computer & Electronic,Computer_Electronic,0.0076775295952043,0.0361402268445245,0.0284626972493201,0.2196660025752927,0,13.839812850487238,0.0,0.0,-75
2018-12-01,1028.1,CES3133400001,334,Computer & Electronic,Computer_Electronic,0.0076775295952043,0.0361402268445245,0.0284626972493201,0.2196660025752927,0,13.843222996530809,0.0,0.0,-74
2019-01-01,1031.9,CES3133400001,334,Computer & Electronic,Computer_Electronic,0.0076775295952043,0.0361402268445245,0.0284626972493201,0.2196660025752927,0,13.846912321103806,0.0,0.0,-73
2019-02-01,1033.6,CES3133400001,334,Computer & Electronic,Computer_Electronic,0.0076775295952043,0.0361402268445245,0.0284626972493201,0.2196660025752927,0,13.848558412010474,0.0,0.0,-72
2019-03-01,1034.1,CES3133400001,334,Computer & Electronic,Computer_Electronic,0.0076775295952043,0.0361402268445245,0.0284626972493201,0.2196660025752927,0,13.849042041173066,0.0,0.0,-71
2019-04-01,1034.2,CES3133400001,334,Computer & Electronic,Computer_Electronic,0.0076775295952043,0.0361402268445245,0.0284626972493201,0.2196660025752927,0,13.849138738944259,0.0,0.0,-70
2019-05-01,1032.9,CES3133400001,334,Computer & Electronic,Computer_Electronic,0.0076775295952043,0.0361402268445245,0.0284626972493201,0.2196660025752927,0,13.847880937994725,0.0,0.0,-69
2019-06-01,1037.1,CES3133400001,334,Computer & Electronic,Computer_Electronic,0.0076775295952043,0.0361402268445245,0.0284626972493201,0.2196660025752927,0,13.851938914577826,0.0,0.0,-68
2019-07-01,1039.0,CES3133400001,334,Computer & Electronic,Computer_Electronic,0.0076775295952043,0.0361402268445245,0.0284626972493201,0.2196660025752927,0,13.853769270081365,0.0,0.0,-67
2019-08-01,1040.7,CES3133400001,334,Computer & Electronic,Computer_Electronic,0.0076775295952043,0.0361402268445245,0.0284626972493201,0.2196660025752927,0,13.85540412162595,0.0,0.0,-66
2019-09-01,1042.3,CES3133400001,334,Computer & Electronic,Computer_Electronic,0.0076775295952043,0.0361402268445245,0.0284626972493201,0.2196660025752927,0,13.856940367727413,0.0,0.0,-65
2019-10-01,1041.4,CES3133400001,334,Computer & Electronic,Computer_Electronic,0.0076775295952043,0.0361402268445245,0.0284626972493201,0.2196660025752927,0,13.856076519710935,0.0,0.0,-64
2019-11-01,1042.7,CES3133400001,334,Computer & Electronic,Computer_Electronic,0.0076775295952043,0.0361402268445245,0.0284626972493201,0.2196660025752927,0,13.857324060777685,0.0,0.0,-63
2019-12-01,1043.2,CES3133400001,334,Computer & Electronic,Computer_Electronic,0.0076775295952043,0.0361402268445245,0.0284626972493201,0.2196660025752927,0,13.857803470154526,0.0,0.0,-62
2020-01-01,1042.6,CES3133400001,334,Computer & Electronic,Computer_Electronic,0.0076775295952043,0.0361402268445245,0.0284626972493201,0.2196660025752927,0,13.857228151316143,0.0,0.0,-61
2020-02-01,1041.9,CES3133400001,334,Computer & Electronic,Computer_Electronic,0.0076775295952043,0.0361402268445245,0.0284626972493201,0.2196660025752927,0,13.856556527400276,0.0,0.0,-60
2020-03-01,1041.8,CES3133400001,334,Computer & Electronic,Computer_Electronic,0.0076775295952043,0.0361402268445245,0.0284626972493201,0.2196660025752927,0,13.856460544293228,0.0,0.0,-59
2020-04-01,1025.5,CES3133400001,334,Computer & Electronic,Computer_Electronic,0.0076775295952043,0.0361402268445245,0.0284626972493201,0.2196660025752927,0,13.840690856494572,0.0,0.0,-58
2020-05-01,1018.2,CES3133400001,334,Computer & Electronic,Computer_Electronic,0.0076775295952043,0.0361402268445245,0.0284626972493201,0.2196660025752927,0,13.833546920450372,0.0,0.0,-57
2020-06-01,1023.4,CES3133400001,334,Computer & Electronic,Computer_Electronic,0.0076775295952043,0.0361402268445245,0.0284626972493201,0.2196660025752927,0,13.838640975353128,0.0,0.0,-56
2020-07-01,1017.7,CES3133400001,334,Computer & Electronic,Computer_Electronic,0.0076775295952043,0.0361402268445245,0.0284626972493201,0.2196660025752927,0,13.833055737180024,0.0,0.0,-55
2020-08-01,1014.6,CES3133400001,334,Computer & Electronic,Computer_Electronic,0.0076775295952043,0.0361402268445245,0.0284626972493201,0.2196660025752927,0,13.830005004114726,0.0,0.0,-54
2020-09-01,1013.8,CES3133400001,334,Computer & Electronic,Computer_Electronic,0.0076775295952043,0.0361402268445245,0.0284626972493201,0.2196660025752927,0,13.829216205020385,0.0,0.0,-53
2020-10-01,1013.2,CES3133400001,334,Computer & Electronic,Computer_Electronic,0.0076775295952043,0.0361402268445245,0.0284626972493201,0.2196660025752927,0,13.828624197109658,0.0,0.0,-52
2020-11-01,1011.3,CES3133400001,334,Computer & Electronic,Computer_Electronic,0.0076775295952043,0.0361402268445245,0.0284626972493201,0.2196660025752927,0,13.826747189890261,0.0,0.0,-51
2020-12-01,1010.1,CES3133400001,334,Computer & Electronic,Computer_Electronic,0.0076775295952043,0.0361402268445245,0.0284626972493201,0.2196660025752927,0,13.825559893817276,0.0,0.0,-50
2021-01-01,1008.7,CES3133400001,334,Computer & Electronic,Computer_Electronic,0.0076775295952043,0.0361402268445245,0.0284626972493201,0.2196660025752927,0,13.824172931042927,0.0,0.0,-49
2021-02-01,1011.3,CES3133400001,334,Computer & Electronic,Computer_Electronic,0.0076775295952043,0.0361402268445245,0.0284626972493201,0.2196660025752927,0,13.826747189890261,0.0,0.0,-48
2021-03-01,1013.0,CES3133400001,334,Computer & Electronic,Computer_Electronic,0.0076775295952043,0.0361402268445245,0.0284626972493201,0.2196660025752927,0,13.828426783230821,0.0,0.0,-47
2021-04-01,1013.8,CES3133400001,334,Computer & Electronic,Computer_Electronic,0.0076775295952043,0.0361402268445245,0.0284626972493201,0.2196660025752927,0,13.829216205020385,0.0,0.0,-46
2021-05-01,1015.2,CES3133400001,334,Computer & Electronic,Computer_Electronic,0.0076775295952043,0.0361402268445245,0.0284626972493201,0.2196660025752927,0,13.830596195382315,0.0,0.0,-45
2021-06-01,1013.6,CES3133400001,334,Computer & Electronic,Computer_Electronic,0.0076775295952043,0.0361402268445245,0.0284626972493201,0.2196660025752927,0,13.829018907989067,0.0,0.0,-44
2021-07-01,1016.2,CES3133400001,334,Computer & Electronic,Computer_Electronic,0.0076775295952043,0.0361402268445245,0.0284626972493201,0.2196660025752927,0,13.831580738141769,0.0,0.0,-43
2021-08-01,1017.1,CES3133400001,334,Computer & Electronic,Computer_Electronic,0.0076775295952043,0.0361402268445245,0.0284626972493201,0.2196660025752927,0,13.832465998613687,0.0,0.0,-42
2021-09-01,1023.0,CES3133400001,334,Computer & Electronic,Computer_Electronic,0.0076775295952043,0.0361402268445245,0.0284626972493201,0.2196660025752927,0,13.838250044933764,0.0,0.0,-41
2021-10-01,1025.3,CES3133400001,334,Computer & Electronic,Computer_Electronic,0.0076775295952043,0.0361402268445245,0.0284626972493201,0.2196660025752927,0,13.840495810658183,0.0,0.0,-40
2021-11-01,1023.4,CES3133400001,334,Computer & Electronic,Computer_Electronic,0.0076775295952043,0.0361402268445245,0.0284626972493201,0.2196660025752927,0,13.838640975353128,0.0,0.0,-39
2021-12-01,1026.2,CES3133400001,334,Computer & Electronic,Computer_Electronic,0.0076775295952043,0.0361402268445245,0.0284626972493201,0.2196660025752927,0,13.841373217490002,0.0,0.0,-38
2022-01-01,1028.6,CES3133400001,334,Computer & Electronic,Computer_Electronic,0.0076775295952043,0.0361402268445245,0.0284626972493201,0.2196660025752927,0,13.843709212322953,0.0,0.0,-37
2022-02-01,1030.9,CES3133400001,334,Computer & Electronic,Computer_Electronic,0.0076775295952043,0.0361402268445245,0.0284626972493201,0.2196660025752927,0,13.845942765084477,0.0,0.0,-36
2022-03-01,1031.7,CES3133400001,334,Computer & Electronic,Computer_Electronic,0.0076775295952043,0.0361402268445245,0.0284626972493201,0.2196660025752927,0,13.846718485088468,0.0,0.0,-35
2022-04-01,1035.8,CES3133400001,334,Computer & Electronic,Computer_Electronic,0.0076775295952043,0.0361402268445245,0.0284626972493201,0.2196660025752927,0,13.850684632971928,0.0,0.0,-34
2022-05-01,1041.4,CES3133400001,334,Computer & Electronic,Computer_Electronic,0.0076775295952043,0.0361402268445245,0.0284626972493201,0.2196660025752927,0,13.856076519710935,0.0,0.0,-33
2022-06-01,1042.5,CES3133400001,334,Computer & Electronic,Computer_Electronic,0.0076775295952043,0.0361402268445245,0.0284626972493201,0.2196660025752927,0,13.857132232655093,0.0,0.0,-32
2022-07-01,1045.7,CES3133400001,334,Computer & Electronic,Computer_Electronic,0.0076775295952043,0.0361402268445245,0.0284626972493201,0.2196660025752927,0,13.86019707558668,0.0,0.0,-31
2022-08-01,1052.9,CES3133400001,334,Computer & Electronic,Computer_Electronic,0.0076775295952043,0.0361402268445245,0.0284626972493201,0.2196660025752927,0,13.86705881984485,0.0,0.0,-30
2022-09-01,1053.3,CES3133400001,334,Computer & Electronic,Computer_Electronic,0.0076775295952043,0.0361402268445245,0.0284626972493201,0.2196660025752927,0,13.867438650824633,0.0,0.0,-29
2022-10-01,1056.4,CES3133400001,334,Computer & Electronic,Computer_Electronic,0.0076775295952043,0.0361402268445245,0.0284626972493201,0.2196660025752927,0,13.870377459405114,0.0,0.0,-28
2022-11-01,1058.6,CES3133400001,334,Computer & Electronic,Computer_Electronic,0.0076775295952043,0.0361402268445245,0.0284626972493201,0.2196660025752927,0,13.872457838406024,0.0,0.0,-27
2022-12-01,1060.2,CES3133400001,334,Computer & Electronic,Computer_Electronic,0.0076775295952043,0.0361402268445245,0.0284626972493201,0.2196660025752927,0,13.873968127535843,0.0,0.0,-26
2023-01-01,1060.7,CES3133400001,334,Computer & Electronic,Computer_Electronic,0.0076775295952043,0.0361402268445245,0.0284626972493201,0.2196660025752927,0,13.874439625493562,0.0,0.0,-25
2023-02-01,1063.2,CES3133400001,334,Computer & Electronic,Computer_Electronic,0.0076775295952043,0.0361402268445245,0.0284626972493201,0.2196660025752927,0,13.876793786381173,0.0,0.0,-24
2023-03-01,1059.3,CES3133400001,334,Computer & Electronic,Computer_Electronic,0.0076775295952043,0.0361402268445245,0.0284626972493201,0.2196660025752927,0,13.873118870584587,0.0,0.0,-23
2023-04-01,1060.1,CES3133400001,334,Computer & Electronic,Computer_Electronic,0.0076775295952043,0.0361402268445245,0.0284626972493201,0.2196660025752927,0,13.873873801261189,0.0,0.0,-22
2023-05-01,1057.7,CES3133400001,334,Computer & Electronic,Computer_Electronic,0.0076775295952043,0.0361402268445245,0.0284626972493201,0.2196660025752927,0,13.871607297316144,0.0,0.0,-21
2023-06-01,1057.0,CES3133400001,334,Computer & Electronic,Computer_Electronic,0.0076775295952043,0.0361402268445245,0.0284626972493201,0.2196660025752927,0,13.870945264852375,0.0,0.0,-20
2023-07-01,1055.7,CES3133400001,334,Computer & Electronic,Computer_Electronic,0.0076775295952043,0.0361402268445245,0.0284626972493201,0.2196660025752927,0,13.869714611977786,0.0,0.0,-19
2023-08-01,1052.0,CES3133400001,334,Computer & Electronic,Computer_Electronic,0.0076775295952043,0.0361402268445245,0.0284626972493201,0.2196660025752927,0,13.866203672279791,0.0,0.0,-18
2023-09-01,1047.5,CES3133400001,334,Computer & Electronic,Computer_Electronic,0.0076775295952043,0.0361402268445245,0.0284626972493201,0.2196660025752927,0,13.86191693077843,0.0,0.0,-17
2023-10-01,1042.9,CES3133400001,334,Computer & Electronic,Computer_Electronic,0.0076775295952043,0.0361402268445245,0.0284626972493201,0.2196660025752927,0,13.857515852109305,0.0,0.0,-16
2023-11-01,1042.4,CES3133400001,334,Computer & Electronic,Computer_Electronic,0.0076775295952043,0.0361402268445245,0.0284626972493201,0.2196660025752927,0,13.857036304792773,0.0,0.0,-15
2023-12-01,1043.0,CES3133400001,334,Computer & Electronic,Computer_Electronic,0.0076775295952043,0.0361402268445245,0.0284626972493201,0.2196660025752927,0,13.85761173398291,0.0,0.0,-14
2024-01-01,1042.2,CES3133400001,334,Computer & Electronic,Computer_Electronic,0.0076775295952043,0.0361402268445245,0.0284626972493201,0.2196660025752927,0,13.856844421457252,0.0,0.0,-13
2024-02-01,1037.3,CES3133400001,334,Computer & Electronic,Computer_Electronic,0.0076775295952043,0.0361402268445245,0.0284626972493201,0.2196660025752927,0,13.85213174141992,0.0,0.0,-12
2024-03-01,1031.3,CES3133400001,334,Computer & Electronic,Computer_Electronic,0.0076775295952043,0.0361402268445245,0.0284626972493201,0.2196660025752927,0,13.84633070030416,0.0,0.0,-11
2024-04-01,1029.3,CES3133400001,334,Computer & Electronic,Computer_Electronic,0.0076775295952043,0.0361402268445245,0.0284626972493201,0.2196660025752927,0,13.844389517514651,0.0,0.0,-10
2024-05-01,1029.1,CES3133400001,334,Computer & Electronic,Computer_Electronic,0.0076775295952043,0.0361402268445245,0.0284626972493201,0.2196660025752927,0,13.844195191824182,0.0,0.0,-9
2024-06-01,1027.4,CES3133400001,334,Computer & Electronic,Computer_Electronic,0.0076775295952043,0.0361402268445245,0.0284626972493201,0.2196660025752927,0,13.842541897015305,0.0,0.0,-8
2024-07-01,1025.6,CES3133400001,334,Computer & Electronic,Computer_Electronic,0.0076775295952043,0.0361402268445245,0.0284626972493201,0.2196660025752927,0,13.840788365148542,0.0,0.0,-7
2024-08-01,1022.5,CES3133400001,334,Computer & Electronic,Computer_Electronic,0.0076775295952043,0.0361402268445245,0.0284626972493201,0.2196660025752927,0,13.837761166899094,0.0,0.0,-6
2024-09-01,1021.8,CES3133400001,334,Computer & Electronic,Computer_Electronic,0.0076775295952043,0.0361402268445245,0.0284626972493201,0.2196660025752927,0,13.837076335878834,0.0,0.0,-5
2024-10-01,1019.4,CES3133400001,334,Computer & Electronic,Computer_Electronic,0.0076775295952043,0.0361402268445245,0.0284626972493201,0.2196660025752927,0,13.834724776888079,0.0,0.0,-4
2024-11-01,1016.1,CES3133400001,334,Computer & Electronic,Computer_Electronic,0.0076775295952043,0.0361402268445245,0.0284626972493201,0.2196660025752927,0,13.831482327473973,0.0,0.0,-3
2024-12-01,1011.2,CES3133400001,334,Computer & Electronic,Computer_Electronic,0.0076775295952043,0.0361402268445245,0.0284626972493201,0.2196660025752927,0,13.82664830237473,0.0,0.0,-2
2025-01-01,1007.6,CES3133400001,334,Computer & Electronic,Computer_Electronic,0.0076775295952043,0.0361402268445245,0.0284626972493201,0.2196660025752927,0,13.823081823460592,0.0,0.0,-1
2025-02-01,1005.7,CES3133400001,334,Computer & Electronic,Computer_Electronic,0.0076775295952043,0.0361402268445245,0.0284626972493201,0.2196660025752927,1,13.821194374432572,0.0284626972493201,0.2196660025752927,0
2025-03-01,1005.6,CES3133400001,334,Computer & Electronic,Computer_Electronic,0.0076775295952043,0.0361402268445245,0.0284626972493201,0.2196660025752927,1,13.821094936258175,0.0284626972493201,0.2196660025752927,1
2025-04-01,1001.7,CES3133400001,334,Computer & Electronic,Computer_Electronic,0.0076775295952043,0.0361402268445245,0.0284626972493201,0.2196660025752927,1,13.817209114599855,0.0284626972493201,0.2196660025752927,2
2025-05-01,1000.7,CES3133400001,334,Computer & Electronic,Computer_Electronic,0.0076775295952043,0.0361402268445245,0.0284626972493201,0.2196660025752927,1,13.816210313078548,0.0284626972493201,0.2196660025752927,3
2025-06-01,997.0,CES3133400001,334,Computer & Electronic,Computer_Electronic,0.0076775295952043,0.0361402268445245,0.0284626972493201,0.2196660025752927,1,13.812506048943975,0.0284626972493201,0.2196660025752927,4
2025-07-01,995.8,CES3133400001,334,Computer & Electronic,Computer_Electronic,0.0076775295952043,0.0361402268445245,0.0284626972493201,0.2196660025752927,1,13.81130171319022,0.0284626972493201,0.2196660025752927,5
2025-08-01,995.0,CES3133400001,334,Computer & Electronic,Computer_Electronic,0.0076775295952043,0.0361402268445245,0.0284626972493201,0.2196660025752927,1,13.81049801614073,0.0284626972493201,0.2196660025752927,6
2025-09-01,993.7,CES3133400001,334,Computer & Electronic,Computer_Electronic,0.0076775295952043,0.0361402268445245,0.0284626972493201,0.2196660025752927,1,13.809190629219454,0.0284626972493201,0.2196660025752927,7
2025-10-01,990.7,CES3133400001,334,Computer & Electronic,Computer_Electronic,0.0076775295952043,0.0361402268445245,0.0284626972493201,0.2196660025752927,1,13.806167042961121,0.0284626972493201,0.2196660025752927,8
2025-11-01,989.3,CES3133400001,334,Computer & Electronic,Computer_Electronic,0.0076775295952043,0.0361402268445245,0.0284626972493201,0.2196660025752927,1,13.804752901311314,0.0284626972493201,0.2196660025752927,9
2025-12-01,989.5,CES3133400001,334,Computer & Electronic,Computer_Electronic,0.0076775295952043,0.0361402268445245,0.0284626972493201,0.2196660025752927,1,13.804955044024757,0.0284626972493201,0.2196660025752927,10
2026-01-01,988.3,CES3133400001,334,Computer & Electronic,Computer_Electronic,0.0076775295952043,0.0361402268445245,0.0284626972493201,0.2196660025752927,1,13.803741574364276,0.0284626972493201,0.2196660025752927,11
2026-02-01,987.4,CES3133400001,334,Computer & Electronic,Computer_Electronic,0.0076775295952043,0.0361402268445245,0.0284626972493201,0.2196660025752927,1,13.8028305048069,0.0284626972493201,0.2196660025752927,12
2026-03-01,987.5,CES3133400001,334,Computer & Electronic,Computer_Electronic,0.0076775295952043,0.0361402268445245,0.0284626972493201,0.2196660025752927,1,13.802931775757415,0.0284626972493201,0.2196660025752927,13
2015-01-01,380.6,CES3133500001,335,Electrical Equipment,Electrical_Equipment,0.0500611455102441,0.1485427704547241,0.09848162494448,0.319477771729601,0,12.849504233844186,0.0,0.0,-121
2015-02-01,382.0,CES3133500001,335,Electrical Equipment,Electrical_Equipment,0.0500611455102441,0.1485427704547241,0.09848162494448,0.319477771729601,0,12.853175887588712,0.0,0.0,-120
2015-03-01,383.0,CES3133500001,335,Electrical Equipment,Electrical_Equipment,0.0500611455102441,0.1485427704547241,0.09848162494448,0.319477771729601,0,12.855790268162783,0.0,0.0,-119
2015-04-01,382.1,CES3133500001,335,Electrical Equipment,Electrical_Equipment,0.0500611455102441,0.1485427704547241,0.09848162494448,0.319477771729601,0,12.853437633434991,0.0,0.0,-118
2015-05-01,384.5,CES3133500001,335,Electrical Equipment,Electrical_Equipment,0.0500611455102441,0.1485427704547241,0.09848162494448,0.319477771729601,0,12.859699067927835,0.0,0.0,-117
2015-06-01,385.4,CES3133500001,335,Electrical Equipment,Electrical_Equipment,0.0500611455102441,0.1485427704547241,0.09848162494448,0.319477771729601,0,12.862037034962404,0.0,0.0,-116
2015-07-01,384.9,CES3133500001,335,Electrical Equipment,Electrical_Equipment,0.0500611455102441,0.1485427704547241,0.09848162494448,0.319477771729601,0,12.860738839271837,0.0,0.0,-115
2015-08-01,385.1,CES3133500001,335,Electrical Equipment,Electrical_Equipment,0.0500611455102441,0.1485427704547241,0.09848162494448,0.319477771729601,0,12.861258319803,0.0,0.0,-114
2015-09-01,384.5,CES3133500001,335,Electrical Equipment,Electrical_Equipment,0.0500611455102441,0.1485427704547241,0.09848162494448,0.319477771729601,0,12.859699067927835,0.0,0.0,-113
2015-10-01,384.3,CES3133500001,335,Electrical Equipment,Electrical_Equipment,0.0500611455102441,0.1485427704547241,0.09848162494448,0.319477771729601,0,12.859178776552936,0.0,0.0,-112
2015-11-01,382.3,CES3133500001,335,Electrical Equipment,Electrical_Equipment,0.0500611455102441,0.1485427704547241,0.09848162494448,0.319477771729601,0,12.853960919684503,0.0,0.0,-111
2015-12-01,383.9,CES3133500001,335,Electrical Equipment,Electrical_Equipment,0.0500611455102441,0.1485427704547241,0.09848162494448,0.319477771729601,0,12.85813738098889,0.0,0.0,-110
2016-01-01,385.3,CES3133500001,335,Electrical Equipment,Electrical_Equipment,0.0500611455102441,0.1485427704547241,0.09848162494448,0.319477771729601,0,12.86177753061425,0.0,0.0,-109
2016-02-01,384.5,CES3133500001,335,Electrical Equipment,Electrical_Equipment,0.0500611455102441,0.1485427704547241,0.09848162494448,0.319477771729601,0,12.859699067927835,0.0,0.0,-108
2016-03-01,384.1,CES3133500001,335,Electrical Equipment,Electrical_Equipment,0.0500611455102441,0.1485427704547241,0.09848162494448,0.319477771729601,0,12.858658214333996,0.0,0.0,-107
2016-04-01,383.9,CES3133500001,335,Electrical Equipment,Electrical_Equipment,0.0500611455102441,0.1485427704547241,0.09848162494448,0.319477771729601,0,12.85813738098889,0.0,0.0,-106
2016-05-01,382.4,CES3133500001,335,Electrical Equipment,Electrical_Equipment,0.0500611455102441,0.1485427704547241,0.09848162494448,0.319477771729601,0,12.854222460159383,0.0,0.0,-105
2016-06-01,382.8,CES3133500001,335,Electrical Equipment,Electrical_Equipment,0.0500611455102441,0.1485427704547241,0.09848162494448,0.319477771729601,0,12.855267938560937,0.0,0.0,-104
2016-07-01,381.8,CES3133500001,335,Electrical Equipment,Electrical_Equipment,0.0500611455102441,0.1485427704547241,0.09848162494448,0.319477771729601,0,12.852652190273785,0.0,0.0,-103
2016-08-01,380.1,CES3133500001,335,Electrical Equipment,Electrical_Equipment,0.0500611455102441,0.1485427704547241,0.09848162494448,0.319477771729601,0,12.84818965497734,0.0,0.0,-102
2016-09-01,381.6,CES3133500001,335,Electrical Equipment,Electrical_Equipment,0.0500611455102441,0.1485427704547241,0.09848162494448,0.319477771729601,0,12.852128218556269,0.0,0.0,-101
2016-10-01,380.9,CES3133500001,335,Electrical Equipment,Electrical_Equipment,0.0500611455102441,0.1485427704547241,0.09848162494448,0.319477771729601,0,12.850292152466695,0.0,0.0,-100
2016-11-01,381.6,CES3133500001,335,Electrical Equipment,Electrical_Equipment,0.0500611455102441,0.1485427704547241,0.09848162494448,0.319477771729601,0,12.852128218556269,0.0,0.0,-99
2016-12-01,382.2,CES3133500001,335,Electrical Equipment,Electrical_Equipment,0.0500611455102441,0.1485427704547241,0.09848162494448,0.319477771729601,0,12.85369931078831,0.0,0.0,-98
2017-01-01,382.6,CES3133500001,335,Electrical Equipment,Electrical_Equipment,0.0500611455102441,0.1485427704547241,0.09848162494448,0.319477771729601,0,12.854745335988289,0.0,0.0,-97
2017-02-01,383.6,CES3133500001,335,Electrical Equipment,Electrical_Equipment,0.0500611455102441,0.1485427704547241,0.09848162494448,0.319477771729601,0,12.85735562199142,0.0,0.0,-96
2017-03-01,384.5,CES3133500001,335,Electrical Equipment,Electrical_Equipment,0.0500611455102441,0.1485427704547241,0.09848162494448,0.319477771729601,0,12.859699067927835,0.0,0.0,-95
2017-04-01,383.9,CES3133500001,335,Electrical Equipment,Electrical_Equipment,0.0500611455102441,0.1485427704547241,0.09848162494448,0.319477771729601,0,12.85813738098889,0.0,0.0,-94
2017-05-01,383.9,CES3133500001,335,Electrical Equipment,Electrical_Equipment,0.0500611455102441,0.1485427704547241,0.09848162494448,0.319477771729601,0,12.85813738098889,0.0,0.0,-93
2017-06-01,385.5,CES3133500001,335,Electrical Equipment,Electrical_Equipment,0.0500611455102441,0.1485427704547241,0.09848162494448,0.319477771729601,0,12.862296471985522,0.0,0.0,-92
2017-07-01,386.5,CES3133500001,335,Electrical Equipment,Electrical_Equipment,0.0500611455102441,0.1485427704547241,0.09848162494448,0.319477771729601,0,12.864887147009613,0.0,0.0,-91
2017-08-01,387.7,CES3133500001,335,Electrical Equipment,Electrical_Equipment,0.0500611455102441,0.1485427704547241,0.09848162494448,0.319477771729601,0,12.86798712365902,0.0,0.0,-90
2017-09-01,388.0,CES3133500001,335,Electrical Equipment,Electrical_Equipment,0.0500611455102441,0.1485427704547241,0.09848162494448,0.319477771729601,0,12.86876061860541,0.0,0.0,-89
2017-10-01,389.6,CES3133500001,335,Electrical Equipment,Electrical_Equipment,0.0500611455102441,0.1485427704547241,0.09848162494448,0.319477771729601,0,12.872875850750518,0.0,0.0,-88
2017-11-01,389.8,CES3133500001,335,Electrical Equipment,Electrical_Equipment,0.0500611455102441,0.1485427704547241,0.09848162494448,0.319477771729601,0,12.873389066055598,0.0,0.0,-87
2017-12-01,389.9,CES3133500001,335,Electrical Equipment,Electrical_Equipment,0.0500611455102441,0.1485427704547241,0.09848162494448,0.319477771729601,0,12.87364557497069,0.0,0.0,-86
2018-01-01,391.6,CES3133500001,335,Electrical Equipment,Electrical_Equipment,0.0500611455102441,0.1485427704547241,0.09848162494448,0.319477771729601,0,12.877996189638493,0.0,0.0,-85
2018-02-01,393.2,CES3133500001,335,Electrical Equipment,Electrical_Equipment,0.0500611455102441,0.1485427704547241,0.09848162494448,0.319477771729601,0,12.882073667255149,0.0,0.0,-84
2018-03-01,393.8,CES3133500001,335,Electrical Equipment,Electrical_Equipment,0.0500611455102441,0.1485427704547241,0.09848162494448,0.319477771729601,0,12.883598445187163,0.0,0.0,-83
2018-04-01,395.8,CES3133500001,335,Electrical Equipment,Electrical_Equipment,0.0500611455102441,0.1485427704547241,0.09848162494448,0.319477771729601,0,12.888664312150603,0.0,0.0,-82
2018-05-01,398.7,CES3133500001,335,Electrical Equipment,Electrical_Equipment,0.0500611455102441,0.1485427704547241,0.09848162494448,0.319477771729601,0,12.895964533369446,0.0,0.0,-81
2018-06-01,398.5,CES3133500001,335,Electrical Equipment,Electrical_Equipment,0.0500611455102441,0.1485427704547241,0.09848162494448,0.319477771729601,0,12.895462777212407,0.0,0.0,-80
2018-07-01,400.6,CES3133500001,335,Electrical Equipment,Electrical_Equipment,0.0500611455102441,0.1485427704547241,0.09848162494448,0.319477771729601,0,12.900718702213855,0.0,0.0,-79
2018-08-01,401.8,CES3133500001,335,Electrical Equipment,Electrical_Equipment,0.0500611455102441,0.1485427704547241,0.09848162494448,0.319477771729601,0,12.903709731362971,0.0,0.0,-78
2018-09-01,403.8,CES3133500001,335,Electrical Equipment,Electrical_Equipment,0.0500611455102441,0.1485427704547241,0.09848162494448,0.319477771729601,0,12.908674984860875,0.0,0.0,-77
2018-10-01,404.4,CES3133500001,335,Electrical Equipment,Electrical_Equipment,0.0500611455102441,0.1485427704547241,0.09848162494448,0.319477771729601,0,12.910159766128453,0.0,0.0,-76
2018-11-01,405.6,CES3133500001,335,Electrical Equipment,Electrical_Equipment,0.0500611455102441,0.1485427704547241,0.09848162494448,0.319477771729601,0,12.91312273125911,0.0,0.0,-75
2018-12-01,405.8,CES3133500001,335,Electrical Equipment,Electrical_Equipment,0.0500611455102441,0.1485427704547241,0.09848162494448,0.319477771729601,0,12.913615706373852,0.0,0.0,-74
2019-01-01,405.8,CES3133500001,335,Electrical Equipment,Electrical_Equipment,0.0500611455102441,0.1485427704547241,0.09848162494448,0.319477771729601,0,12.913615706373852,0.0,0.0,-73
2019-02-01,404.8,CES3133500001,335,Electrical Equipment,Electrical_Equipment,0.0500611455102441,0.1485427704547241,0.09848162494448,0.319477771729601,0,12.911148396955392,0.0,0.0,-72
2019-03-01,404.3,CES3133500001,335,Electrical Equipment,Electrical_Equipment,0.0500611455102441,0.1485427704547241,0.09848162494448,0.319477771729601,0,12.909912455628863,0.0,0.0,-71
2019-04-01,404.1,CES3133500001,335,Electrical Equipment,Electrical_Equipment,0.0500611455102441,0.1485427704547241,0.09848162494448,0.319477771729601,0,12.909417651066565,0.0,0.0,-70
2019-05-01,402.8,CES3133500001,335,Electrical Equipment,Electrical_Equipment,0.0500611455102441,0.1485427704547241,0.09848162494448,0.319477771729601,0,12.906195439826543,0.0,0.0,-69
2019-06-01,401.5,CES3133500001,335,Electrical Equipment,Electrical_Equipment,0.0500611455102441,0.1485427704547241,0.09848162494448,0.319477771729601,0,12.902962812368953,0.0,0.0,-68
2019-07-01,403.6,CES3133500001,335,Electrical Equipment,Electrical_Equipment,0.0500611455102441,0.1485427704547241,0.09848162494448,0.319477771729601,0,12.908179567461591,0.0,0.0,-67
2019-08-01,402.8,CES3133500001,335,Electrical Equipment,Electrical_Equipment,0.0500611455102441,0.1485427704547241,0.09848162494448,0.319477771729601,0,12.906195439826543,0.0,0.0,-66
2019-09-01,400.9,CES3133500001,335,Electrical Equipment,Electrical_Equipment,0.0500611455102441,0.1485427704547241,0.09848162494448,0.319477771729601,0,12.901467298630598,0.0,0.0,-65
2019-10-01,401.0,CES3133500001,335,Electrical Equipment,Electrical_Equipment,0.0500611455102441,0.1485427704547241,0.09848162494448,0.319477771729601,0,12.901716706288706,0.0,0.0,-64
2019-11-01,400.2,CES3133500001,335,Electrical Equipment,Electrical_Equipment,0.0500611455102441,0.1485427704547241,0.09848162494448,0.319477771729601,0,12.89971970113177,0.0,0.0,-63
2019-12-01,400.0,CES3133500001,335,Electrical Equipment,Electrical_Equipment,0.0500611455102441,0.1485427704547241,0.09848162494448,0.319477771729601,0,12.89921982609012,0.0,0.0,-62
2020-01-01,399.5,CES3133500001,335,Electrical Equipment,Electrical_Equipment,0.0500611455102441,0.1485427704547241,0.09848162494448,0.319477771729601,0,12.897969044188466,0.0,0.0,-61
2020-02-01,397.8,CES3133500001,335,Electrical Equipment,Electrical_Equipment,0.0500611455102441,0.1485427704547241,0.09848162494448,0.319477771729601,0,12.893704645402009,0.0,0.0,-60
2020-03-01,395.4,CES3133500001,335,Electrical Equipment,Electrical_Equipment,0.0500611455102441,0.1485427704547241,0.09848162494448,0.319477771729601,0,12.887653189718653,0.0,0.0,-59
2020-04-01,379.0,CES3133500001,335,Electrical Equipment,Electrical_Equipment,0.0500611455102441,0.1485427704547241,0.09848162494448,0.319477771729601,0,12.845291484064564,0.0,0.0,-58
2020-05-01,373.0,CES3133500001,335,Electrical Equipment,Electrical_Equipment,0.0500611455102441,0.1485427704547241,0.09848162494448,0.319477771729601,0,12.829333698625952,0.0,0.0,-57
2020-06-01,379.1,CES3133500001,335,Electrical Equipment,Electrical_Equipment,0.0500611455102441,0.1485427704547241,0.09848162494448,0.319477771729601,0,12.845555301504426,0.0,0.0,-56
2020-07-01,377.6,CES3133500001,335,Electrical Equipment,Electrical_Equipment,0.0500611455102441,0.1485427704547241,0.09848162494448,0.319477771729601,0,12.841590713253483,0.0,0.0,-55
2020-08-01,377.9,CES3133500001,335,Electrical Equipment,Electrical_Equipment,0.0500611455102441,0.1485427704547241,0.09848162494448,0.319477771729601,0,12.84238488933758,0.0,0.0,-54
2020-09-01,380.7,CES3133500001,335,Electrical Equipment,Electrical_Equipment,0.0500611455102441,0.1485427704547241,0.09848162494448,0.319477771729601,0,12.84976694237059,0.0,0.0,-53
2020-10-01,380.3,CES3133500001,335,Electrical Equipment,Electrical_Equipment,0.0500611455102441,0.1485427704547241,0.09848162494448,0.319477771729601,0,12.84871569391635,0.0,0.0,-52
2020-11-01,382.0,CES3133500001,335,Electrical Equipment,Electrical_Equipment,0.0500611455102441,0.1485427704547241,0.09848162494448,0.319477771729601,0,12.853175887588712,0.0,0.0,-51
2020-12-01,384.8,CES3133500001,335,Electrical Equipment,Electrical_Equipment,0.0500611455102441,0.1485427704547241,0.09848162494448,0.319477771729601,0,12.860478997773688,0.0,0.0,-50
2021-01-01,382.9,CES3133500001,335,Electrical Equipment,Electrical_Equipment,0.0500611455102441,0.1485427704547241,0.09848162494448,0.319477771729601,0,12.855529137465386,0.0,0.0,-49
2021-02-01,385.4,CES3133500001,335,Electrical Equipment,Electrical_Equipment,0.0500611455102441,0.1485427704547241,0.09848162494448,0.319477771729601,0,12.862037034962404,0.0,0.0,-48
2021-03-01,388.4,CES3133500001,335,Electrical Equipment,Electrical_Equipment,0.0500611455102441,0.1485427704547241,0.09848162494448,0.319477771729601,0,12.869791015399306,0.0,0.0,-47
2021-04-01,390.1,CES3133500001,335,Electrical Equipment,Electrical_Equipment,0.0500611455102441,0.1485427704547241,0.09848162494448,0.319477771729601,0,12.874158395494748,0.0,0.0,-46
2021-05-01,392.4,CES3133500001,335,Electrical Equipment,Electrical_Equipment,0.0500611455102441,0.1485427704547241,0.09848162494448,0.319477771729601,0,12.880037006673344,0.0,0.0,-45
2021-06-01,394.4,CES3133500001,335,Electrical Equipment,Electrical_Equipment,0.0500611455102441,0.1485427704547241,0.09848162494448,0.319477771729601,0,12.885120901710618,0.0,0.0,-44
2021-07-01,395.5,CES3133500001,335,Electrical Equipment,Electrical_Equipment,0.0500611455102441,0.1485427704547241,0.09848162494448,0.319477771729601,0,12.887906066189846,0.0,0.0,-43
2021-08-01,394.4,CES3133500001,335,Electrical Equipment,Electrical_Equipment,0.0500611455102441,0.1485427704547241,0.09848162494448,0.319477771729601,0,12.885120901710618,0.0,0.0,-42
2021-09-01,393.9,CES3133500001,335,Electrical Equipment,Electrical_Equipment,0.0500611455102441,0.1485427704547241,0.09848162494448,0.319477771729601,0,12.883852348958998,0.0,0.0,-41
2021-10-01,394.5,CES3133500001,335,Electrical Equipment,Electrical_Equipment,0.0500611455102441,0.1485427704547241,0.09848162494448,0.319477771729601,0,12.885374419268066,0.0,0.0,-40
2021-11-01,396.2,CES3133500001,335,Electrical Equipment,Electrical_Equipment,0.0500611455102441,0.1485427704547241,0.09848162494448,0.319477771729601,0,12.889674413246588,0.0,0.0,-39
2021-12-01,397.3,CES3133500001,335,Electrical Equipment,Electrical_Equipment,0.0500611455102441,0.1485427704547241,0.09848162494448,0.319477771729601,0,12.89244694180269,0.0,0.0,-38
2022-01-01,396.0,CES3133500001,335,Electrical Equipment,Electrical_Equipment,0.0500611455102441,0.1485427704547241,0.09848162494448,0.319477771729601,0,12.889169490236618,0.0,0.0,-37
2022-02-01,398.5,CES3133500001,335,Electrical Equipment,Electrical_Equipment,0.0500611455102441,0.1485427704547241,0.09848162494448,0.319477771729601,0,12.895462777212407,0.0,0.0,-36
2022-03-01,401.9,CES3133500001,335,Electrical Equipment,Electrical_Equipment,0.0500611455102441,0.1485427704547241,0.09848162494448,0.319477771729601,0,12.903958580437292,0.0,0.0,-35
2022-04-01,404.1,CES3133500001,335,Electrical Equipment,Electrical_Equipment,0.0500611455102441,0.1485427704547241,0.09848162494448,0.319477771729601,0,12.909417651066565,0.0,0.0,-34
2022-05-01,405.6,CES3133500001,335,Electrical Equipment,Electrical_Equipment,0.0500611455102441,0.1485427704547241,0.09848162494448,0.319477771729601,0,12.91312273125911,0.0,0.0,-33
2022-06-01,407.2,CES3133500001,335,Electrical Equipment,Electrical_Equipment,0.0500611455102441,0.1485427704547241,0.09848162494448,0.319477771729601,0,12.91705974421845,0.0,0.0,-32
2022-07-01,407.6,CES3133500001,335,Electrical Equipment,Electrical_Equipment,0.0500611455102441,0.1485427704547241,0.09848162494448,0.319477771729601,0,12.918041580330707,0.0,0.0,-31
2022-08-01,409.2,CES3133500001,335,Electrical Equipment,Electrical_Equipment,0.0500611455102441,0.1485427704547241,0.09848162494448,0.319477771729601,0,12.921959313059608,0.0,0.0,-30
2022-09-01,411.5,CES3133500001,335,Electrical Equipment,Electrical_Equipment,0.0500611455102441,0.1485427704547241,0.09848162494448,0.319477771729601,0,12.927564299099261,0.0,0.0,-29
2022-10-01,410.6,CES3133500001,335,Electrical Equipment,Electrical_Equipment,0.0500611455102441,0.1485427704547241,0.09848162494448,0.319477771729601,0,12.925374783566971,0.0,0.0,-28
2022-11-01,410.8,CES3133500001,335,Electrical Equipment,Electrical_Equipment,0.0500611455102441,0.1485427704547241,0.09848162494448,0.319477771729601,0,12.92586175703654,0.0,0.0,-27
2022-12-01,412.1,CES3133500001,335,Electrical Equipment,Electrical_Equipment,0.0500611455102441,0.1485427704547241,0.09848162494448,0.319477771729601,0,12.929021317326908,0.0,0.0,-26
2023-01-01,414.4,CES3133500001,335,Electrical Equipment,Electrical_Equipment,0.0500611455102441,0.1485427704547241,0.09848162494448,0.319477771729601,0,12.93458696992741,0.0,0.0,-25
2023-02-01,415.4,CES3133500001,335,Electrical Equipment,Electrical_Equipment,0.0500611455102441,0.1485427704547241,0.09848162494448,0.319477771729601,0,12.93699719042415,0.0,0.0,-24
2023-03-01,414.9,CES3133500001,335,Electrical Equipment,Electrical_Equipment,0.0500611455102441,0.1485427704547241,0.09848162494448,0.319477771729601,0,12.93579280632096,0.0,0.0,-23
2023-04-01,414.3,CES3133500001,335,Electrical Equipment,Electrical_Equipment,0.0500611455102441,0.1485427704547241,0.09848162494448,0.319477771729601,0,12.934345628065493,0.0,0.0,-22
2023-05-01,417.7,CES3133500001,335,Electrical Equipment,Electrical_Equipment,0.0500611455102441,0.1485427704547241,0.09848162494448,0.319477771729601,0,12.942518750485267,0.0,0.0,-21
2023-06-01,414.7,CES3133500001,335,Electrical Equipment,Electrical_Equipment,0.0500611455102441,0.1485427704547241,0.09848162494448,0.319477771729601,0,12.935310646234473,0.0,0.0,-20
2023-07-01,416.6,CES3133500001,335,Electrical Equipment,Electrical_Equipment,0.0500611455102441,0.1485427704547241,0.09848162494448,0.319477771729601,0,12.939881807809009,0.0,0.0,-19
2023-08-01,420.1,CES3133500001,335,Electrical Equipment,Electrical_Equipment,0.0500611455102441,0.1485427704547241,0.09848162494448,0.319477771729601,0,12.948248057157473,0.0,0.0,-18
2023-09-01,420.6,CES3133500001,335,Electrical Equipment,Electrical_Equipment,0.0500611455102441,0.1485427704547241,0.09848162494448,0.319477771729601,0,12.949437542250736,0.0,0.0,-17
2023-10-01,420.6,CES3133500001,335,Electrical Equipment,Electrical_Equipment,0.0500611455102441,0.1485427704547241,0.09848162494448,0.319477771729601,0,12.949437542250736,0.0,0.0,-16
2023-11-01,419.8,CES3133500001,335,Electrical Equipment,Electrical_Equipment,0.0500611455102441,0.1485427704547241,0.09848162494448,0.319477771729601,0,12.94753368636867,0.0,0.0,-15
2023-12-01,419.5,CES3133500001,335,Electrical Equipment,Electrical_Equipment,0.0500611455102441,0.1485427704547241,0.09848162494448,0.319477771729601,0,12.946818804889398,0.0,0.0,-14
2024-01-01,416.7,CES3133500001,335,Electrical Equipment,Electrical_Equipment,0.0500611455102441,0.1485427704547241,0.09848162494448,0.319477771729601,0,12.940121817410544,0.0,0.0,-13
2024-02-01,419.3,CES3133500001,335,Electrical Equipment,Electrical_Equipment,0.0500611455102441,0.1485427704547241,0.09848162494448,0.319477771729601,0,12.946341933158854,0.0,0.0,-12
2024-03-01,418.4,CES3133500001,335,Electrical Equipment,Electrical_Equipment,0.0500611455102441,0.1485427704547241,0.09848162494448,0.319477771729601,0,12.94419319173285,0.0,0.0,-11
2024-04-01,420.7,CES3133500001,335,Electrical Equipment,Electrical_Equipment,0.0500611455102441,0.1485427704547241,0.09848162494448,0.319477771729601,0,12.949675269578613,0.0,0.0,-10
2024-05-01,420.0,CES3133500001,335,Electrical Equipment,Electrical_Equipment,0.0500611455102441,0.1485427704547241,0.09848162494448,0.319477771729601,0,12.948009990259552,0.0,0.0,-9
2024-06-01,419.3,CES3133500001,335,Electrical Equipment,Electrical_Equipment,0.0500611455102441,0.1485427704547241,0.09848162494448,0.319477771729601,0,12.946341933158854,0.0,0.0,-8
2024-07-01,420.4,CES3133500001,335,Electrical Equipment,Electrical_Equipment,0.0500611455102441,0.1485427704547241,0.09848162494448,0.319477771729601,0,12.948961917984933,0.0,0.0,-7
2024-08-01,420.1,CES3133500001,335,Electrical Equipment,Electrical_Equipment,0.0500611455102441,0.1485427704547241,0.09848162494448,0.319477771729601,0,12.948248057157473,0.0,0.0,-6
2024-09-01,420.8,CES3133500001,335,Electrical Equipment,Electrical_Equipment,0.0500611455102441,0.1485427704547241,0.09848162494448,0.319477771729601,0,12.949912940405637,0.0,0.0,-5
2024-10-01,422.9,CES3133500001,335,Electrical Equipment,Electrical_Equipment,0.0500611455102441,0.1485427704547241,0.09848162494448,0.319477771729601,0,12.95489102346058,0.0,0.0,-4
2024-11-01,424.2,CES3133500001,335,Electrical Equipment,Electrical_Equipment,0.0500611455102441,0.1485427704547241,0.09848162494448,0.319477771729601,0,12.957960321112719,0.0,0.0,-3
2024-12-01,424.5,CES3133500001,335,Electrical Equipment,Electrical_Equipment,0.0500611455102441,0.1485427704547241,0.09848162494448,0.319477771729601,0,12.958667284733538,0.0,0.0,-2
2025-01-01,426.4,CES3133500001,335,Electrical Equipment,Electrical_Equipment,0.0500611455102441,0.1485427704547241,0.09848162494448,0.319477771729601,0,12.963133151833771,0.0,0.0,-1
2025-02-01,427.5,CES3133500001,335,Electrical Equipment,Electrical_Equipment,0.0500611455102441,0.1485427704547241,0.09848162494448,0.319477771729601,1,12.965709567358951,0.09848162494448,0.319477771729601,0
2025-03-01,428.3,CES3133500001,335,Electrical Equipment,Electrical_Equipment,0.0500611455102441,0.1485427704547241,0.09848162494448,0.319477771729601,1,12.967579163603462,0.09848162494448,0.319477771729601,1
2025-04-01,427.7,CES3133500001,335,Electrical Equipment,Electrical_Equipment,0.0500611455102441,0.1485427704547241,0.09848162494448,0.319477771729601,1,12.966177294215,0.09848162494448,0.319477771729601,2
2025-05-01,428.9,CES3133500001,335,Electrical Equipment,Electrical_Equipment,0.0500611455102441,0.1485427704547241,0.09848162494448,0.319477771729601,1,12.968979070504972,0.09848162494448,0.319477771729601,3
2025-06-01,429.8,CES3133500001,335,Electrical Equipment,Electrical_Equipment,0.0500611455102441,0.1485427704547241,0.09848162494448,0.319477771729601,1,12.971075263190547,0.09848162494448,0.319477771729601,4
2025-07-01,428.7,CES3133500001,335,Electrical Equipment,Electrical_Equipment,0.0500611455102441,0.1485427704547241,0.09848162494448,0.319477771729601,1,12.96851265258607,0.09848162494448,0.319477771729601,5
2025-08-01,428.5,CES3133500001,335,Electrical Equipment,Electrical_Equipment,0.0500611455102441,0.1485427704547241,0.09848162494448,0.319477771729601,1,12.968046017019972,0.09848162494448,0.319477771729601,6
2025-09-01,429.0,CES3133500001,335,Electrical Equipment,Electrical_Equipment,0.0500611455102441,0.1485427704547241,0.09848162494448,0.319477771729601,1,12.969212197910155,0.09848162494448,0.319477771729601,7
2025-10-01,429.8,CES3133500001,335,Electrical Equipment,Electrical_Equipment,0.0500611455102441,0.1485427704547241,0.09848162494448,0.319477771729601,1,12.971075263190547,0.09848162494448,0.319477771729601,8
2025-11-01,431.2,CES3133500001,335,Electrical Equipment,Electrical_Equipment,0.0500611455102441,0.1485427704547241,0.09848162494448,0.319477771729601,1,12.974327298576924,0.09848162494448,0.319477771729601,9
2025-12-01,432.0,CES3133500001,335,Electrical Equipment,Electrical_Equipment,0.0500611455102441,0.1485427704547241,0.09848162494448,0.319477771729601,1,12.976180867226248,0.09848162494448,0.319477771729601,10
2026-01-01,432.8,CES3133500001,335,Electrical Equipment,Electrical_Equipment,0.0500611455102441,0.1485427704547241,0.09848162494448,0.319477771729601,1,12.978031006514408,0.09848162494448,0.319477771729601,11
2026-02-01,433.9,CES3133500001,335,Electrical Equipment,Electrical_Equipment,0.0500611455102441,0.1485427704547241,0.09848162494448,0.319477771729601,1,12.980569371786443,0.09848162494448,0.319477771729601,12
2026-03-01,435.8,CES3133500001,335,Electrical Equipment,Electrical_Equipment,0.0500611455102441,0.1485427704547241,0.09848162494448,0.319477771729601,1,12.984938701492657,0.09848162494448,0.319477771729601,13
2015-01-01,1470.2,CES3133200001,332,Fabricated Metal,Fabricated_Metal,0.0669243935323262,0.2407297219793481,0.1738053284470218,0.2850537115098575,0,14.200909003922124,0.0,0.0,-121
2015-02-01,1470.4,CES3133200001,332,Fabricated Metal,Fabricated_Metal,0.0669243935323262,0.2407297219793481,0.1738053284470218,0.2850537115098575,0,14.20104503058356,0.0,0.0,-120
2015-03-01,1468.8,CES3133200001,332,Fabricated Metal,Fabricated_Metal,0.0669243935323262,0.2407297219793481,0.1738053284470218,0.2850537115098575,0,14.199956298848363,0.0,0.0,-119
2015-04-01,1467.1,CES3133200001,332,Fabricated Metal,Fabricated_Metal,0.0669243935323262,0.2407297219793481,0.1738053284470218,0.2850537115098575,0,14.198798221127735,0.0,0.0,-118
2015-05-01,1464.1,CES3133200001,332,Fabricated Metal,Fabricated_Metal,0.0669243935323262,0.2407297219793481,0.1738053284470218,0.2850537115098575,0,14.196751277181573,0.0,0.0,-117
2015-06-01,1462.4,CES3133200001,332,Fabricated Metal,Fabricated_Metal,0.0669243935323262,0.2407297219793481,0.1738053284470218,0.2850537115098575,0,14.195589479682022,0.0,0.0,-116
2015-07-01,1459.1,CES3133200001,332,Fabricated Metal,Fabricated_Metal,0.0669243935323262,0.2407297219793481,0.1738053284470218,0.2850537115098575,0,14.193330365252114,0.0,0.0,-115
2015-08-01,1454.0,CES3133200001,332,Fabricated Metal,Fabricated_Metal,0.0669243935323262,0.2407297219793481,0.1738053284470218,0.2850537115098575,0,14.189828937075601,0.0,0.0,-114
2015-09-01,1449.9,CES3133200001,332,Fabricated Metal,Fabricated_Metal,0.0669243935323262,0.2407297219793481,0.1738053284470218,0.2850537115098575,0,14.187005146501285,0.0,0.0,-113
2015-10-01,1445.7,CES3133200001,332,Fabricated Metal,Fabricated_Metal,0.0669243935323262,0.2407297219793481,0.1738053284470218,0.2850537115098575,0,14.184104191296534,0.0,0.0,-112
2015-11-01,1442.9,CES3133200001,332,Fabricated Metal,Fabricated_Metal,0.0669243935323262,0.2407297219793481,0.1738053284470218,0.2850537115098575,0,14.182165535285348,0.0,0.0,-111
2015-12-01,1439.1,CES3133200001,332,Fabricated Metal,Fabricated_Metal,0.0669243935323262,0.2407297219793481,0.1738053284470218,0.2850537115098575,0,14.179528476158264,0.0,0.0,-110
2016-01-01,1444.0,CES3133200001,332,Fabricated Metal,Fabricated_Metal,0.0669243935323262,0.2407297219793481,0.1738053284470218,0.2850537115098575,0,14.182927598434908,0.0,0.0,-109
2016-02-01,1434.7,CES3133200001,332,Fabricated Metal,Fabricated_Metal,0.0669243935323262,0.2407297219793481,0.1738053284470218,0.2850537115098575,0,14.176466326086482,0.0,0.0,-108
2016-03-01,1428.3,CES3133200001,332,Fabricated Metal,Fabricated_Metal,0.0669243935323262,0.2407297219793481,0.1738053284470218,0.2850537115098575,0,14.17199548385072,0.0,0.0,-107
2016-04-01,1427.1,CES3133200001,332,Fabricated Metal,Fabricated_Metal,0.0669243935323262,0.2407297219793481,0.1738053284470218,0.2850537115098575,0,14.171154971088482,0.0,0.0,-106
2016-05-01,1422.9,CES3133200001,332,Fabricated Metal,Fabricated_Metal,0.0669243935323262,0.2407297219793481,0.1738053284470218,0.2850537115098575,0,14.168207600533783,0.0,0.0,-105
2016-06-01,1419.0,CES3133200001,332,Fabricated Metal,Fabricated_Metal,0.0669243935323262,0.2407297219793481,0.1738053284470218,0.2850537115098575,0,14.16546295614218,0.0,0.0,-104
2016-07-01,1416.6,CES3133200001,332,Fabricated Metal,Fabricated_Metal,0.0669243935323262,0.2407297219793481,0.1738053284470218,0.2850537115098575,0,14.163770192301659,0.0,0.0,-103
2016-08-01,1414.8,CES3133200001,332,Fabricated Metal,Fabricated_Metal,0.0669243935323262,0.2407297219793481,0.1738053284470218,0.2850537115098575,0,14.162498736313463,0.0,0.0,-102
2016-09-01,1412.7,CES3133200001,332,Fabricated Metal,Fabricated_Metal,0.0669243935323262,0.2407297219793481,0.1738053284470218,0.2850537115098575,0,14.161013324899756,0.0,0.0,-101
2016-10-01,1413.7,CES3133200001,332,Fabricated Metal,Fabricated_Metal,0.0669243935323262,0.2407297219793481,0.1738053284470218,0.2850537115098575,0,14.161720938855124,0.0,0.0,-100
2016-11-01,1411.6,CES3133200001,332,Fabricated Metal,Fabricated_Metal,0.0669243935323262,0.2407297219793481,0.1738053284470218,0.2850537115098575,0,14.160234370783252,0.0,0.0,-99
2016-12-01,1413.7,CES3133200001,332,Fabricated Metal,Fabricated_Metal,0.0669243935323262,0.2407297219793481,0.1738053284470218,0.2850537115098575,0,14.161720938855124,0.0,0.0,-98
2017-01-01,1413.9,CES3133200001,332,Fabricated Metal,Fabricated_Metal,0.0669243935323262,0.2407297219793481,0.1738053284470218,0.2850537115098575,0,14.161862401579931,0.0,0.0,-97
2017-02-01,1416.7,CES3133200001,332,Fabricated Metal,Fabricated_Metal,0.0669243935323262,0.2407297219793481,0.1738053284470218,0.2850537115098575,0,14.163840781367442,0.0,0.0,-96
2017-03-01,1417.9,CES3133200001,332,Fabricated Metal,Fabricated_Metal,0.0669243935323262,0.2407297219793481,0.1738053284470218,0.2850537115098575,0,14.164687461725649,0.0,0.0,-95
2017-04-01,1416.1,CES3133200001,332,Fabricated Metal,Fabricated_Metal,0.0669243935323262,0.2407297219793481,0.1738053284470218,0.2850537115098575,0,14.16341717221115,0.0,0.0,-94
2017-05-01,1420.3,CES3133200001,332,Fabricated Metal,Fabricated_Metal,0.0669243935323262,0.2407297219793481,0.1738053284470218,0.2850537115098575,0,14.16637867486922,0.0,0.0,-93
2017-06-01,1420.4,CES3133200001,332,Fabricated Metal,Fabricated_Metal,0.0669243935323262,0.2407297219793481,0.1738053284470218,0.2850537115098575,0,14.16644908005107,0.0,0.0,-92
2017-07-01,1423.8,CES3133200001,332,Fabricated Metal,Fabricated_Metal,0.0669243935323262,0.2407297219793481,0.1738053284470218,0.2850537115098575,0,14.16883991165191,0.0,0.0,-91
2017-08-01,1424.6,CES3133200001,332,Fabricated Metal,Fabricated_Metal,0.0669243935323262,0.2407297219793481,0.1738053284470218,0.2850537115098575,0,14.16940163052639,0.0,0.0,-90
2017-09-01,1430.2,CES3133200001,332,Fabricated Metal,Fabricated_Metal,0.0669243935323262,0.2407297219793481,0.1738053284470218,0.2850537115098575,0,14.173324852596433,0.0,0.0,-89
2017-10-01,1433.2,CES3133200001,332,Fabricated Metal,Fabricated_Metal,0.0669243935323262,0.2407297219793481,0.1738053284470218,0.2850537115098575,0,14.175420264412935,0.0,0.0,-88
2017-11-01,1437.3,CES3133200001,332,Fabricated Metal,Fabricated_Metal,0.0669243935323262,0.2407297219793481,0.1738053284470218,0.2850537115098575,0,14.178276911539323,0.0,0.0,-87
2017-12-01,1441.3,CES3133200001,332,Fabricated Metal,Fabricated_Metal,0.0669243935323262,0.2407297219793481,0.1738053284470218,0.2850537115098575,0,14.181056042071194,0.0,0.0,-86
2018-01-01,1446.4,CES3133200001,332,Fabricated Metal,Fabricated_Metal,0.0669243935323262,0.2407297219793481,0.1738053284470218,0.2850537115098575,0,14.184588268620049,0.0,0.0,-85
2018-02-01,1449.5,CES3133200001,332,Fabricated Metal,Fabricated_Metal,0.0669243935323262,0.2407297219793481,0.1738053284470218,0.2850537115098575,0,14.186729227343847,0.0,0.0,-84
2018-03-01,1454.3,CES3133200001,332,Fabricated Metal,Fabricated_Metal,0.0669243935323262,0.2407297219793481,0.1738053284470218,0.2850537115098575,0,14.190035243165802,0.0,0.0,-83
2018-04-01,1458.9,CES3133200001,332,Fabricated Metal,Fabricated_Metal,0.0669243935323262,0.2407297219793481,0.1738053284470218,0.2850537115098575,0,14.193193285059987,0.0,0.0,-82
2018-05-01,1464.2,CES3133200001,332,Fabricated Metal,Fabricated_Metal,0.0669243935323262,0.2407297219793481,0.1738053284470218,0.2850537115098575,0,14.19681957619468,0.0,0.0,-81
2018-06-01,1472.2,CES3133200001,332,Fabricated Metal,Fabricated_Metal,0.0669243935323262,0.2407297219793481,0.1738053284470218,0.2850537115098575,0,14.202268438606742,0.0,0.0,-80
2018-07-01,1474.0,CES3133200001,332,Fabricated Metal,Fabricated_Metal,0.0669243935323262,0.2407297219793481,0.1738053284470218,0.2850537115098575,0,14.20349035173142,0.0,0.0,-79
2018-08-01,1479.3,CES3133200001,332,Fabricated Metal,Fabricated_Metal,0.0669243935323262,0.2407297219793481,0.1738053284470218,0.2850537115098575,0,14.207079560880327,0.0,0.0,-78
2018-09-01,1482.1,CES3133200001,332,Fabricated Metal,Fabricated_Metal,0.0669243935323262,0.2407297219793481,0.1738053284470218,0.2850537115098575,0,14.208970558945007,0.0,0.0,-77
2018-10-01,1482.7,CES3133200001,332,Fabricated Metal,Fabricated_Metal,0.0669243935323262,0.2407297219793481,0.1738053284470218,0.2850537115098575,0,14.209375308006118,0.0,0.0,-76
2018-11-01,1481.1,CES3133200001,332,Fabricated Metal,Fabricated_Metal,0.0669243935323262,0.2407297219793481,0.1738053284470218,0.2850537115098575,0,14.208295612915064,0.0,0.0,-75
2018-12-01,1489.3,CES3133200001,332,Fabricated Metal,Fabricated_Metal,0.0669243935323262,0.2407297219793481,0.1738053284470218,0.2850537115098575,0,14.21381676887396,0.0,0.0,-74
2019-01-01,1493.4,CES3133200001,332,Fabricated Metal,Fabricated_Metal,0.0669243935323262,0.2407297219793481,0.1738053284470218,0.2850537115098575,0,14.216565957583738,0.0,0.0,-73
2019-02-01,1491.4,CES3133200001,332,Fabricated Metal,Fabricated_Metal,0.0669243935323262,0.2407297219793481,0.1738053284470218,0.2850537115098575,0,14.215225834091832,0.0,0.0,-72
2019-03-01,1492.1,CES3133200001,332,Fabricated Metal,Fabricated_Metal,0.0669243935323262,0.2407297219793481,0.1738053284470218,0.2850537115098575,0,14.215695081628512,0.0,0.0,-71
2019-04-01,1492.0,CES3133200001,332,Fabricated Metal,Fabricated_Metal,0.0669243935323262,0.2407297219793481,0.1738053284470218,0.2850537115098575,0,14.215628059745843,0.0,0.0,-70
2019-05-01,1488.1,CES3133200001,332,Fabricated Metal,Fabricated_Metal,0.0669243935323262,0.2407297219793481,0.1738053284470218,0.2850537115098575,0,14.213010696418142,0.0,0.0,-69
2019-06-01,1487.3,CES3133200001,332,Fabricated Metal,Fabricated_Metal,0.0669243935323262,0.2407297219793481,0.1738053284470218,0.2850537115098575,0,14.21247295358069,0.0,0.0,-68
2019-07-01,1487.9,CES3133200001,332,Fabricated Metal,Fabricated_Metal,0.0669243935323262,0.2407297219793481,0.1738053284470218,0.2850537115098575,0,14.212876287815789,0.0,0.0,-67
2019-08-01,1484.3,CES3133200001,332,Fabricated Metal,Fabricated_Metal,0.0669243935323262,0.2407297219793481,0.1738053284470218,0.2850537115098575,0,14.210453838612857,0.0,0.0,-66
2019-09-01,1480.1,CES3133200001,332,Fabricated Metal,Fabricated_Metal,0.0669243935323262,0.2407297219793481,0.1738053284470218,0.2850537115098575,0,14.20762021102528,0.0,0.0,-65
2019-10-01,1479.0,CES3133200001,332,Fabricated Metal,Fabricated_Metal,0.0669243935323262,0.2407297219793481,0.1738053284470218,0.2850537115098575,0,14.206876741692938,0.0,0.0,-64
2019-11-01,1477.1,CES3133200001,332,Fabricated Metal,Fabricated_Metal,0.0669243935323262,0.2407297219793481,0.1738053284470218,0.2850537115098575,0,14.20559126402869,0.0,0.0,-63
2019-12-01,1470.5,CES3133200001,332,Fabricated Metal,Fabricated_Metal,0.0669243935323262,0.2407297219793481,0.1738053284470218,0.2850537115098575,0,14.201113036976187,0.0,0.0,-62
2020-01-01,1464.4,CES3133200001,332,Fabricated Metal,Fabricated_Metal,0.0669243935323262,0.2407297219793481,0.1738053284470218,0.2850537115098575,0,14.196956160228218,0.0,0.0,-61
2020-02-01,1464.7,CES3133200001,332,Fabricated Metal,Fabricated_Metal,0.0669243935323262,0.2407297219793481,0.1738053284470218,0.2850537115098575,0,14.197161001306398,0.0,0.0,-60
2020-03-01,1454.8,CES3133200001,332,Fabricated Metal,Fabricated_Metal,0.0669243935323262,0.2407297219793481,0.1738053284470218,0.2850537115098575,0,14.19037899209497,0.0,0.0,-59
2020-04-01,1343.2,CES3133200001,332,Fabricated Metal,Fabricated_Metal,0.0669243935323262,0.2407297219793481,0.1738053284470218,0.2850537115098575,0,14.110565384745469,0.0,0.0,-58
2020-05-01,1366.8,CES3133200001,332,Fabricated Metal,Fabricated_Metal,0.0669243935323262,0.2407297219793481,0.1738053284470218,0.2850537115098575,0,14.127982799223274,0.0,0.0,-57
2020-06-01,1371.3,CES3133200001,332,Fabricated Metal,Fabricated_Metal,0.0669243935323262,0.2407297219793481,0.1738053284470218,0.2850537115098575,0,14.131269752987945,0.0,0.0,-56
2020-07-01,1353.9,CES3133200001,332,Fabricated Metal,Fabricated_Metal,0.0669243935323262,0.2407297219793481,0.1738053284470218,0.2850537115098575,0,14.118499874483202,0.0,0.0,-55
2020-08-01,1360.3,CES3133200001,332,Fabricated Metal,Fabricated_Metal,0.0669243935323262,0.2407297219793481,0.1738053284470218,0.2850537115098575,0,14.123215821621521,0.0,0.0,-54
2020-09-01,1361.3,CES3133200001,332,Fabricated Metal,Fabricated_Metal,0.0669243935323262,0.2407297219793481,0.1738053284470218,0.2850537115098575,0,14.123950683500565,0.0,0.0,-53
2020-10-01,1363.3,CES3133200001,332,Fabricated Metal,Fabricated_Metal,0.0669243935323262,0.2407297219793481,0.1738053284470218,0.2850537115098575,0,14.125418789174221,0.0,0.0,-52
2020-11-01,1362.4,CES3133200001,332,Fabricated Metal,Fabricated_Metal,0.0669243935323262,0.2407297219793481,0.1738053284470218,0.2850537115098575,0,14.124758408330615,0.0,0.0,-51
2020-12-01,1365.8,CES3133200001,332,Fabricated Metal,Fabricated_Metal,0.0669243935323262,0.2407297219793481,0.1738053284470218,0.2850537115098575,0,14.127250895509126,0.0,0.0,-50
2021-01-01,1357.2,CES3133200001,332,Fabricated Metal,Fabricated_Metal,0.0669243935323262,0.2407297219793481,0.1738053284470218,0.2850537115098575,0,14.120934311892212,0.0,0.0,-49
2021-02-01,1360.7,CES3133200001,332,Fabricated Metal,Fabricated_Metal,0.0669243935323262,0.2407297219793481,0.1738053284470218,0.2850537115098575,0,14.12350983117895,0.0,0.0,-48
2021-03-01,1372.6,CES3133200001,332,Fabricated Metal,Fabricated_Metal,0.0669243935323262,0.2407297219793481,0.1738053284470218,0.2850537115098575,0,14.13221730945667,0.0,0.0,-47
2021-04-01,1372.7,CES3133200001,332,Fabricated Metal,Fabricated_Metal,0.0669243935323262,0.2407297219793481,0.1738053284470218,0.2850537115098575,0,14.132290161239752,0.0,0.0,-46
2021-05-01,1374.8,CES3133200001,332,Fabricated Metal,Fabricated_Metal,0.0669243935323262,0.2407297219793481,0.1738053284470218,0.2850537115098575,0,14.133818823957816,0.0,0.0,-45
2021-06-01,1378.8,CES3133200001,332,Fabricated Metal,Fabricated_Metal,0.0669243935323262,0.2407297219793481,0.1738053284470218,0.2850537115098575,0,14.136724113624847,0.0,0.0,-44
2021-07-01,1382.1,CES3133200001,332,Fabricated Metal,Fabricated_Metal,0.0669243935323262,0.2407297219793481,0.1738053284470218,0.2850537115098575,0,14.139114639592117,0.0,0.0,-43
2021-08-01,1385.8,CES3133200001,332,Fabricated Metal,Fabricated_Metal,0.0669243935323262,0.2407297219793481,0.1738053284470218,0.2850537115098575,0,14.141788148175419,0.0,0.0,-42
2021-09-01,1391.6,CES3133200001,332,Fabricated Metal,Fabricated_Metal,0.0669243935323262,0.2407297219793481,0.1738053284470218,0.2850537115098575,0,14.145964722259924,0.0,0.0,-41
2021-10-01,1395.9,CES3133200001,332,Fabricated Metal,Fabricated_Metal,0.0669243935323262,0.2407297219793481,0.1738053284470218,0.2850537115098575,0,14.14904992650085,0.0,0.0,-40
2021-11-01,1406.4,CES3133200001,332,Fabricated Metal,Fabricated_Metal,0.0669243935323262,0.2407297219793481,0.1738053284470218,0.2850537115098575,0,14.15654380591305,0.0,0.0,-39
2021-12-01,1405.4,CES3133200001,332,Fabricated Metal,Fabricated_Metal,0.0669243935323262,0.2407297219793481,0.1738053284470218,0.2850537115098575,0,14.155832517740235,0.0,0.0,-38
2022-01-01,1407.1,CES3133200001,332,Fabricated Metal,Fabricated_Metal,0.0669243935323262,0.2407297219793481,0.1738053284470218,0.2850537115098575,0,14.157041406776347,0.0,0.0,-37
2022-02-01,1413.8,CES3133200001,332,Fabricated Metal,Fabricated_Metal,0.0669243935323262,0.2407297219793481,0.1738053284470218,0.2850537115098575,0,14.16179167271899,0.0,0.0,-36
2022-03-01,1422.5,CES3133200001,332,Fabricated Metal,Fabricated_Metal,0.0669243935323262,0.2407297219793481,0.1738053284470218,0.2850537115098575,0,14.167926444982623,0.0,0.0,-35
2022-04-01,1423.5,CES3133200001,332,Fabricated Metal,Fabricated_Metal,0.0669243935323262,0.2407297219793481,0.1738053284470218,0.2850537115098575,0,14.16862918570023,0.0,0.0,-34
2022-05-01,1430.0,CES3133200001,332,Fabricated Metal,Fabricated_Metal,0.0669243935323262,0.2407297219793481,0.1738053284470218,0.2850537115098575,0,14.17318500223609,0.0,0.0,-33
2022-06-01,1430.2,CES3133200001,332,Fabricated Metal,Fabricated_Metal,0.0669243935323262,0.2407297219793481,0.1738053284470218,0.2850537115098575,0,14.173324852596433,0.0,0.0,-32
2022-07-01,1435.8,CES3133200001,332,Fabricated Metal,Fabricated_Metal,0.0669243935323262,0.2407297219793481,0.1738053284470218,0.2850537115098575,0,14.17723274312452,0.0,0.0,-31
2022-08-01,1438.6,CES3133200001,332,Fabricated Metal,Fabricated_Metal,0.0669243935323262,0.2407297219793481,0.1738053284470218,0.2850537115098575,0,14.179180976415394,0.0,0.0,-30
2022-09-01,1440.8,CES3133200001,332,Fabricated Metal,Fabricated_Metal,0.0669243935323262,0.2407297219793481,0.1738053284470218,0.2850537115098575,0,14.180709072843884,0.0,0.0,-29
2022-10-01,1447.2,CES3133200001,332,Fabricated Metal,Fabricated_Metal,0.0669243935323262,0.2407297219793481,0.1738053284470218,0.2850537115098575,0,14.185141213063222,0.0,0.0,-28
2022-11-01,1447.9,CES3133200001,332,Fabricated Metal,Fabricated_Metal,0.0669243935323262,0.2407297219793481,0.1738053284470218,0.2850537115098575,0,14.185624788769513,0.0,0.0,-27
2022-12-01,1448.6,CES3133200001,332,Fabricated Metal,Fabricated_Metal,0.0669243935323262,0.2407297219793481,0.1738053284470218,0.2850537115098575,0,14.186108130743362,0.0,0.0,-26
2023-01-01,1449.1,CES3133200001,332,Fabricated Metal,Fabricated_Metal,0.0669243935323262,0.2407297219793481,0.1738053284470218,0.2850537115098575,0,14.186453232034015,0.0,0.0,-25
2023-02-01,1448.2,CES3133200001,332,Fabricated Metal,Fabricated_Metal,0.0669243935323262,0.2407297219793481,0.1738053284470218,0.2850537115098575,0,14.185831963936858,0.0,0.0,-24
2023-03-01,1446.4,CES3133200001,332,Fabricated Metal,Fabricated_Metal,0.0669243935323262,0.2407297219793481,0.1738053284470218,0.2850537115098575,0,14.184588268620049,0.0,0.0,-23
2023-04-01,1447.2,CES3133200001,332,Fabricated Metal,Fabricated_Metal,0.0669243935323262,0.2407297219793481,0.1738053284470218,0.2850537115098575,0,14.185141213063222,0.0,0.0,-22
2023-05-01,1447.0,CES3133200001,332,Fabricated Metal,Fabricated_Metal,0.0669243935323262,0.2407297219793481,0.1738053284470218,0.2850537115098575,0,14.185003005613622,0.0,0.0,-21
2023-06-01,1448.9,CES3133200001,332,Fabricated Metal,Fabricated_Metal,0.0669243935323262,0.2407297219793481,0.1738053284470218,0.2850537115098575,0,14.186315205808814,0.0,0.0,-20
2023-07-01,1444.7,CES3133200001,332,Fabricated Metal,Fabricated_Metal,0.0669243935323262,0.2407297219793481,0.1738053284470218,0.2850537115098575,0,14.183412245517474,0.0,0.0,-19
2023-08-01,1447.5,CES3133200001,332,Fabricated Metal,Fabricated_Metal,0.0669243935323262,0.2407297219793481,0.1738053284470218,0.2850537115098575,0,14.185348488429288,0.0,0.0,-18
2023-09-01,1447.8,CES3133200001,332,Fabricated Metal,Fabricated_Metal,0.0669243935323262,0.2407297219793481,0.1738053284470218,0.2850537115098575,0,14.185555720841178,0.0,0.0,-17
2023-10-01,1446.4,CES3133200001,332,Fabricated Metal,Fabricated_Metal,0.0669243935323262,0.2407297219793481,0.1738053284470218,0.2850537115098575,0,14.184588268620049,0.0,0.0,-16
2023-11-01,1446.8,CES3133200001,332,Fabricated Metal,Fabricated_Metal,0.0669243935323262,0.2407297219793481,0.1738053284470218,0.2850537115098575,0,14.18486477906008,0.0,0.0,-15
2023-12-01,1448.7,CES3133200001,332,Fabricated Metal,Fabricated_Metal,0.0669243935323262,0.2407297219793481,0.1738053284470218,0.2850537115098575,0,14.186177160529743,0.0,0.0,-14
2024-01-01,1450.2,CES3133200001,332,Fabricated Metal,Fabricated_Metal,0.0669243935323262,0.2407297219793481,0.1738053284470218,0.2850537115098575,0,14.187212035919629,0.0,0.0,-13
2024-02-01,1452.1,CES3133200001,332,Fabricated Metal,Fabricated_Metal,0.0669243935323262,0.2407297219793481,0.1738053284470218,0.2850537115098575,0,14.188521342518829,0.0,0.0,-12
2024-03-01,1448.2,CES3133200001,332,Fabricated Metal,Fabricated_Metal,0.0669243935323262,0.2407297219793481,0.1738053284470218,0.2850537115098575,0,14.185831963936858,0.0,0.0,-11
2024-04-01,1445.4,CES3133200001,332,Fabricated Metal,Fabricated_Metal,0.0669243935323262,0.2407297219793481,0.1738053284470218,0.2850537115098575,0,14.183896657831017,0.0,0.0,-10
2024-05-01,1444.2,CES3133200001,332,Fabricated Metal,Fabricated_Metal,0.0669243935323262,0.2407297219793481,0.1738053284470218,0.2850537115098575,0,14.18306609299922,0.0,0.0,-9
2024-06-01,1439.9,CES3133200001,332,Fabricated Metal,Fabricated_Metal,0.0669243935323262,0.2407297219793481,0.1738053284470218,0.2850537115098575,0,14.180084224696362,0.0,0.0,-8
2024-07-01,1439.3,CES3133200001,332,Fabricated Metal,Fabricated_Metal,0.0669243935323262,0.2407297219793481,0.1738053284470218,0.2850537115098575,0,14.179667442250762,0.0,0.0,-7
2024-08-01,1437.3,CES3133200001,332,Fabricated Metal,Fabricated_Metal,0.0669243935323262,0.2407297219793481,0.1738053284470218,0.2850537115098575,0,14.178276911539323,0.0,0.0,-6
2024-09-01,1437.9,CES3133200001,332,Fabricated Metal,Fabricated_Metal,0.0669243935323262,0.2407297219793481,0.1738053284470218,0.2850537115098575,0,14.178694273815832,0.0,0.0,-5
2024-10-01,1435.2,CES3133200001,332,Fabricated Metal,Fabricated_Metal,0.0669243935323262,0.2407297219793481,0.1738053284470218,0.2850537115098575,0,14.176814770286668,0.0,0.0,-4
2024-11-01,1435.6,CES3133200001,332,Fabricated Metal,Fabricated_Metal,0.0669243935323262,0.2407297219793481,0.1738053284470218,0.2850537115098575,0,14.17709343825559,0.0,0.0,-3
2024-12-01,1432.7,CES3133200001,332,Fabricated Metal,Fabricated_Metal,0.0669243935323262,0.2407297219793481,0.1738053284470218,0.2850537115098575,0,14.175071333881464,0.0,0.0,-2
2025-01-01,1433.7,CES3133200001,332,Fabricated Metal,Fabricated_Metal,0.0669243935323262,0.2407297219793481,0.1738053284470218,0.2850537115098575,0,14.17576907323436,0.0,0.0,-1
2025-02-01,1435.7,CES3133200001,332,Fabricated Metal,Fabricated_Metal,0.0669243935323262,0.2407297219793481,0.1738053284470218,0.2850537115098575,1,14.177163093115785,0.1738053284470218,0.2850537115098575,0
2025-03-01,1434.2,CES3133200001,332,Fabricated Metal,Fabricated_Metal,0.0669243935323262,0.2407297219793481,0.1738053284470218,0.2850537115098575,1,14.176117760430612,0.1738053284470218,0.2850537115098575,1
2025-04-01,1436.3,CES3133200001,332,Fabricated Metal,Fabricated_Metal,0.0669243935323262,0.2407297219793481,0.1738053284470218,0.2850537115098575,1,14.177580920419913,0.1738053284470218,0.2850537115098575,2
2025-05-01,1434.8,CES3133200001,332,Fabricated Metal,Fabricated_Metal,0.0669243935323262,0.2407297219793481,0.1738053284470218,0.2850537115098575,1,14.176536024640265,0.1738053284470218,0.2850537115098575,3
2025-06-01,1434.9,CES3133200001,332,Fabricated Metal,Fabricated_Metal,0.0669243935323262,0.2407297219793481,0.1738053284470218,0.2850537115098575,1,14.176605718336498,0.1738053284470218,0.2850537115098575,4
2025-07-01,1434.7,CES3133200001,332,Fabricated Metal,Fabricated_Metal,0.0669243935323262,0.2407297219793481,0.1738053284470218,0.2850537115098575,1,14.176466326086482,0.1738053284470218,0.2850537115098575,5
2025-08-01,1435.8,CES3133200001,332,Fabricated Metal,Fabricated_Metal,0.0669243935323262,0.2407297219793481,0.1738053284470218,0.2850537115098575,1,14.17723274312452,0.1738053284470218,0.2850537115098575,6
2025-09-01,1436.2,CES3133200001,332,Fabricated Metal,Fabricated_Metal,0.0669243935323262,0.2407297219793481,0.1738053284470218,0.2850537115098575,1,14.177511294658354,0.1738053284470218,0.2850537115098575,7
2025-10-01,1438.7,CES3133200001,332,Fabricated Metal,Fabricated_Metal,0.0669243935323262,0.2407297219793481,0.1738053284470218,0.2850537115098575,1,14.179250486025124,0.1738053284470218,0.2850537115098575,8
2025-11-01,1439.9,CES3133200001,332,Fabricated Metal,Fabricated_Metal,0.0669243935323262,0.2407297219793481,0.1738053284470218,0.2850537115098575,1,14.180084224696362,0.1738053284470218,0.2850537115098575,9
2025-12-01,1439.7,CES3133200001,332,Fabricated Metal,Fabricated_Metal,0.0669243935323262,0.2407297219793481,0.1738053284470218,0.2850537115098575,1,14.179945316514447,0.1738053284470218,0.2850537115098575,10
2026-01-01,1438.8,CES3133200001,332,Fabricated Metal,Fabricated_Metal,0.0669243935323262,0.2407297219793481,0.1738053284470218,0.2850537115098575,1,14.179319990803606,0.1738053284470218,0.2850537115098575,11
2026-02-01,1440.5,CES3133200001,332,Fabricated Metal,Fabricated_Metal,0.0669243935323262,0.2407297219793481,0.1738053284470218,0.2850537115098575,1,14.18050083350672,0.1738053284470218,0.2850537115098575,12
2026-03-01,1445.7,CES3133200001,332,Fabricated Metal,Fabricated_Metal,0.0669243935323262,0.2407297219793481,0.1738053284470218,0.2850537115098575,1,14.184104191296534,0.1738053284470218,0.2850537115098575,13
2015-01-01,1498.7,CES3231100001,311,Food,Food,0.0259536683305208,0.077531082436203,0.0515774141056822,0.0459271797978019,0,14.220108623633088,0.0,0.0,-121
2015-02-01,1501.0,CES3231100001,311,Food,Food,0.0259536683305208,0.077531082436203,0.0515774141056822,0.0459271797978019,0,14.2216421106156,0.0,0.0,-120
2015-03-01,1505.2,CES3231100001,311,Food,Food,0.0259536683305208,0.077531082436203,0.0515774141056822,0.0459271797978019,0,14.22443633770142,0.0,0.0,-119
2015-04-01,1504.9,CES3231100001,311,Food,Food,0.0259536683305208,0.077531082436203,0.0515774141056822,0.0459271797978019,0,14.22423700877481,0.0,0.0,-118
2015-05-01,1506.5,CES3231100001,311,Food,Food,0.0259536683305208,0.077531082436203,0.0515774141056822,0.0459271797978019,0,14.225299637552492,0.0,0.0,-117
2015-06-01,1508.9,CES3231100001,311,Food,Food,0.0259536683305208,0.077531082436203,0.0515774141056822,0.0459271797978019,0,14.226891466501742,0.0,0.0,-116
2015-07-01,1512.3,CES3231100001,311,Food,Food,0.0259536683305208,0.077531082436203,0.0515774141056822,0.0459271797978019,0,14.229142228738832,0.0,0.0,-115
2015-08-01,1508.6,CES3231100001,311,Food,Food,0.0259536683305208,0.077531082436203,0.0515774141056822,0.0459271797978019,0,14.226692626401668,0.0,0.0,-114
2015-09-01,1515.6,CES3231100001,311,Food,Food,0.0259536683305208,0.077531082436203,0.0515774141056822,0.0459271797978019,0,14.231321958126582,0.0,0.0,-113
2015-10-01,1522.1,CES3231100001,311,Food,Food,0.0259536683305208,0.077531082436203,0.0515774141056822,0.0459271797978019,0,14.235601518267758,0.0,0.0,-112
2015-11-01,1528.1,CES3231100001,311,Food,Food,0.0259536683305208,0.077531082436203,0.0515774141056822,0.0459271797978019,0,14.239535691593348,0.0,0.0,-111
2015-12-01,1531.9,CES3231100001,311,Food,Food,0.0259536683305208,0.077531082436203,0.0515774141056822,0.0459271797978019,0,14.242019353000787,0.0,0.0,-110
2016-01-01,1540.6,CES3231100001,311,Food,Food,0.0259536683305208,0.077531082436203,0.0515774141056822,0.0459271797978019,0,14.247682508901002,0.0,0.0,-109
2016-02-01,1537.8,CES3231100001,311,Food,Food,0.0259536683305208,0.077531082436203,0.0515774141056822,0.0459271797978019,0,14.245863381580218,0.0,0.0,-108
2016-03-01,1540.5,CES3231100001,311,Food,Food,0.0259536683305208,0.077531082436203,0.0515774141056822,0.0459271797978019,0,14.24761759701886,0.0,0.0,-107
2016-04-01,1544.0,CES3231100001,311,Food,Food,0.0259536683305208,0.077531082436203,0.0515774141056822,0.0459271797978019,0,14.249887009566859,0.0,0.0,-106
2016-05-01,1544.1,CES3231100001,311,Food,Food,0.0259536683305208,0.077531082436203,0.0515774141056822,0.0459271797978019,0,14.249951774308956,0.0,0.0,-105
2016-06-01,1562.0,CES3231100001,311,Food,Food,0.0259536683305208,0.077531082436203,0.0515774141056822,0.0459271797978019,0,14.261477609381767,0.0,0.0,-104
2016-07-01,1570.1,CES3231100001,311,Food,Food,0.0259536683305208,0.077531082436203,0.0515774141056822,0.0459271797978019,0,14.266649869563613,0.0,0.0,-103
2016-08-01,1568.8,CES3231100001,311,Food,Food,0.0259536683305208,0.077531082436203,0.0515774141056822,0.0459271797978019,0,14.265821553864274,0.0,0.0,-102
2016-09-01,1566.9,CES3231100001,311,Food,Food,0.0259536683305208,0.077531082436203,0.0515774141056822,0.0459271797978019,0,14.2646097030925,0.0,0.0,-101
2016-10-01,1567.5,CES3231100001,311,Food,Food,0.0259536683305208,0.077531082436203,0.0515774141056822,0.0459271797978019,0,14.264992551489213,0.0,0.0,-100
2016-11-01,1569.1,CES3231100001,311,Food,Food,0.0259536683305208,0.077531082436203,0.0515774141056822,0.0459271797978019,0,14.26601276454716,0.0,0.0,-99
2016-12-01,1572.2,CES3231100001,311,Food,Food,0.0259536683305208,0.077531082436203,0.0515774141056822,0.0459271797978019,0,14.267986470341793,0.0,0.0,-98
2017-01-01,1577.2,CES3231100001,311,Food,Food,0.0259536683305208,0.077531082436203,0.0515774141056822,0.0459271797978019,0,14.271161680985609,0.0,0.0,-97
2017-02-01,1588.3,CES3231100001,311,Food,Food,0.0259536683305208,0.077531082436203,0.0515774141056822,0.0459271797978019,0,14.278174819823246,0.0,0.0,-96
2017-03-01,1588.4,CES3231100001,311,Food,Food,0.0259536683305208,0.077531082436203,0.0515774141056822,0.0459271797978019,0,14.278237778239234,0.0,0.0,-95
2017-04-01,1593.1,CES3231100001,311,Food,Food,0.0259536683305208,0.077531082436203,0.0515774141056822,0.0459271797978019,0,14.281192361560986,0.0,0.0,-94
2017-05-01,1595.9,CES3231100001,311,Food,Food,0.0259536683305208,0.077531082436203,0.0515774141056822,0.0459271797978019,0,14.282948398387278,0.0,0.0,-93
2017-06-01,1598.3,CES3231100001,311,Food,Food,0.0259536683305208,0.077531082436203,0.0515774141056822,0.0459271797978019,0,14.284451122356744,0.0,0.0,-92
2017-07-01,1601.8,CES3231100001,311,Food,Food,0.0259536683305208,0.077531082436203,0.0515774141056822,0.0459271797978019,0,14.286638554871718,0.0,0.0,-91
2017-08-01,1609.1,CES3231100001,311,Food,Food,0.0259536683305208,0.077531082436203,0.0515774141056822,0.0459271797978019,0,14.291185574447242,0.0,0.0,-90
2017-09-01,1609.5,CES3231100001,311,Food,Food,0.0259536683305208,0.077531082436203,0.0515774141056822,0.0459271797978019,0,14.291434129720999,0.0,0.0,-89
2017-10-01,1603.4,CES3231100001,311,Food,Food,0.0259536683305208,0.077531082436203,0.0515774141056822,0.0459271797978019,0,14.287636932590988,0.0,0.0,-88
2017-11-01,1603.4,CES3231100001,311,Food,Food,0.0259536683305208,0.077531082436203,0.0515774141056822,0.0459271797978019,0,14.287636932590988,0.0,0.0,-87
2017-12-01,1606.6,CES3231100001,311,Food,Food,0.0259536683305208,0.077531082436203,0.0515774141056822,0.0459271797978019,0,14.28963070272185,0.0,0.0,-86
2018-01-01,1608.0,CES3231100001,311,Food,Food,0.0259536683305208,0.077531082436203,0.0515774141056822,0.0459271797978019,0,14.290501728721049,0.0,0.0,-85
2018-02-01,1608.8,CES3231100001,311,Food,Food,0.0259536683305208,0.077531082436203,0.0515774141056822,0.0459271797978019,0,14.29099911744058,0.0,0.0,-84
2018-03-01,1610.1,CES3231100001,311,Food,Food,0.0259536683305208,0.077531082436203,0.0515774141056822,0.0459271797978019,0,14.29180684683303,0.0,0.0,-83
2018-04-01,1607.7,CES3231100001,311,Food,Food,0.0259536683305208,0.077531082436203,0.0515774141056822,0.0459271797978019,0,14.290315144151052,0.0,0.0,-82
2018-05-01,1617.5,CES3231100001,311,Food,Food,0.0259536683305208,0.077531082436203,0.0515774141056822,0.0459271797978019,0,14.296392305357193,0.0,0.0,-81
2018-06-01,1625.4,CES3231100001,311,Food,Food,0.0259536683305208,0.077531082436203,0.0515774141056822,0.0459271797978019,0,14.301264497301242,0.0,0.0,-80
2018-07-01,1627.9,CES3231100001,311,Food,Food,0.0259536683305208,0.077531082436203,0.0515774141056822,0.0459271797978019,0,14.302801398596602,0.0,0.0,-79
2018-08-01,1628.1,CES3231100001,311,Food,Food,0.0259536683305208,0.077531082436203,0.0515774141056822,0.0459271797978019,0,14.302924248719606,0.0,0.0,-78
2018-09-01,1630.1,CES3231100001,311,Food,Food,0.0259536683305208,0.077531082436203,0.0515774141056822,0.0459271797978019,0,14.30415192059438,0.0,0.0,-77
2018-10-01,1629.7,CES3231100001,311,Food,Food,0.0259536683305208,0.077531082436203,0.0515774141056822,0.0459271797978019,0,14.303906506764081,0.0,0.0,-76
2018-11-01,1629.3,CES3231100001,311,Food,Food,0.0259536683305208,0.077531082436203,0.0515774141056822,0.0459271797978019,0,14.303661032691046,0.0,0.0,-75
2018-12-01,1628.3,CES3231100001,311,Food,Food,0.0259536683305208,0.077531082436203,0.0515774141056822,0.0459271797978019,0,14.303047083752311,0.0,0.0,-74
2019-01-01,1630.5,CES3231100001,311,Food,Food,0.0259536683305208,0.077531082436203,0.0515774141056822,0.0459271797978019,0,14.30439727421151,0.0,0.0,-73
2019-02-01,1628.7,CES3231100001,311,Food,Food,0.0259536683305208,0.077531082436203,0.0515774141056822,0.0459271797978019,0,14.303292708561653,0.0,0.0,-72
2019-03-01,1632.9,CES3231100001,311,Food,Food,0.0259536683305208,0.077531082436203,0.0515774141056822,0.0459271797978019,0,14.305868133090401,0.0,0.0,-71
2019-04-01,1634.6,CES3231100001,311,Food,Food,0.0259536683305208,0.077531082436203,0.0515774141056822,0.0459271797978019,0,14.306908684064167,0.0,0.0,-70
2019-05-01,1636.9,CES3231100001,311,Food,Food,0.0259536683305208,0.077531082436203,0.0515774141056822,0.0459271797978019,0,14.308314767132446,0.0,0.0,-69
2019-06-01,1643.3,CES3231100001,311,Food,Food,0.0259536683305208,0.077531082436203,0.0515774141056822,0.0459271797978019,0,14.312216973169381,0.0,0.0,-68
2019-07-01,1645.5,CES3231100001,311,Food,Food,0.0259536683305208,0.077531082436203,0.0515774141056822,0.0459271797978019,0,14.313554847365532,0.0,0.0,-67
2019-08-01,1650.5,CES3231100001,311,Food,Food,0.0259536683305208,0.077531082436203,0.0515774141056822,0.0459271797978019,0,14.316588830275384,0.0,0.0,-66
2019-09-01,1655.0,CES3231100001,311,Food,Food,0.0259536683305208,0.077531082436203,0.0515774141056822,0.0459271797978019,0,14.319311566793301,0.0,0.0,-65
2019-10-01,1659.5,CES3231100001,311,Food,Food,0.0259536683305208,0.077531082436203,0.0515774141056822,0.0459271797978019,0,14.322026910142167,0.0,0.0,-64
2019-11-01,1662.8,CES3231100001,311,Food,Food,0.0259536683305208,0.077531082436203,0.0515774141056822,0.0459271797978019,0,14.32401348636062,0.0,0.0,-63
2019-12-01,1660.5,CES3231100001,311,Food,Food,0.0259536683305208,0.077531082436203,0.0515774141056822,0.0459271797978019,0,14.322629319798938,0.0,0.0,-62
2020-01-01,1654.3,CES3231100001,311,Food,Food,0.0259536683305208,0.077531082436203,0.0515774141056822,0.0459271797978019,0,14.318888516595107,0.0,0.0,-61
2020-02-01,1653.8,CES3231100001,311,Food,Food,0.0259536683305208,0.077531082436203,0.0515774141056822,0.0459271797978019,0,14.318586228270203,0.0,0.0,-60
2020-03-01,1646.9,CES3231100001,311,Food,Food,0.0259536683305208,0.077531082436203,0.0515774141056822,0.0459271797978019,0,14.3144052908623,0.0,0.0,-59
2020-04-01,1553.4,CES3231100001,311,Food,Food,0.0259536683305208,0.077531082436203,0.0515774141056822,0.0459271797978019,0,14.255956634967683,0.0,0.0,-58
2020-05-01,1578.0,CES3231100001,311,Food,Food,0.0259536683305208,0.077531082436203,0.0515774141056822,0.0459271797978019,0,14.271668780387957,0.0,0.0,-57
2020-06-01,1591.8,CES3231100001,311,Food,Food,0.0259536683305208,0.077531082436203,0.0515774141056822,0.0459271797978019,0,14.280376009353885,0.0,0.0,-56
2020-07-01,1596.8,CES3231100001,311,Food,Food,0.0259536683305208,0.077531082436203,0.0515774141056822,0.0459271797978019,0,14.283512184539337,0.0,0.0,-55
2020-08-01,1611.8,CES3231100001,311,Food,Food,0.0259536683305208,0.077531082436203,0.0515774141056822,0.0459271797978019,0,14.292862124872547,0.0,0.0,-54
2020-09-01,1616.3,CES3231100001,311,Food,Food,0.0259536683305208,0.077531082436203,0.0515774141056822,0.0459271797978019,0,14.2956501443979,0.0,0.0,-53
2020-10-01,1621.4,CES3231100001,311,Food,Food,0.0259536683305208,0.077531082436203,0.0515774141056822,0.0459271797978019,0,14.298800531535743,0.0,0.0,-52
2020-11-01,1624.7,CES3231100001,311,Food,Food,0.0259536683305208,0.077531082436203,0.0515774141056822,0.0459271797978019,0,14.300833741317842,0.0,0.0,-51
2020-12-01,1632.0,CES3231100001,311,Food,Food,0.0259536683305208,0.077531082436203,0.0515774141056822,0.0459271797978019,0,14.30531681450619,0.0,0.0,-50
2021-01-01,1631.6,CES3231100001,311,Food,Food,0.0259536683305208,0.077531082436203,0.0515774141056822,0.0459271797978019,0,14.30507168642554,0.0,0.0,-49
2021-02-01,1629.7,CES3231100001,311,Food,Food,0.0259536683305208,0.077531082436203,0.0515774141056822,0.0459271797978019,0,14.303906506764081,0.0,0.0,-48
2021-03-01,1635.5,CES3231100001,311,Food,Food,0.0259536683305208,0.077531082436203,0.0515774141056822,0.0459271797978019,0,14.307459125960575,0.0,0.0,-47
2021-04-01,1630.5,CES3231100001,311,Food,Food,0.0259536683305208,0.077531082436203,0.0515774141056822,0.0459271797978019,0,14.30439727421151,0.0,0.0,-46
2021-05-01,1627.7,CES3231100001,311,Food,Food,0.0259536683305208,0.077531082436203,0.0515774141056822,0.0459271797978019,0,14.30267853337959,0.0,0.0,-45
2021-06-01,1627.8,CES3231100001,311,Food,Food,0.0259536683305208,0.077531082436203,0.0515774141056822,0.0459271797978019,0,14.302739967875079,0.0,0.0,-44
2021-07-01,1633.7,CES3231100001,311,Food,Food,0.0259536683305208,0.077531082436203,0.0515774141056822,0.0459271797978019,0,14.3063579390146,0.0,0.0,-43
2021-08-01,1633.8,CES3231100001,311,Food,Food,0.0259536683305208,0.077531082436203,0.0515774141056822,0.0459271797978019,0,14.306419147889907,0.0,0.0,-42
2021-09-01,1639.2,CES3231100001,311,Food,Food,0.0259536683305208,0.077531082436203,0.0515774141056822,0.0459271797978019,0,14.309718875906826,0.0,0.0,-41
2021-10-01,1648.0,CES3231100001,311,Food,Food,0.0259536683305208,0.077531082436203,0.0515774141056822,0.0459271797978019,0,14.315072989451554,0.0,0.0,-40
2021-11-01,1655.3,CES3231100001,311,Food,Food,0.0259536683305208,0.077531082436203,0.0515774141056822,0.0459271797978019,0,14.319492819248257,0.0,0.0,-39
2021-12-01,1660.6,CES3231100001,311,Food,Food,0.0259536683305208,0.077531082436203,0.0515774141056822,0.0459271797978019,0,14.322689540810067,0.0,0.0,-38
2022-01-01,1664.4,CES3231100001,311,Food,Food,0.0259536683305208,0.077531082436203,0.0515774141056822,0.0459271797978019,0,14.324975256090923,0.0,0.0,-37
2022-02-01,1673.6,CES3231100001,311,Food,Food,0.0259536683305208,0.077531082436203,0.0515774141056822,0.0459271797978019,0,14.330487552852741,0.0,0.0,-36
2022-03-01,1678.4,CES3231100001,311,Food,Food,0.0259536683305208,0.077531082436203,0.0515774141056822,0.0459271797978019,0,14.33335151662417,0.0,0.0,-35
2022-04-01,1685.0,CES3231100001,311,Food,Food,0.0259536683305208,0.077531082436203,0.0515774141056822,0.0459271797978019,0,14.3372761217686,0.0,0.0,-34
2022-05-01,1693.9,CES3231100001,311,Food,Food,0.0259536683305208,0.077531082436203,0.0515774141056822,0.0459271797978019,0,14.342544120574473,0.0,0.0,-33
2022-06-01,1701.2,CES3231100001,311,Food,Food,0.0259536683305208,0.077531082436203,0.0515774141056822,0.0459271797978019,0,14.346844442361615,0.0,0.0,-32
2022-07-01,1707.0,CES3231100001,311,Food,Food,0.0259536683305208,0.077531082436203,0.0515774141056822,0.0459271797978019,0,14.350248001776578,0.0,0.0,-31
2022-08-01,1706.7,CES3231100001,311,Food,Food,0.0259536683305208,0.077531082436203,0.0515774141056822,0.0459271797978019,0,14.350072239406849,0.0,0.0,-30
2022-09-01,1711.4,CES3231100001,311,Food,Food,0.0259536683305208,0.077531082436203,0.0515774141056822,0.0459271797978019,0,14.352822306966091,0.0,0.0,-29
2022-10-01,1711.3,CES3231100001,311,Food,Food,0.0259536683305208,0.077531082436203,0.0515774141056822,0.0459271797978019,0,14.352763873565543,0.0,0.0,-28
2022-11-01,1715.9,CES3231100001,311,Food,Food,0.0259536683305208,0.077531082436203,0.0515774141056822,0.0459271797978019,0,14.355448282273713,0.0,0.0,-27
2022-12-01,1719.7,CES3231100001,311,Food,Food,0.0259536683305208,0.077531082436203,0.0515774141056822,0.0459271797978019,0,14.35766041497229,0.0,0.0,-26
2023-01-01,1724.4,CES3231100001,311,Food,Food,0.0259536683305208,0.077531082436203,0.0515774141056822,0.0459271797978019,0,14.360389721855116,0.0,0.0,-25
2023-02-01,1726.7,CES3231100001,311,Food,Food,0.0259536683305208,0.077531082436203,0.0515774141056822,0.0459271797978019,0,14.361722630400521,0.0,0.0,-24
2023-03-01,1730.4,CES3231100001,311,Food,Food,0.0259536683305208,0.077531082436203,0.0515774141056822,0.0459271797978019,0,14.363863153620986,0.0,0.0,-23
2023-04-01,1731.5,CES3231100001,311,Food,Food,0.0259536683305208,0.077531082436203,0.0515774141056822,0.0459271797978019,0,14.364498642824614,0.0,0.0,-22
2023-05-01,1731.3,CES3231100001,311,Food,Food,0.0259536683305208,0.077531082436203,0.0515774141056822,0.0459271797978019,0,14.364383129367168,0.0,0.0,-21
2023-06-01,1730.0,CES3231100001,311,Food,Food,0.0259536683305208,0.077531082436203,0.0515774141056822,0.0459271797978019,0,14.363631966473962,0.0,0.0,-20
2023-07-01,1728.5,CES3231100001,311,Food,Food,0.0259536683305208,0.077531082436203,0.0515774141056822,0.0459271797978019,0,14.362764538343816,0.0,0.0,-19
2023-08-01,1728.3,CES3231100001,311,Food,Food,0.0259536683305208,0.077531082436203,0.0515774141056822,0.0459271797978019,0,14.362648824388584,0.0,0.0,-18
2023-09-01,1735.2,CES3231100001,311,Food,Food,0.0259536683305208,0.077531082436203,0.0515774141056822,0.0459271797978019,0,14.366633238494801,0.0,0.0,-17
2023-10-01,1744.7,CES3231100001,311,Food,Food,0.0259536683305208,0.077531082436203,0.0515774141056822,0.0459271797978019,0,14.372093179067994,0.0,0.0,-16
2023-11-01,1747.0,CES3231100001,311,Food,Food,0.0259536683305208,0.077531082436203,0.0515774141056822,0.0459271797978019,0,14.373410589116194,0.0,0.0,-15
2023-12-01,1752.7,CES3231100001,311,Food,Food,0.0259536683305208,0.077531082436203,0.0515774141056822,0.0459271797978019,0,14.376668014061268,0.0,0.0,-14
2024-01-01,1757.8,CES3231100001,311,Food,Food,0.0259536683305208,0.077531082436203,0.0515774141056822,0.0459271797978019,0,14.379573585112682,0.0,0.0,-13
2024-02-01,1760.4,CES3231100001,311,Food,Food,0.0259536683305208,0.077531082436203,0.0515774141056822,0.0459271797978019,0,14.381051613919073,0.0,0.0,-12
2024-03-01,1761.8,CES3231100001,311,Food,Food,0.0259536683305208,0.077531082436203,0.0515774141056822,0.0459271797978019,0,14.381846571657832,0.0,0.0,-11
2024-04-01,1764.6,CES3231100001,311,Food,Food,0.0259536683305208,0.077531082436203,0.0515774141056822,0.0459271797978019,0,14.383434593770142,0.0,0.0,-10
2024-05-01,1767.4,CES3231100001,311,Food,Food,0.0259536683305208,0.077531082436203,0.0515774141056822,0.0459271797978019,0,14.385020098066041,0.0,0.0,-9
2024-06-01,1770.8,CES3231100001,311,Food,Food,0.0259536683305208,0.077531082436203,0.0515774141056822,0.0459271797978019,0,14.386941979840122,0.0,0.0,-8
2024-07-01,1773.5,CES3231100001,311,Food,Food,0.0259536683305208,0.077531082436203,0.0515774141056822,0.0459271797978019,0,14.388465553195813,0.0,0.0,-7
2024-08-01,1778.5,CES3231100001,311,Food,Food,0.0259536683305208,0.077531082436203,0.0515774141056822,0.0459271797978019,0,14.391280870370647,0.0,0.0,-6
2024-09-01,1782.5,CES3231100001,311,Food,Food,0.0259536683305208,0.077531082436203,0.0515774141056822,0.0459271797978019,0,14.393527431270588,0.0,0.0,-5
2024-10-01,1780.6,CES3231100001,311,Food,Food,0.0259536683305208,0.077531082436203,0.0515774141056822,0.0459271797978019,0,14.392460944121709,0.0,0.0,-4
2024-11-01,1780.2,CES3231100001,311,Food,Food,0.0259536683305208,0.077531082436203,0.0515774141056822,0.0459271797978019,0,14.392236275506969,0.0,0.0,-3
2024-12-01,1778.9,CES3231100001,311,Food,Food,0.0259536683305208,0.077531082436203,0.0515774141056822,0.0459271797978019,0,14.39150575371336,0.0,0.0,-2
2025-01-01,1779.2,CES3231100001,311,Food,Food,0.0259536683305208,0.077531082436203,0.0515774141056822,0.0459271797978019,0,14.391674383038401,0.0,0.0,-1
2025-02-01,1779.6,CES3231100001,311,Food,Food,0.0259536683305208,0.077531082436203,0.0515774141056822,0.0459271797978019,1,14.391899177914024,0.0515774141056822,0.0459271797978019,0
2025-03-01,1781.9,CES3231100001,311,Food,Food,0.0259536683305208,0.077531082436203,0.0515774141056822,0.0459271797978019,1,14.393190768715506,0.0515774141056822,0.0459271797978019,1
2025-04-01,1783.7,CES3231100001,311,Food,Food,0.0259536683305208,0.077531082436203,0.0515774141056822,0.0459271797978019,1,14.394200416546395,0.0515774141056822,0.0459271797978019,2
2025-05-01,1785.6,CES3231100001,311,Food,Food,0.0259536683305208,0.077531082436203,0.0515774141056822,0.0459271797978019,1,14.39526505116913,0.0515774141056822,0.0459271797978019,3
2025-06-01,1784.5,CES3231100001,311,Food,Food,0.0259536683305208,0.077531082436203,0.0515774141056822,0.0459271797978019,1,14.394648821912352,0.0515774141056822,0.0459271797978019,4
2025-07-01,1784.8,CES3231100001,311,Food,Food,0.0259536683305208,0.077531082436203,0.0515774141056822,0.0459271797978019,1,14.39481692210046,0.0515774141056822,0.0459271797978019,5
2025-08-01,1785.0,CES3231100001,311,Food,Food,0.0259536683305208,0.077531082436203,0.0515774141056822,0.0459271797978019,1,14.394928973195876,0.0515774141056822,0.0459271797978019,6
2025-09-01,1784.1,CES3231100001,311,Food,Food,0.0259536683305208,0.077531082436203,0.0515774141056822,0.0459271797978019,1,14.394424644362795,0.0515774141056822,0.0459271797978019,7
2025-10-01,1785.0,CES3231100001,311,Food,Food,0.0259536683305208,0.077531082436203,0.0515774141056822,0.0459271797978019,1,14.394928973195876,0.0515774141056822,0.0459271797978019,8
2025-11-01,1781.2,CES3231100001,311,Food,Food,0.0259536683305208,0.077531082436203,0.0515774141056822,0.0459271797978019,1,14.392797852429684,0.0515774141056822,0.0459271797978019,9
2025-12-01,1780.2,CES3231100001,311,Food,Food,0.0259536683305208,0.077531082436203,0.0515774141056822,0.0459271797978019,1,14.392236275506969,0.0515774141056822,0.0459271797978019,10
2026-01-01,1780.2,CES3231100001,311,Food,Food,0.0259536683305208,0.077531082436203,0.0515774141056822,0.0459271797978019,1,14.392236275506969,0.0515774141056822,0.0459271797978019,11
2026-02-01,1779.9,CES3231100001,311,Food,Food,0.0259536683305208,0.077531082436203,0.0515774141056822,0.0459271797978019,1,14.392067740914845,0.0515774141056822,0.0459271797978019,12
2026-03-01,1778.5,CES3231100001,311,Food,Food,0.0259536683305208,0.077531082436203,0.0515774141056822,0.0459271797978019,1,14.391280870370647,0.0515774141056822,0.0459271797978019,13
2015-01-01,375.4,CES3133700001,337,Furniture,Furniture,0.0574766990878069,0.1681179910801136,0.1106412919923066,0.301858585521174,0,12.835747403134546,0.0,0.0,-121
2015-02-01,375.7,CES3133700001,337,Furniture,Furniture,0.0574766990878069,0.1681179910801136,0.1106412919923066,0.301858585521174,0,12.83654623156206,0.0,0.0,-120
2015-03-01,376.3,CES3133700001,337,Furniture,Furniture,0.0574766990878069,0.1681179910801136,0.1106412919923066,0.301858585521174,0,12.838141976581529,0.0,0.0,-119
2015-04-01,378.2,CES3133700001,337,Furniture,Furniture,0.0574766990878069,0.1681179910801136,0.1106412919923066,0.301858585521174,0,12.843178435206495,0.0,0.0,-118
2015-05-01,378.5,CES3133700001,337,Furniture,Furniture,0.0574766990878069,0.1681179910801136,0.1106412919923066,0.301858585521174,0,12.84397135185964,0.0,0.0,-117
2015-06-01,379.7,CES3133700001,337,Furniture,Furniture,0.0574766990878069,0.1681179910801136,0.1106412919923066,0.301858585521174,0,12.847136746219894,0.0,0.0,-116
2015-07-01,381.5,CES3133700001,337,Furniture,Furniture,0.0574766990878069,0.1681179910801136,0.1106412919923066,0.301858585521174,0,12.851866129706648,0.0,0.0,-115
2015-08-01,382.3,CES3133700001,337,Furniture,Furniture,0.0574766990878069,0.1681179910801136,0.1106412919923066,0.301858585521174,0,12.853960919684503,0.0,0.0,-114
2015-09-01,384.6,CES3133700001,337,Furniture,Furniture,0.0574766990878069,0.1681179910801136,0.1106412919923066,0.301858585521174,0,12.859959112136817,0.0,0.0,-113
2015-10-01,386.1,CES3133700001,337,Furniture,Furniture,0.0574766990878069,0.1681179910801136,0.1106412919923066,0.301858585521174,0,12.863851682252328,0.0,0.0,-112
2015-11-01,386.8,CES3133700001,337,Furniture,Furniture,0.0574766990878069,0.1681179910801136,0.1106412919923066,0.301858585521174,0,12.865663042561277,0.0,0.0,-111
2015-12-01,386.5,CES3133700001,337,Furniture,Furniture,0.0574766990878069,0.1681179910801136,0.1106412919923066,0.301858585521174,0,12.864887147009613,0.0,0.0,-110
2016-01-01,388.5,CES3133700001,337,Furniture,Furniture,0.0574766990878069,0.1681179910801136,0.1106412919923066,0.301858585521174,0,12.87004844878984,0.0,0.0,-109
2016-02-01,390.4,CES3133700001,337,Furniture,Furniture,0.0574766990878069,0.1681179910801136,0.1106412919923066,0.301858585521174,0,12.874927133521075,0.0,0.0,-108
2016-03-01,389.3,CES3133700001,337,Furniture,Furniture,0.0574766990878069,0.1681179910801136,0.1106412919923066,0.301858585521174,0,12.872105533598548,0.0,0.0,-107
2016-04-01,389.0,CES3133700001,337,Furniture,Furniture,0.0574766990878069,0.1681179910801136,0.1106412919923066,0.301858585521174,0,12.871334622600584,0.0,0.0,-106
2016-05-01,387.4,CES3133700001,337,Furniture,Furniture,0.0574766990878069,0.1681179910801136,0.1106412919923066,0.301858585521174,0,12.867213029955032,0.0,0.0,-105
2016-06-01,389.3,CES3133700001,337,Furniture,Furniture,0.0574766990878069,0.1681179910801136,0.1106412919923066,0.301858585521174,0,12.872105533598548,0.0,0.0,-104
2016-07-01,389.6,CES3133700001,337,Furniture,Furniture,0.0574766990878069,0.1681179910801136,0.1106412919923066,0.301858585521174,0,12.872875850750518,0.0,0.0,-103
2016-08-01,391.9,CES3133700001,337,Furniture,Furniture,0.0574766990878069,0.1681179910801136,0.1106412919923066,0.301858585521174,0,12.878761984187722,0.0,0.0,-102
2016-09-01,390.4,CES3133700001,337,Furniture,Furniture,0.0574766990878069,0.1681179910801136,0.1106412919923066,0.301858585521174,0,12.874927133521075,0.0,0.0,-101
2016-10-01,390.8,CES3133700001,337,Furniture,Furniture,0.0574766990878069,0.1681179910801136,0.1106412919923066,0.301858585521174,0,12.875951199150764,0.0,0.0,-100
2016-11-01,391.7,CES3133700001,337,Furniture,Furniture,0.0574766990878069,0.1681179910801136,0.1106412919923066,0.301858585521174,0,12.878251519653922,0.0,0.0,-99
2016-12-01,393.6,CES3133700001,337,Furniture,Furniture,0.0574766990878069,0.1681179910801136,0.1106412919923066,0.301858585521174,0,12.883090444160235,0.0,0.0,-98
2017-01-01,396.5,CES3133700001,337,Furniture,Furniture,0.0574766990878069,0.1681179910801136,0.1106412919923066,0.301858585521174,0,12.89043132005704,0.0,0.0,-97
2017-02-01,394.4,CES3133700001,337,Furniture,Furniture,0.0574766990878069,0.1681179910801136,0.1106412919923066,0.301858585521174,0,12.885120901710618,0.0,0.0,-96
2017-03-01,394.2,CES3133700001,337,Furniture,Furniture,0.0574766990878069,0.1681179910801136,0.1106412919923066,0.301858585521174,0,12.884613673700757,0.0,0.0,-95
2017-04-01,395.3,CES3133700001,337,Furniture,Furniture,0.0574766990878069,0.1681179910801136,0.1106412919923066,0.301858585521174,0,12.887400249284777,0.0,0.0,-94
2017-05-01,394.9,CES3133700001,337,Furniture,Furniture,0.0574766990878069,0.1681179910801136,0.1106412919923066,0.301858585521174,0,12.88638784727474,0.0,0.0,-93
2017-06-01,396.1,CES3133700001,337,Furniture,Furniture,0.0574766990878069,0.1681179910801136,0.1106412919923066,0.301858585521174,0,12.889421983610008,0.0,0.0,-92
2017-07-01,394.3,CES3133700001,337,Furniture,Furniture,0.0574766990878069,0.1681179910801136,0.1106412919923066,0.301858585521174,0,12.884867319865718,0.0,0.0,-91
2017-08-01,395.1,CES3133700001,337,Furniture,Furniture,0.0574766990878069,0.1681179910801136,0.1106412919923066,0.301858585521174,0,12.886894176399482,0.0,0.0,-90
2017-09-01,394.5,CES3133700001,337,Furniture,Furniture,0.0574766990878069,0.1681179910801136,0.1106412919923066,0.301858585521174,0,12.885374419268066,0.0,0.0,-89
2017-10-01,395.1,CES3133700001,337,Furniture,Furniture,0.0574766990878069,0.1681179910801136,0.1106412919923066,0.301858585521174,0,12.886894176399482,0.0,0.0,-88
2017-11-01,394.0,CES3133700001,337,Furniture,Furniture,0.0574766990878069,0.1681179910801136,0.1106412919923066,0.301858585521174,0,12.884106188280072,0.0,0.0,-87
2017-12-01,394.0,CES3133700001,337,Furniture,Furniture,0.0574766990878069,0.1681179910801136,0.1106412919923066,0.301858585521174,0,12.884106188280072,0.0,0.0,-86
2018-01-01,394.4,CES3133700001,337,Furniture,Furniture,0.0574766990878069,0.1681179910801136,0.1106412919923066,0.301858585521174,0,12.885120901710618,0.0,0.0,-85
2018-02-01,394.0,CES3133700001,337,Furniture,Furniture,0.0574766990878069,0.1681179910801136,0.1106412919923066,0.301858585521174,0,12.884106188280072,0.0,0.0,-84
2018-03-01,395.0,CES3133700001,337,Furniture,Furniture,0.0574766990878069,0.1681179910801136,0.1106412919923066,0.301858585521174,0,12.886641043883259,0.0,0.0,-83
2018-04-01,392.7,CES3133700001,337,Furniture,Furniture,0.0574766990878069,0.1681179910801136,0.1106412919923066,0.301858585521174,0,12.8808012405661,0.0,0.0,-82
2018-05-01,393.5,CES3133700001,337,Furniture,Furniture,0.0574766990878069,0.1681179910801136,0.1106412919923066,0.301858585521174,0,12.882836346839595,0.0,0.0,-81
2018-06-01,392.6,CES3133700001,337,Furniture,Furniture,0.0574766990878069,0.1681179910801136,0.1106412919923066,0.301858585521174,0,12.880546560824497,0.0,0.0,-80
2018-07-01,393.4,CES3133700001,337,Furniture,Furniture,0.0574766990878069,0.1681179910801136,0.1106412919923066,0.301858585521174,0,12.882582184937096,0.0,0.0,-79
2018-08-01,391.7,CES3133700001,337,Furniture,Furniture,0.0574766990878069,0.1681179910801136,0.1106412919923066,0.301858585521174,0,12.878251519653922,0.0,0.0,-78
2018-09-01,391.7,CES3133700001,337,Furniture,Furniture,0.0574766990878069,0.1681179910801136,0.1106412919923066,0.301858585521174,0,12.878251519653922,0.0,0.0,-77
2018-10-01,391.9,CES3133700001,337,Furniture,Furniture,0.0574766990878069,0.1681179910801136,0.1106412919923066,0.301858585521174,0,12.878761984187722,0.0,0.0,-76
2018-11-01,391.0,CES3133700001,337,Furniture,Furniture,0.0574766990878069,0.1681179910801136,0.1106412919923066,0.301858585521174,0,12.876462838967504,0.0,0.0,-75
2018-12-01,390.5,CES3133700001,337,Furniture,Furniture,0.0574766990878069,0.1681179910801136,0.1106412919923066,0.301858585521174,0,12.875183248261878,0.0,0.0,-74
2019-01-01,390.6,CES3133700001,337,Furniture,Furniture,0.0574766990878069,0.1681179910801136,0.1106412919923066,0.301858585521174,0,12.875439297424716,0.0,0.0,-73
2019-02-01,390.7,CES3133700001,337,Furniture,Furniture,0.0574766990878069,0.1681179910801136,0.1106412919923066,0.301858585521174,0,12.875695281043162,0.0,0.0,-72
2019-03-01,389.2,CES3133700001,337,Furniture,Furniture,0.0574766990878069,0.1681179910801136,0.1106412919923066,0.301858585521174,0,12.871848629293988,0.0,0.0,-71
2019-04-01,388.7,CES3133700001,337,Furniture,Furniture,0.0574766990878069,0.1681179910801136,0.1106412919923066,0.301858585521174,0,12.870563116840314,0.0,0.0,-70
2019-05-01,386.8,CES3133700001,337,Furniture,Furniture,0.0574766990878069,0.1681179910801136,0.1106412919923066,0.301858585521174,0,12.865663042561277,0.0,0.0,-69
2019-06-01,386.7,CES3133700001,337,Furniture,Furniture,0.0574766990878069,0.1681179910801136,0.1106412919923066,0.301858585521174,0,12.865404477595389,0.0,0.0,-68
2019-07-01,386.5,CES3133700001,337,Furniture,Furniture,0.0574766990878069,0.1681179910801136,0.1106412919923066,0.301858585521174,0,12.864887147009613,0.0,0.0,-67
2019-08-01,387.1,CES3133700001,337,Furniture,Furniture,0.0574766990878069,0.1681179910801136,0.1106412919923066,0.301858585521174,0,12.86643833656574,0.0,0.0,-66
2019-09-01,386.5,CES3133700001,337,Furniture,Furniture,0.0574766990878069,0.1681179910801136,0.1106412919923066,0.301858585521174,0,12.864887147009613,0.0,0.0,-65
2019-10-01,385.6,CES3133700001,337,Furniture,Furniture,0.0574766990878069,0.1681179910801136,0.1106412919923066,0.301858585521174,0,12.862555841718528,0.0,0.0,-64
2019-11-01,386.2,CES3133700001,337,Furniture,Furniture,0.0574766990878069,0.1681179910801136,0.1106412919923066,0.301858585521174,0,12.86411064897655,0.0,0.0,-63
2019-12-01,385.1,CES3133700001,337,Furniture,Furniture,0.0574766990878069,0.1681179910801136,0.1106412919923066,0.301858585521174,0,12.861258319803,0.0,0.0,-62
2020-01-01,384.6,CES3133700001,337,Furniture,Furniture,0.0574766990878069,0.1681179910801136,0.1106412919923066,0.301858585521174,0,12.859959112136817,0.0,0.0,-61
2020-02-01,383.7,CES3133700001,337,Furniture,Furniture,0.0574766990878069,0.1681179910801136,0.1106412919923066,0.301858585521174,0,12.857616276235044,0.0,0.0,-60
2020-03-01,383.7,CES3133700001,337,Furniture,Furniture,0.0574766990878069,0.1681179910801136,0.1106412919923066,0.301858585521174,0,12.857616276235044,0.0,0.0,-59
2020-04-01,309.3,CES3133700001,337,Furniture,Furniture,0.0574766990878069,0.1681179910801136,0.1106412919923066,0.301858585521174,0,12.64206695867316,0.0,0.0,-58
2020-05-01,333.9,CES3133700001,337,Furniture,Furniture,0.0574766990878069,0.1681179910801136,0.1106412919923066,0.301858585521174,0,12.718596825931746,0.0,0.0,-57
2020-06-01,349.6,CES3133700001,337,Furniture,Furniture,0.0574766990878069,0.1681179910801136,0.1106412919923066,0.301858585521174,0,12.764544922763518,0.0,0.0,-56
2020-07-01,349.7,CES3133700001,337,Furniture,Furniture,0.0574766990878069,0.1681179910801136,0.1106412919923066,0.301858585521174,0,12.764830923051468,0.0,0.0,-55
2020-08-01,355.8,CES3133700001,337,Furniture,Furniture,0.0574766990878069,0.1681179910801136,0.1106412919923066,0.301858585521174,0,12.782124054213872,0.0,0.0,-54
2020-09-01,360.5,CES3133700001,337,Furniture,Furniture,0.0574766990878069,0.1681179910801136,0.1106412919923066,0.301858585521174,0,12.79524723570714,0.0,0.0,-53
2020-10-01,363.7,CES3133700001,337,Furniture,Furniture,0.0574766990878069,0.1681179910801136,0.1106412919923066,0.301858585521174,0,12.80408463097508,0.0,0.0,-52
2020-11-01,366.1,CES3133700001,337,Furniture,Furniture,0.0574766990878069,0.1681179910801136,0.1106412919923066,0.301858585521174,0,12.810661799108328,0.0,0.0,-51
2020-12-01,367.9,CES3133700001,337,Furniture,Furniture,0.0574766990878069,0.1681179910801136,0.1106412919923066,0.301858585521174,0,12.815566441092866,0.0,0.0,-50
2021-01-01,368.9,CES3133700001,337,Furniture,Furniture,0.0574766990878069,0.1681179910801136,0.1106412919923066,0.301858585521174,0,12.818280883584768,0.0,0.0,-49
2021-02-01,369.0,CES3133700001,337,Furniture,Furniture,0.0574766990878069,0.1681179910801136,0.1106412919923066,0.301858585521174,0,12.818551923022664,0.0,0.0,-48
2021-03-01,368.3,CES3133700001,337,Furniture,Furniture,0.0574766990878069,0.1681179910801136,0.1106412919923066,0.301858585521174,0,12.816653102433156,0.0,0.0,-47
2021-04-01,368.6,CES3133700001,337,Furniture,Furniture,0.0574766990878069,0.1681179910801136,0.1106412919923066,0.301858585521174,0,12.81746732421786,0.0,0.0,-46
2021-05-01,367.1,CES3133700001,337,Furniture,Furniture,0.0574766990878069,0.1681179910801136,0.1106412919923066,0.301858585521174,0,12.813389569484926,0.0,0.0,-45
2021-06-01,374.5,CES3133700001,337,Furniture,Furniture,0.0574766990878069,0.1681179910801136,0.1106412919923066,0.301858585521174,0,12.833347081939412,0.0,0.0,-44
2021-07-01,373.9,CES3133700001,337,Furniture,Furniture,0.0574766990878069,0.1681179910801136,0.1106412919923066,0.301858585521174,0,12.831743660965206,0.0,0.0,-43
2021-08-01,373.7,CES3133700001,337,Furniture,Furniture,0.0574766990878069,0.1681179910801136,0.1106412919923066,0.301858585521174,0,12.831208615473574,0.0,0.0,-42
2021-09-01,378.9,CES3133700001,337,Furniture,Furniture,0.0574766990878069,0.1681179910801136,0.1106412919923066,0.301858585521174,0,12.845027597006693,0.0,0.0,-41
2021-10-01,379.1,CES3133700001,337,Furniture,Furniture,0.0574766990878069,0.1681179910801136,0.1106412919923066,0.301858585521174,0,12.845555301504426,0.0,0.0,-40
2021-11-01,380.4,CES3133700001,337,Furniture,Furniture,0.0574766990878069,0.1681179910801136,0.1106412919923066,0.301858585521174,0,12.848978609653372,0.0,0.0,-39
2021-12-01,382.1,CES3133700001,337,Furniture,Furniture,0.0574766990878069,0.1681179910801136,0.1106412919923066,0.301858585521174,0,12.853437633434991,0.0,0.0,-38
2022-01-01,381.2,CES3133700001,337,Furniture,Furniture,0.0574766990878069,0.1681179910801136,0.1106412919923066,0.301858585521174,0,12.851079450762183,0.0,0.0,-37
2022-02-01,383.5,CES3133700001,337,Furniture,Furniture,0.0574766990878069,0.1681179910801136,0.1106412919923066,0.301858585521174,0,12.857094899789448,0.0,0.0,-36
2022-03-01,383.6,CES3133700001,337,Furniture,Furniture,0.0574766990878069,0.1681179910801136,0.1106412919923066,0.301858585521174,0,12.85735562199142,0.0,0.0,-35
2022-04-01,382.0,CES3133700001,337,Furniture,Furniture,0.0574766990878069,0.1681179910801136,0.1106412919923066,0.301858585521174,0,12.853175887588712,0.0,0.0,-34
2022-05-01,381.6,CES3133700001,337,Furniture,Furniture,0.0574766990878069,0.1681179910801136,0.1106412919923066,0.301858585521174,0,12.852128218556269,0.0,0.0,-33
2022-06-01,379.2,CES3133700001,337,Furniture,Furniture,0.0574766990878069,0.1681179910801136,0.1106412919923066,0.301858585521174,0,12.845819049363003,0.0,0.0,-32
2022-07-01,378.9,CES3133700001,337,Furniture,Furniture,0.0574766990878069,0.1681179910801136,0.1106412919923066,0.301858585521174,0,12.845027597006693,0.0,0.0,-31
2022-08-01,376.3,CES3133700001,337,Furniture,Furniture,0.0574766990878069,0.1681179910801136,0.1106412919923066,0.301858585521174,0,12.838141976581529,0.0,0.0,-30
2022-09-01,377.0,CES3133700001,337,Furniture,Furniture,0.0574766990878069,0.1681179910801136,0.1106412919923066,0.301858585521174,0,12.840000466430148,0.0,0.0,-29
2022-10-01,376.4,CES3133700001,337,Furniture,Furniture,0.0574766990878069,0.1681179910801136,0.1106412919923066,0.301858585521174,0,12.838407686693362,0.0,0.0,-28
2022-11-01,373.2,CES3133700001,337,Furniture,Furniture,0.0574766990878069,0.1681179910801136,0.1106412919923066,0.301858585521174,0,12.829869747955327,0.0,0.0,-27
2022-12-01,369.8,CES3133700001,337,Furniture,Furniture,0.0574766990878069,0.1681179910801136,0.1106412919923066,0.301858585521174,0,12.820717597935161,0.0,0.0,-26
2023-01-01,368.8,CES3133700001,337,Furniture,Furniture,0.0574766990878069,0.1681179910801136,0.1106412919923066,0.301858585521174,0,12.818009770664576,0.0,0.0,-25
2023-02-01,365.4,CES3133700001,337,Furniture,Furniture,0.0574766990878069,0.1681179910801136,0.1106412919923066,0.301858585521174,0,12.808747922926043,0.0,0.0,-24
2023-03-01,364.1,CES3133700001,337,Furniture,Furniture,0.0574766990878069,0.1681179910801136,0.1106412919923066,0.301858585521174,0,12.805183834163525,0.0,0.0,-23
2023-04-01,363.1,CES3133700001,337,Furniture,Furniture,0.0574766990878069,0.1681179910801136,0.1106412919923066,0.301858585521174,0,12.802433557402427,0.0,0.0,-22
2023-05-01,357.2,CES3133700001,337,Furniture,Furniture,0.0574766990878069,0.1681179910801136,0.1106412919923066,0.301858585521174,0,12.78605112798448,0.0,0.0,-21
2023-06-01,357.4,CES3133700001,337,Furniture,Furniture,0.0574766990878069,0.1681179910801136,0.1106412919923066,0.301858585521174,0,12.786610881707464,0.0,0.0,-20
2023-07-01,355.7,CES3133700001,337,Furniture,Furniture,0.0574766990878069,0.1681179910801136,0.1106412919923066,0.301858585521174,0,12.781842957936547,0.0,0.0,-19
2023-08-01,354.9,CES3133700001,337,Furniture,Furniture,0.0574766990878069,0.1681179910801136,0.1106412919923066,0.301858585521174,0,12.779591338634587,0.0,0.0,-18
2023-09-01,353.7,CES3133700001,337,Furniture,Furniture,0.0574766990878069,0.1681179910801136,0.1106412919923066,0.301858585521174,0,12.776204375193572,0.0,0.0,-17
2023-10-01,352.7,CES3133700001,337,Furniture,Furniture,0.0574766990878069,0.1681179910801136,0.1106412919923066,0.301858585521174,0,12.773373116224143,0.0,0.0,-16
2023-11-01,352.1,CES3133700001,337,Furniture,Furniture,0.0574766990878069,0.1681179910801136,0.1106412919923066,0.301858585521174,0,12.771670505143144,0.0,0.0,-15
2023-12-01,351.1,CES3133700001,337,Furniture,Furniture,0.0574766990878069,0.1681179910801136,0.1106412919923066,0.301858585521174,0,12.768826362156524,0.0,0.0,-14
2024-01-01,350.1,CES3133700001,337,Furniture,Furniture,0.0574766990878069,0.1681179910801136,0.1106412919923066,0.301858585521174,0,12.765974106942757,0.0,0.0,-13
2024-02-01,349.1,CES3133700001,337,Furniture,Furniture,0.0574766990878069,0.1681179910801136,0.1106412919923066,0.301858585521174,0,12.763113693093127,0.0,0.0,-12
2024-03-01,349.4,CES3133700001,337,Furniture,Furniture,0.0574766990878069,0.1681179910801136,0.1106412919923066,0.301858585521174,0,12.763972676682092,0.0,0.0,-11
2024-04-01,346.2,CES3133700001,337,Furniture,Furniture,0.0574766990878069,0.1681179910801136,0.1106412919923066,0.301858585521174,0,12.754771921724245,0.0,0.0,-10
2024-05-01,344.7,CES3133700001,337,Furniture,Furniture,0.0574766990878069,0.1681179910801136,0.1106412919923066,0.301858585521174,0,12.750429752504957,0.0,0.0,-9
2024-06-01,343.0,CES3133700001,337,Furniture,Furniture,0.0574766990878069,0.1681179910801136,0.1106412919923066,0.301858585521174,0,12.745485726148077,0.0,0.0,-8
2024-07-01,341.2,CES3133700001,337,Furniture,Furniture,0.0574766990878069,0.1681179910801136,0.1106412919923066,0.301858585521174,0,12.740224094599661,0.0,0.0,-7
2024-08-01,340.6,CES3133700001,337,Furniture,Furniture,0.0574766990878069,0.1681179910801136,0.1106412919923066,0.301858585521174,0,12.738464047210725,0.0,0.0,-6
2024-09-01,340.0,CES3133700001,337,Furniture,Furniture,0.0574766990878069,0.1681179910801136,0.1106412919923066,0.301858585521174,0,12.736700896592344,0.0,0.0,-5
2024-10-01,339.4,CES3133700001,337,Furniture,Furniture,0.0574766990878069,0.1681179910801136,0.1106412919923066,0.301858585521174,0,12.734934631782263,0.0,0.0,-4
2024-11-01,339.0,CES3133700001,337,Furniture,Furniture,0.0574766990878069,0.1681179910801136,0.1106412919923066,0.301858585521174,0,12.733755386362587,0.0,0.0,-3
2024-12-01,338.3,CES3133700001,337,Furniture,Furniture,0.0574766990878069,0.1681179910801136,0.1106412919923066,0.301858585521174,0,12.7316883547688,0.0,0.0,-2
2025-01-01,337.4,CES3133700001,337,Furniture,Furniture,0.0574766990878069,0.1681179910801136,0.1106412919923066,0.301858585521174,0,12.729024449094005,0.0,0.0,-1
2025-02-01,337.3,CES3133700001,337,Furniture,Furniture,0.0574766990878069,0.1681179910801136,0.1106412919923066,0.301858585521174,1,12.728728021049742,0.1106412919923066,0.301858585521174,0
2025-03-01,337.8,CES3133700001,337,Furniture,Furniture,0.0574766990878069,0.1681179910801136,0.1106412919923066,0.301858585521174,1,12.730209283355837,0.1106412919923066,0.301858585521174,1
2025-04-01,339.6,CES3133700001,337,Furniture,Furniture,0.0574766990878069,0.1681179910801136,0.1106412919923066,0.301858585521174,1,12.73552373341933,0.1106412919923066,0.301858585521174,2
2025-05-01,338.9,CES3133700001,337,Furniture,Furniture,0.0574766990878069,0.1681179910801136,0.1106412919923066,0.301858585521174,1,12.733460357595142,0.1106412919923066,0.301858585521174,3
2025-06-01,339.7,CES3133700001,337,Furniture,Furniture,0.0574766990878069,0.1681179910801136,0.1106412919923066,0.301858585521174,1,12.735818154148676,0.1106412919923066,0.301858585521174,4
2025-07-01,340.2,CES3133700001,337,Furniture,Furniture,0.0574766990878069,0.1681179910801136,0.1106412919923066,0.301858585521174,1,12.737288958943898,0.1106412919923066,0.301858585521174,5
2025-08-01,339.0,CES3133700001,337,Furniture,Furniture,0.0574766990878069,0.1681179910801136,0.1106412919923066,0.301858585521174,1,12.733755386362587,0.1106412919923066,0.301858585521174,6
2025-09-01,338.1,CES3133700001,337,Furniture,Furniture,0.0574766990878069,0.1681179910801136,0.1106412919923066,0.301858585521174,1,12.731096988695978,0.1106412919923066,0.301858585521174,7
2025-10-01,337.8,CES3133700001,337,Furniture,Furniture,0.0574766990878069,0.1681179910801136,0.1106412919923066,0.301858585521174,1,12.730209283355837,0.1106412919923066,0.301858585521174,8
2025-11-01,335.2,CES3133700001,337,Furniture,Furniture,0.0574766990878069,0.1681179910801136,0.1106412919923066,0.301858585521174,1,12.722482647590065,0.1106412919923066,0.301858585521174,9
2025-12-01,334.3,CES3133700001,337,Furniture,Furniture,0.0574766990878069,0.1681179910801136,0.1106412919923066,0.301858585521174,1,12.71979407240819,0.1106412919923066,0.301858585521174,10
2026-01-01,333.9,CES3133700001,337,Furniture,Furniture,0.0574766990878069,0.1681179910801136,0.1106412919923066,0.301858585521174,1,12.718596825931746,0.1106412919923066,0.301858585521174,11
2026-02-01,334.6,CES3133700001,337,Furniture,Furniture,0.0574766990878069,0.1681179910801136,0.1106412919923066,0.301858585521174,1,12.72069106753486,0.1106412919923066,0.301858585521174,12
2026-03-01,332.6,CES3133700001,337,Furniture,Furniture,0.0574766990878069,0.1681179910801136,0.1106412919923066,0.301858585521174,1,12.714695845740964,0.1106412919923066,0.301858585521174,13
2015-01-01,1138.5,CES3133300001,333,Machinery,Machinery,0.0309862611532189,0.1297648671504613,0.0987786059972424,0.1525171717355032,0,13.945222164485932,0.0,0.0,-121
2015-02-01,1136.6,CES3133300001,333,Machinery,Machinery,0.0309862611532189,0.1297648671504613,0.0987786059972424,0.1525171717355032,0,13.943551907845158,0.0,0.0,-120
2015-03-01,1134.4,CES3133300001,333,Machinery,Machinery,0.0309862611532189,0.1297648671504613,0.0987786059972424,0.1525171717355032,0,13.94161443476,0.0,0.0,-119
2015-04-01,1128.0,CES3133300001,333,Machinery,Machinery,0.0309862611532189,0.1297648671504613,0.0987786059972424,0.1525171717355032,0,13.935956711040141,0.0,0.0,-118
2015-05-01,1125.8,CES3133300001,333,Machinery,Machinery,0.0309862611532189,0.1297648671504613,0.0987786059972424,0.1525171717355032,0,13.934004452012063,0.0,0.0,-117
2015-06-01,1123.5,CES3133300001,333,Machinery,Machinery,0.0309862611532189,0.1297648671504613,0.0987786059972424,0.1525171717355032,0,13.93195937060752,0.0,0.0,-116
2015-07-01,1119.1,CES3133300001,333,Machinery,Machinery,0.0309862611532189,0.1297648671504613,0.0987786059972424,0.1525171717355032,0,13.928035348806118,0.0,0.0,-115
2015-08-01,1115.2,CES3133300001,333,Machinery,Machinery,0.0309862611532189,0.1297648671504613,0.0987786059972424,0.1525171717355032,0,13.924544318988396,0.0,0.0,-114
2015-09-01,1113.1,CES3133300001,333,Machinery,Machinery,0.0309862611532189,0.1297648671504613,0.0987786059972424,0.1525171717355032,0,13.922659473481318,0.0,0.0,-113
2015-10-01,1108.2,CES3133300001,333,Machinery,Machinery,0.0309862611532189,0.1297648671504613,0.0987786059972424,0.1525171717355032,0,13.918247635415387,0.0,0.0,-112
2015-11-01,1105.3,CES3133300001,333,Machinery,Machinery,0.0309862611532189,0.1297648671504613,0.0987786059972424,0.1525171717355032,0,13.915627349299047,0.0,0.0,-111
2015-12-01,1100.2,CES3133300001,333,Machinery,Machinery,0.0309862611532189,0.1297648671504613,0.0987786059972424,0.1525171717355032,0,13.911002539423494,0.0,0.0,-110
2016-01-01,1096.4,CES3133300001,333,Machinery,Machinery,0.0309862611532189,0.1297648671504613,0.0987786059972424,0.1525171717355032,0,13.907542643410768,0.0,0.0,-109
2016-02-01,1092.4,CES3133300001,333,Machinery,Machinery,0.0309862611532189,0.1297648671504613,0.0987786059972424,0.1525171717355032,0,13.903887668581687,0.0,0.0,-108
2016-03-01,1087.5,CES3133300001,333,Machinery,Machinery,0.0309862611532189,0.1297648671504613,0.0987786059972424,0.1525171717355032,0,13.899392041944976,0.0,0.0,-107
2016-04-01,1083.9,CES3133300001,333,Machinery,Machinery,0.0309862611532189,0.1297648671504613,0.0987786059972424,0.1525171717355032,0,13.89607620580384,0.0,0.0,-106
2016-05-01,1071.8,CES3133300001,333,Machinery,Machinery,0.0309862611532189,0.1297648671504613,0.0987786059972424,0.1525171717355032,0,13.884850036042886,0.0,0.0,-105
2016-06-01,1072.3,CES3133300001,333,Machinery,Machinery,0.0309862611532189,0.1297648671504613,0.0987786059972424,0.1525171717355032,0,13.885316432208237,0.0,0.0,-104
2016-07-01,1072.0,CES3133300001,333,Machinery,Machinery,0.0309862611532189,0.1297648671504613,0.0987786059972424,0.1525171717355032,0,13.885036620612885,0.0,0.0,-103
2016-08-01,1070.9,CES3133300001,333,Machinery,Machinery,0.0309862611532189,0.1297648671504613,0.0987786059972424,0.1525171717355032,0,13.884009974388967,0.0,0.0,-102
2016-09-01,1069.9,CES3133300001,333,Machinery,Machinery,0.0309862611532189,0.1297648671504613,0.0987786059972424,0.1525171717355032,0,13.883075744126698,0.0,0.0,-101
2016-10-01,1067.5,CES3133300001,333,Machinery,Machinery,0.0309862611532189,0.1297648671504613,0.0987786059972424,0.1525171717355032,0,13.880830024084917,0.0,0.0,-100
2016-11-01,1065.6,CES3133300001,333,Machinery,Machinery,0.0309862611532189,0.1297648671504613,0.0987786059972424,0.1525171717355032,0,13.879048578768261,0.0,0.0,-99
2016-12-01,1065.3,CES3133300001,333,Machinery,Machinery,0.0309862611532189,0.1297648671504613,0.0987786059972424,0.1525171717355032,0,13.878767007599288,0.0,0.0,-98
2017-01-01,1066.7,CES3133300001,333,Machinery,Machinery,0.0309862611532189,0.1297648671504613,0.0987786059972424,0.1525171717355032,0,13.880080328613575,0.0,0.0,-97
2017-02-01,1071.5,CES3133300001,333,Machinery,Machinery,0.0309862611532189,0.1297648671504613,0.0987786059972424,0.1525171717355032,0,13.88457009389577,0.0,0.0,-96
2017-03-01,1070.4,CES3133300001,333,Machinery,Machinery,0.0309862611532189,0.1297648671504613,0.0987786059972424,0.1525171717355032,0,13.883542968356101,0.0,0.0,-95
2017-04-01,1071.8,CES3133300001,333,Machinery,Machinery,0.0309862611532189,0.1297648671504613,0.0987786059972424,0.1525171717355032,0,13.884850036042886,0.0,0.0,-94
2017-05-01,1074.1,CES3133300001,333,Machinery,Machinery,0.0309862611532189,0.1297648671504613,0.0987786059972424,0.1525171717355032,0,13.886993659586139,0.0,0.0,-93
2017-06-01,1076.1,CES3133300001,333,Machinery,Machinery,0.0309862611532189,0.1297648671504613,0.0987786059972424,0.1525171717355032,0,13.888853952188484,0.0,0.0,-92
2017-07-01,1079.1,CES3133300001,333,Machinery,Machinery,0.0309862611532189,0.1297648671504613,0.0987786059972424,0.1525171717355032,0,13.891637918351824,0.0,0.0,-91
2017-08-01,1084.1,CES3133300001,333,Machinery,Machinery,0.0309862611532189,0.1297648671504613,0.0987786059972424,0.1525171717355032,0,13.896260707649382,0.0,0.0,-90
2017-09-01,1083.9,CES3133300001,333,Machinery,Machinery,0.0309862611532189,0.1297648671504613,0.0987786059972424,0.1525171717355032,0,13.89607620580384,0.0,0.0,-89
2017-10-01,1084.7,CES3133300001,333,Machinery,Machinery,0.0309862611532189,0.1297648671504613,0.0987786059972424,0.1525171717355032,0,13.89681400902831,0.0,0.0,-88
2017-11-01,1090.5,CES3133300001,333,Machinery,Machinery,0.0309862611532189,0.1297648671504613,0.0987786059972424,0.1525171717355032,0,13.902146864623822,0.0,0.0,-87
2017-12-01,1095.1,CES3133300001,333,Machinery,Machinery,0.0309862611532189,0.1297648671504613,0.0987786059972424,0.1525171717355032,0,13.90635624126385,0.0,0.0,-86
2018-01-01,1099.2,CES3133300001,333,Machinery,Machinery,0.0309862611532189,0.1297648671504613,0.0987786059972424,0.1525171717355032,0,13.910093200450222,0.0,0.0,-85
2018-02-01,1102.4,CES3133300001,333,Machinery,Machinery,0.0309862611532189,0.1297648671504613,0.0987786059972424,0.1525171717355032,0,13.91300017924153,0.0,0.0,-84
2018-03-01,1105.8,CES3133300001,333,Machinery,Machinery,0.0309862611532189,0.1297648671504613,0.0987786059972424,0.1525171717355032,0,13.91607961288597,0.0,0.0,-83
2018-04-01,1111.3,CES3133300001,333,Machinery,Machinery,0.0309862611532189,0.1297648671504613,0.0987786059972424,0.1525171717355032,0,13.921041059173739,0.0,0.0,-82
2018-05-01,1115.6,CES3133300001,333,Machinery,Machinery,0.0309862611532189,0.1297648671504613,0.0987786059972424,0.1525171717355032,0,13.92490293473547,0.0,0.0,-81
2018-06-01,1118.1,CES3133300001,333,Machinery,Machinery,0.0309862611532189,0.1297648671504613,0.0987786059972424,0.1525171717355032,0,13.92714137413546,0.0,0.0,-80
2018-07-01,1121.7,CES3133300001,333,Machinery,Machinery,0.0309862611532189,0.1297648671504613,0.0987786059972424,0.1525171717355032,0,13.930355949633315,0.0,0.0,-79
2018-08-01,1120.9,CES3133300001,333,Machinery,Machinery,0.0309862611532189,0.1297648671504613,0.0987786059972424,0.1525171717355032,0,13.929642492009187,0.0,0.0,-78
2018-09-01,1124.9,CES3133300001,333,Machinery,Machinery,0.0309862611532189,0.1297648671504613,0.0987786059972424,0.1525171717355032,0,13.933204700780918,0.0,0.0,-77
2018-10-01,1126.1,CES3133300001,333,Machinery,Machinery,0.0309862611532189,0.1297648671504613,0.0987786059972424,0.1525171717355032,0,13.934270893685117,0.0,0.0,-76
2018-11-01,1128.0,CES3133300001,333,Machinery,Machinery,0.0309862611532189,0.1297648671504613,0.0987786059972424,0.1525171717355032,0,13.935956711040141,0.0,0.0,-75
2018-12-01,1129.1,CES3133300001,333,Machinery,Machinery,0.0309862611532189,0.1297648671504613,0.0987786059972424,0.1525171717355032,0,13.936931413168614,0.0,0.0,-74
2019-01-01,1131.1,CES3133300001,333,Machinery,Machinery,0.0309862611532189,0.1297648671504613,0.0987786059972424,0.1525171717355032,0,13.938701168519472,0.0,0.0,-73
2019-02-01,1132.1,CES3133300001,333,Machinery,Machinery,0.0309862611532189,0.1297648671504613,0.0987786059972424,0.1525171717355032,0,13.9395848730662,0.0,0.0,-72
2019-03-01,1134.1,CES3133300001,333,Machinery,Machinery,0.0309862611532189,0.1297648671504613,0.0987786059972424,0.1525171717355032,0,13.941349942803422,0.0,0.0,-71
2019-04-01,1129.7,CES3133300001,333,Machinery,Machinery,0.0309862611532189,0.1297648671504613,0.0987786059972424,0.1525171717355032,0,13.93746266871502,0.0,0.0,-70
2019-05-01,1127.8,CES3133300001,333,Machinery,Machinery,0.0309862611532189,0.1297648671504613,0.0987786059972424,0.1525171717355032,0,13.935779390355219,0.0,0.0,-69
2019-06-01,1127.5,CES3133300001,333,Machinery,Machinery,0.0309862611532189,0.1297648671504613,0.0987786059972424,0.1525171717355032,0,13.93551335035897,0.0,0.0,-68
2019-07-01,1126.3,CES3133300001,333,Machinery,Machinery,0.0309862611532189,0.1297648671504613,0.0987786059972424,0.1525171717355032,0,13.934448482035787,0.0,0.0,-67
2019-08-01,1125.6,CES3133300001,333,Machinery,Machinery,0.0309862611532189,0.1297648671504613,0.0987786059972424,0.1525171717355032,0,13.933826784782317,0.0,0.0,-66
2019-09-01,1122.8,CES3133300001,333,Machinery,Machinery,0.0309862611532189,0.1297648671504613,0.0987786059972424,0.1525171717355032,0,13.931336123469864,0.0,0.0,-65
2019-10-01,1121.4,CES3133300001,333,Machinery,Machinery,0.0309862611532189,0.1297648671504613,0.0987786059972424,0.1525171717355032,0,13.930088462671709,0.0,0.0,-64
2019-11-01,1119.1,CES3133300001,333,Machinery,Machinery,0.0309862611532189,0.1297648671504613,0.0987786059972424,0.1525171717355032,0,13.928035348806118,0.0,0.0,-63
2019-12-01,1117.9,CES3133300001,333,Machinery,Machinery,0.0309862611532189,0.1297648671504613,0.0987786059972424,0.1525171717355032,0,13.926962483258418,0.0,0.0,-62
2020-01-01,1117.4,CES3133300001,333,Machinery,Machinery,0.0309862611532189,0.1297648671504613,0.0987786059972424,0.1525171717355032,0,13.926515116007186,0.0,0.0,-61
2020-02-01,1113.3,CES3133300001,333,Machinery,Machinery,0.0309862611532189,0.1297648671504613,0.0987786059972424,0.1525171717355032,0,13.9228391357168,0.0,0.0,-60
2020-03-01,1107.8,CES3133300001,333,Machinery,Machinery,0.0309862611532189,0.1297648671504613,0.0987786059972424,0.1525171717355032,0,13.91788662458114,0.0,0.0,-59
2020-04-01,1020.5,CES3133300001,333,Machinery,Machinery,0.0309862611532189,0.1297648671504613,0.0987786059972424,0.1525171717355032,0,13.835803261232037,0.0,0.0,-58
2020-05-01,1035.3,CES3133300001,333,Machinery,Machinery,0.0309862611532189,0.1297648671504613,0.0987786059972424,0.1525171717355032,0,13.850201797754204,0.0,0.0,-57
2020-06-01,1039.2,CES3133300001,333,Machinery,Machinery,0.0309862611532189,0.1297648671504613,0.0987786059972424,0.1525171717355032,0,13.853961744338527,0.0,0.0,-56
2020-07-01,1031.2,CES3133300001,333,Machinery,Machinery,0.0309862611532189,0.1297648671504613,0.0987786059972424,0.1525171717355032,0,13.846233730607114,0.0,0.0,-55
2020-08-01,1029.6,CES3133300001,333,Machinery,Machinery,0.0309862611532189,0.1297648671504613,0.0987786059972424,0.1525171717355032,0,13.844680935264053,0.0,0.0,-54
2020-09-01,1038.8,CES3133300001,333,Machinery,Machinery,0.0309862611532189,0.1297648671504613,0.0987786059972424,0.1525171717355032,0,13.85357675877073,0.0,0.0,-53
2020-10-01,1041.3,CES3133300001,333,Machinery,Machinery,0.0309862611532189,0.1297648671504613,0.0987786059972424,0.1525171717355032,0,13.855980490517988,0.0,0.0,-52
2020-11-01,1041.2,CES3133300001,333,Machinery,Machinery,0.0309862611532189,0.1297648671504613,0.0987786059972424,0.1525171717355032,0,13.855884452102547,0.0,0.0,-51
2020-12-01,1041.8,CES3133300001,333,Machinery,Machinery,0.0309862611532189,0.1297648671504613,0.0987786059972424,0.1525171717355032,0,13.856460544293228,0.0,0.0,-50
2021-01-01,1039.3,CES3133300001,333,Machinery,Machinery,0.0309862611532189,0.1297648671504613,0.0987786059972424,0.1525171717355032,0,13.854057967576512,0.0,0.0,-49
2021-02-01,1041.3,CES3133300001,333,Machinery,Machinery,0.0309862611532189,0.1297648671504613,0.0987786059972424,0.1525171717355032,0,13.855980490517988,0.0,0.0,-48
2021-03-01,1043.4,CES3133300001,333,Machinery,Machinery,0.0309862611532189,0.1297648671504613,0.0987786059972424,0.1525171717355032,0,13.85799516957043,0.0,0.0,-47
2021-04-01,1046.6,CES3133300001,333,Machinery,Machinery,0.0309862611532189,0.1297648671504613,0.0987786059972424,0.1525171717355032,0,13.861057372920245,0.0,0.0,-46
2021-05-01,1051.5,CES3133300001,333,Machinery,Machinery,0.0309862611532189,0.1297648671504613,0.0987786059972424,0.1525171717355032,0,13.865728274124892,0.0,0.0,-45
2021-06-01,1053.3,CES3133300001,333,Machinery,Machinery,0.0309862611532189,0.1297648671504613,0.0987786059972424,0.1525171717355032,0,13.867438650824633,0.0,0.0,-44
2021-07-01,1055.1,CES3133300001,333,Machinery,Machinery,0.0309862611532189,0.1297648671504613,0.0987786059972424,0.1525171717355032,0,13.869146107130183,0.0,0.0,-43
2021-08-01,1063.0,CES3133300001,333,Machinery,Machinery,0.0309862611532189,0.1297648671504613,0.0987786059972424,0.1525171717355032,0,13.876605657324085,0.0,0.0,-42
2021-09-01,1069.8,CES3133300001,333,Machinery,Machinery,0.0309862611532189,0.1297648671504613,0.0987786059972424,0.1525171717355032,0,13.882982273079287,0.0,0.0,-41
2021-10-01,1072.0,CES3133300001,333,Machinery,Machinery,0.0309862611532189,0.1297648671504613,0.0987786059972424,0.1525171717355032,0,13.885036620612885,0.0,0.0,-40
2021-11-01,1063.9,CES3133300001,333,Machinery,Machinery,0.0309862611532189,0.1297648671504613,0.0987786059972424,0.1525171717355032,0,13.877451959504457,0.0,0.0,-39
2021-12-01,1075.3,CES3133300001,333,Machinery,Machinery,0.0309862611532189,0.1297648671504613,0.0987786059972424,0.1525171717355032,0,13.888110250378618,0.0,0.0,-38
2022-01-01,1080.4,CES3133300001,333,Machinery,Machinery,0.0309862611532189,0.1297648671504613,0.0987786059972424,0.1525171717355032,0,13.892841900900597,0.0,0.0,-37
2022-02-01,1089.5,CES3133300001,333,Machinery,Machinery,0.0309862611532189,0.1297648671504613,0.0987786059972424,0.1525171717355032,0,13.901229433366812,0.0,0.0,-36
2022-03-01,1096.1,CES3133300001,333,Machinery,Machinery,0.0309862611532189,0.1297648671504613,0.0987786059972424,0.1525171717355032,0,13.907268983203815,0.0,0.0,-35
2022-04-01,1102.3,CES3133300001,333,Machinery,Machinery,0.0309862611532189,0.1297648671504613,0.0987786059972424,0.1525171717355032,0,13.912909463951406,0.0,0.0,-34
2022-05-01,1101.2,CES3133300001,333,Machinery,Machinery,0.0309862611532189,0.1297648671504613,0.0987786059972424,0.1525171717355032,0,13.91191105225059,0.0,0.0,-33
2022-06-01,1106.5,CES3133300001,333,Machinery,Machinery,0.0309862611532189,0.1297648671504613,0.0987786059972424,0.1525171717355032,0,13.916712438473242,0.0,0.0,-32
2022-07-01,1111.8,CES3133300001,333,Machinery,Machinery,0.0309862611532189,0.1297648671504613,0.0987786059972424,0.1525171717355032,0,13.921490881501507,0.0,0.0,-31
2022-08-01,1111.2,CES3133300001,333,Machinery,Machinery,0.0309862611532189,0.1297648671504613,0.0987786059972424,0.1525171717355032,0,13.920951070422271,0.0,0.0,-30
2022-09-01,1112.3,CES3133300001,333,Machinery,Machinery,0.0309862611532189,0.1297648671504613,0.0987786059972424,0.1525171717355032,0,13.92194050158012,0.0,0.0,-29
2022-10-01,1115.7,CES3133300001,333,Machinery,Machinery,0.0309862611532189,0.1297648671504613,0.0987786059972424,0.1525171717355032,0,13.92499256858127,0.0,0.0,-28
2022-11-01,1121.1,CES3133300001,333,Machinery,Machinery,0.0309862611532189,0.1297648671504613,0.0987786059972424,0.1525171717355032,0,13.929820904141685,0.0,0.0,-27
2022-12-01,1127.1,CES3133300001,333,Machinery,Machinery,0.0309862611532189,0.1297648671504613,0.0987786059972424,0.1525171717355032,0,13.93515852023017,0.0,0.0,-26
2023-01-01,1128.6,CES3133300001,333,Machinery,Machinery,0.0309862611532189,0.1297648671504613,0.0987786059972424,0.1525171717355032,0,13.936488484517177,0.0,0.0,-25
2023-02-01,1127.8,CES3133300001,333,Machinery,Machinery,0.0309862611532189,0.1297648671504613,0.0987786059972424,0.1525171717355032,0,13.935779390355219,0.0,0.0,-24
2023-03-01,1131.2,CES3133300001,333,Machinery,Machinery,0.0309862611532189,0.1297648671504613,0.0987786059972424,0.1525171717355032,0,13.938789574124446,0.0,0.0,-23
2023-04-01,1128.7,CES3133300001,333,Machinery,Machinery,0.0309862611532189,0.1297648671504613,0.0987786059972424,0.1525171717355032,0,13.936577085943718,0.0,0.0,-22
2023-05-01,1127.6,CES3133300001,333,Machinery,Machinery,0.0309862611532189,0.1297648671504613,0.0987786059972424,0.1525171717355032,0,13.935602038222095,0.0,0.0,-21
2023-06-01,1133.1,CES3133300001,333,Machinery,Machinery,0.0309862611532189,0.1297648671504613,0.0987786059972424,0.1525171717355032,0,13.940467797368658,0.0,0.0,-20
2023-07-01,1134.0,CES3133300001,333,Machinery,Machinery,0.0309862611532189,0.1297648671504613,0.0987786059972424,0.1525171717355032,0,13.941261763269834,0.0,0.0,-19
2023-08-01,1134.2,CES3133300001,333,Machinery,Machinery,0.0309862611532189,0.1297648671504613,0.0987786059972424,0.1525171717355032,0,13.941438114562064,0.0,0.0,-18
2023-09-01,1130.4,CES3133300001,333,Machinery,Machinery,0.0309862611532189,0.1297648671504613,0.0987786059972424,0.1525171717355032,0,13.938082110352454,0.0,0.0,-17
2023-10-01,1129.2,CES3133300001,333,Machinery,Machinery,0.0309862611532189,0.1297648671504613,0.0987786059972424,0.1525171717355032,0,13.937019975361471,0.0,0.0,-16
2023-11-01,1128.0,CES3133300001,333,Machinery,Machinery,0.0309862611532189,0.1297648671504613,0.0987786059972424,0.1525171717355032,0,13.935956711040141,0.0,0.0,-15
2023-12-01,1130.8,CES3133300001,333,Machinery,Machinery,0.0309862611532189,0.1297648671504613,0.0987786059972424,0.1525171717355032,0,13.938435904801572,0.0,0.0,-14
2024-01-01,1127.6,CES3133300001,333,Machinery,Machinery,0.0309862611532189,0.1297648671504613,0.0987786059972424,0.1525171717355032,0,13.935602038222095,0.0,0.0,-13
2024-02-01,1123.6,CES3133300001,333,Machinery,Machinery,0.0309862611532189,0.1297648671504613,0.0987786059972424,0.1525171717355032,0,13.932048374212226,0.0,0.0,-12
2024-03-01,1119.6,CES3133300001,333,Machinery,Machinery,0.0309862611532189,0.1297648671504613,0.0987786059972424,0.1525171717355032,0,13.928482036623436,0.0,0.0,-11
2024-04-01,1119.4,CES3133300001,333,Machinery,Machinery,0.0309862611532189,0.1297648671504613,0.0987786059972424,0.1525171717355032,0,13.928303385439396,0.0,0.0,-10
2024-05-01,1119.5,CES3133300001,333,Machinery,Machinery,0.0309862611532189,0.1297648671504613,0.0987786059972424,0.1525171717355032,0,13.928392715020946,0.0,0.0,-9
2024-06-01,1114.8,CES3133300001,333,Machinery,Machinery,0.0309862611532189,0.1297648671504613,0.0987786059972424,0.1525171717355032,0,13.92418557458993,0.0,0.0,-8
2024-07-01,1111.3,CES3133300001,333,Machinery,Machinery,0.0309862611532189,0.1297648671504613,0.0987786059972424,0.1525171717355032,0,13.921041059173739,0.0,0.0,-7
2024-08-01,1108.8,CES3133300001,333,Machinery,Machinery,0.0309862611532189,0.1297648671504613,0.0987786059972424,0.1525171717355032,0,13.918788907417776,0.0,0.0,-6
2024-09-01,1106.5,CES3133300001,333,Machinery,Machinery,0.0309862611532189,0.1297648671504613,0.0987786059972424,0.1525171717355032,0,13.916712438473242,0.0,0.0,-5
2024-10-01,1103.3,CES3133300001,333,Machinery,Machinery,0.0309862611532189,0.1297648671504613,0.0987786059972424,0.1525171717355032,0,13.913816246748397,0.0,0.0,-4
2024-11-01,1101.4,CES3133300001,333,Machinery,Machinery,0.0309862611532189,0.1297648671504613,0.0987786059972424,0.1525171717355032,0,13.912092655810518,0.0,0.0,-3
2024-12-01,1097.5,CES3133300001,333,Machinery,Machinery,0.0309862611532189,0.1297648671504613,0.0987786059972424,0.1525171717355032,0,13.908545423931464,0.0,0.0,-2
2025-01-01,1096.6,CES3133300001,333,Machinery,Machinery,0.0309862611532189,0.1297648671504613,0.0987786059972424,0.1525171717355032,0,13.907725041952085,0.0,0.0,-1
2025-02-01,1095.4,CES3133300001,333,Machinery,Machinery,0.0309862611532189,0.1297648671504613,0.0987786059972424,0.1525171717355032,1,13.906630151331758,0.0987786059972424,0.1525171717355032,0
2025-03-01,1094.9,CES3133300001,333,Machinery,Machinery,0.0309862611532189,0.1297648671504613,0.0987786059972424,0.1525171717355032,1,13.906173592861517,0.0987786059972424,0.1525171717355032,1
2025-04-01,1096.0,CES3133300001,333,Machinery,Machinery,0.0309862611532189,0.1297648671504613,0.0987786059972424,0.1525171717355032,1,13.907177746490097,0.0987786059972424,0.1525171717355032,2
2025-05-01,1090.8,CES3133300001,333,Machinery,Machinery,0.0309862611532189,0.1297648671504613,0.0987786059972424,0.1525171717355032,1,13.90242192995357,0.0987786059972424,0.1525171717355032,3
2025-06-01,1087.6,CES3133300001,333,Machinery,Machinery,0.0309862611532189,0.1297648671504613,0.0987786059972424,0.1525171717355032,1,13.899483991740453,0.0987786059972424,0.1525171717355032,4
2025-07-01,1085.0,CES3133300001,333,Machinery,Machinery,0.0309862611532189,0.1297648671504613,0.0987786059972424,0.1525171717355032,1,13.897090544956697,0.0987786059972424,0.1525171717355032,5
2025-08-01,1083.3,CES3133300001,333,Machinery,Machinery,0.0309862611532189,0.1297648671504613,0.0987786059972424,0.1525171717355032,1,13.895522495933658,0.0987786059972424,0.1525171717355032,6
2025-09-01,1085.7,CES3133300001,333,Machinery,Machinery,0.0309862611532189,0.1297648671504613,0.0987786059972424,0.1525171717355032,1,13.897735498219944,0.0987786059972424,0.1525171717355032,7
2025-10-01,1084.6,CES3133300001,333,Machinery,Machinery,0.0309862611532189,0.1297648671504613,0.0987786059972424,0.1525171717355032,1,13.896721813389098,0.0987786059972424,0.1525171717355032,8
2025-11-01,1084.8,CES3133300001,333,Machinery,Machinery,0.0309862611532189,0.1297648671504613,0.0987786059972424,0.1525171717355032,1,13.896906196168269,0.0987786059972424,0.1525171717355032,9
2025-12-01,1084.4,CES3133300001,333,Machinery,Machinery,0.0309862611532189,0.1297648671504613,0.0987786059972424,0.1525171717355032,1,13.896537396606648,0.0987786059972424,0.1525171717355032,10
2026-01-01,1084.4,CES3133300001,333,Machinery,Machinery,0.0309862611532189,0.1297648671504613,0.0987786059972424,0.1525171717355032,1,13.896537396606648,0.0987786059972424,0.1525171717355032,11
2026-02-01,1085.5,CES3133300001,333,Machinery,Machinery,0.0309862611532189,0.1297648671504613,0.0987786059972424,0.1525171717355032,1,13.897551268300484,0.0987786059972424,0.1525171717355032,12
2026-03-01,1087.4,CES3133300001,333,Machinery,Machinery,0.0309862611532189,0.1297648671504613,0.0987786059972424,0.1525171717355032,1,13.899300083693957,0.0987786059972424,0.1525171717355032,13
2015-01-01,390.9,CES3132700001,327,Nonmetallic Mineral,Nonmetallic_Mineral,0.0639603123342104,0.1503185020074924,0.086358189673282,0.2693110938443358,0,12.876207051781046,0.0,0.0,-121
2015-02-01,391.9,CES3132700001,327,Nonmetallic Mineral,Nonmetallic_Mineral,0.0639603123342104,0.1503185020074924,0.086358189673282,0.2693110938443358,0,12.878761984187722,0.0,0.0,-120
2015-03-01,391.8,CES3132700001,327,Nonmetallic Mineral,Nonmetallic_Mineral,0.0639603123342104,0.1503185020074924,0.086358189673282,0.2693110938443358,0,12.878506784492577,0.0,0.0,-119
2015-04-01,395.1,CES3132700001,327,Nonmetallic Mineral,Nonmetallic_Mineral,0.0639603123342104,0.1503185020074924,0.086358189673282,0.2693110938443358,0,12.886894176399482,0.0,0.0,-118
2015-05-01,397.1,CES3132700001,327,Nonmetallic Mineral,Nonmetallic_Mineral,0.0639603123342104,0.1503185020074924,0.086358189673282,0.2693110938443358,0,12.891943417119343,0.0,0.0,-117
2015-06-01,397.6,CES3132700001,327,Nonmetallic Mineral,Nonmetallic_Mineral,0.0639603123342104,0.1503185020074924,0.086358189673282,0.2693110938443358,0,12.893201753764556,0.0,0.0,-116
2015-07-01,399.3,CES3132700001,327,Nonmetallic Mineral,Nonmetallic_Mineral,0.0639603123342104,0.1503185020074924,0.086358189673282,0.2693110938443358,0,12.897468293051313,0.0,0.0,-115
2015-08-01,400.5,CES3132700001,327,Nonmetallic Mineral,Nonmetallic_Mineral,0.0639603123342104,0.1503185020074924,0.086358189673282,0.2693110938443358,0,12.900469045490551,0.0,0.0,-114
2015-09-01,401.2,CES3132700001,327,Nonmetallic Mineral,Nonmetallic_Mineral,0.0639603123342104,0.1503185020074924,0.086358189673282,0.2693110938443358,0,12.902215335069917,0.0,0.0,-113
2015-10-01,403.1,CES3132700001,327,Nonmetallic Mineral,Nonmetallic_Mineral,0.0639603123342104,0.1503185020074924,0.086358189673282,0.2693110938443358,0,12.906939949105258,0.0,0.0,-112
2015-11-01,404.3,CES3132700001,327,Nonmetallic Mineral,Nonmetallic_Mineral,0.0639603123342104,0.1503185020074924,0.086358189673282,0.2693110938443358,0,12.909912455628863,0.0,0.0,-111
2015-12-01,404.0,CES3132700001,327,Nonmetallic Mineral,Nonmetallic_Mineral,0.0639603123342104,0.1503185020074924,0.086358189673282,0.2693110938443358,0,12.909170156943286,0.0,0.0,-110
2016-01-01,404.4,CES3132700001,327,Nonmetallic Mineral,Nonmetallic_Mineral,0.0639603123342104,0.1503185020074924,0.086358189673282,0.2693110938443358,0,12.910159766128453,0.0,0.0,-109
2016-02-01,404.6,CES3132700001,327,Nonmetallic Mineral,Nonmetallic_Mineral,0.0639603123342104,0.1503185020074924,0.086358189673282,0.2693110938443358,0,12.910654203715783,0.0,0.0,-108
2016-03-01,404.8,CES3132700001,327,Nonmetallic Mineral,Nonmetallic_Mineral,0.0639603123342104,0.1503185020074924,0.086358189673282,0.2693110938443358,0,12.911148396955392,0.0,0.0,-107
2016-04-01,405.0,CES3132700001,327,Nonmetallic Mineral,Nonmetallic_Mineral,0.0639603123342104,0.1503185020074924,0.086358189673282,0.2693110938443358,0,12.911642346088676,0.0,0.0,-106
2016-05-01,406.1,CES3132700001,327,Nonmetallic Mineral,Nonmetallic_Mineral,0.0639603123342104,0.1503185020074924,0.086358189673282,0.2693110938443358,0,12.914354713674388,0.0,0.0,-105
2016-06-01,406.6,CES3132700001,327,Nonmetallic Mineral,Nonmetallic_Mineral,0.0639603123342104,0.1503185020074924,0.086358189673282,0.2693110938443358,0,12.915585180176384,0.0,0.0,-104
2016-07-01,406.5,CES3132700001,327,Nonmetallic Mineral,Nonmetallic_Mineral,0.0639603123342104,0.1503185020074924,0.086358189673282,0.2693110938443358,0,12.915339207970002,0.0,0.0,-103
2016-08-01,404.3,CES3132700001,327,Nonmetallic Mineral,Nonmetallic_Mineral,0.0639603123342104,0.1503185020074924,0.086358189673282,0.2693110938443358,0,12.909912455628863,0.0,0.0,-102
2016-09-01,407.5,CES3132700001,327,Nonmetallic Mineral,Nonmetallic_Mineral,0.0639603123342104,0.1503185020074924,0.086358189673282,0.2693110938443358,0,12.917796211663054,0.0,0.0,-101
2016-10-01,408.1,CES3132700001,327,Nonmetallic Mineral,Nonmetallic_Mineral,0.0639603123342104,0.1503185020074924,0.086358189673282,0.2693110938443358,0,12.919267521393897,0.0,0.0,-100
2016-11-01,408.1,CES3132700001,327,Nonmetallic Mineral,Nonmetallic_Mineral,0.0639603123342104,0.1503185020074924,0.086358189673282,0.2693110938443358,0,12.919267521393897,0.0,0.0,-99
2016-12-01,408.6,CES3132700001,327,Nonmetallic Mineral,Nonmetallic_Mineral,0.0639603123342104,0.1503185020074924,0.086358189673282,0.2693110938443358,0,12.92049196136566,0.0,0.0,-98
2017-01-01,409.0,CES3132700001,327,Nonmetallic Mineral,Nonmetallic_Mineral,0.0639603123342104,0.1503185020074924,0.086358189673282,0.2693110938443358,0,12.921470435024938,0.0,0.0,-97
2017-02-01,409.7,CES3132700001,327,Nonmetallic Mineral,Nonmetallic_Mineral,0.0639603123342104,0.1503185020074924,0.086358189673282,0.2693110938443358,0,12.923180463534962,0.0,0.0,-96
2017-03-01,410.2,CES3132700001,327,Nonmetallic Mineral,Nonmetallic_Mineral,0.0639603123342104,0.1503185020074924,0.086358189673282,0.2693110938443358,0,12.924400124620417,0.0,0.0,-95
2017-04-01,409.5,CES3132700001,327,Nonmetallic Mineral,Nonmetallic_Mineral,0.0639603123342104,0.1503185020074924,0.086358189673282,0.2693110938443358,0,12.922692182275261,0.0,0.0,-94
2017-05-01,409.1,CES3132700001,327,Nonmetallic Mineral,Nonmetallic_Mineral,0.0639603123342104,0.1503185020074924,0.086358189673282,0.2693110938443358,0,12.92171490391749,0.0,0.0,-93
2017-06-01,408.6,CES3132700001,327,Nonmetallic Mineral,Nonmetallic_Mineral,0.0639603123342104,0.1503185020074924,0.086358189673282,0.2693110938443358,0,12.92049196136566,0.0,0.0,-92
2017-07-01,409.4,CES3132700001,327,Nonmetallic Mineral,Nonmetallic_Mineral,0.0639603123342104,0.1503185020074924,0.086358189673282,0.2693110938443358,0,12.922447952209327,0.0,0.0,-91
2017-08-01,410.6,CES3132700001,327,Nonmetallic Mineral,Nonmetallic_Mineral,0.0639603123342104,0.1503185020074924,0.086358189673282,0.2693110938443358,0,12.925374783566971,0.0,0.0,-90
2017-09-01,408.6,CES3132700001,327,Nonmetallic Mineral,Nonmetallic_Mineral,0.0639603123342104,0.1503185020074924,0.086358189673282,0.2693110938443358,0,12.92049196136566,0.0,0.0,-89
2017-10-01,408.6,CES3132700001,327,Nonmetallic Mineral,Nonmetallic_Mineral,0.0639603123342104,0.1503185020074924,0.086358189673282,0.2693110938443358,0,12.92049196136566,0.0,0.0,-88
2017-11-01,410.1,CES3132700001,327,Nonmetallic Mineral,Nonmetallic_Mineral,0.0639603123342104,0.1503185020074924,0.086358189673282,0.2693110938443358,0,12.92415631138015,0.0,0.0,-87
2017-12-01,411.7,CES3132700001,327,Nonmetallic Mineral,Nonmetallic_Mineral,0.0639603123342104,0.1503185020074924,0.086358189673282,0.2693110938443358,0,12.928050207757996,0.0,0.0,-86
2018-01-01,411.9,CES3132700001,327,Nonmetallic Mineral,Nonmetallic_Mineral,0.0639603123342104,0.1503185020074924,0.086358189673282,0.2693110938443358,0,12.928535880424173,0.0,0.0,-85
2018-02-01,413.3,CES3132700001,327,Nonmetallic Mineral,Nonmetallic_Mineral,0.0639603123342104,0.1503185020074924,0.086358189673282,0.2693110938443358,0,12.931929000499824,0.0,0.0,-84
2018-03-01,414.6,CES3132700001,327,Nonmetallic Mineral,Nonmetallic_Mineral,0.0639603123342104,0.1503185020074924,0.086358189673282,0.2693110938443358,0,12.935069478983817,0.0,0.0,-83
2018-04-01,415.3,CES3132700001,327,Nonmetallic Mineral,Nonmetallic_Mineral,0.0639603123342104,0.1503185020074924,0.086358189673282,0.2693110938443358,0,12.936756429618844,0.0,0.0,-82
2018-05-01,414.3,CES3132700001,327,Nonmetallic Mineral,Nonmetallic_Mineral,0.0639603123342104,0.1503185020074924,0.086358189673282,0.2693110938443358,0,12.934345628065493,0.0,0.0,-81
2018-06-01,415.7,CES3132700001,327,Nonmetallic Mineral,Nonmetallic_Mineral,0.0639603123342104,0.1503185020074924,0.086358189673282,0.2693110938443358,0,12.93771912524073,0.0,0.0,-80
2018-07-01,415.8,CES3132700001,327,Nonmetallic Mineral,Nonmetallic_Mineral,0.0639603123342104,0.1503185020074924,0.086358189673282,0.2693110938443358,0,12.93795965440605,0.0,0.0,-79
2018-08-01,416.3,CES3132700001,327,Nonmetallic Mineral,Nonmetallic_Mineral,0.0639603123342104,0.1503185020074924,0.086358189673282,0.2693110938443358,0,12.939161433183067,0.0,0.0,-78
2018-09-01,417.9,CES3132700001,327,Nonmetallic Mineral,Nonmetallic_Mineral,0.0639603123342104,0.1503185020074924,0.086358189673282,0.2693110938443358,0,12.942997448436007,0.0,0.0,-77
2018-10-01,418.8,CES3132700001,327,Nonmetallic Mineral,Nonmetallic_Mineral,0.0639603123342104,0.1503185020074924,0.086358189673282,0.2693110938443358,0,12.945148757978519,0.0,0.0,-76
2018-11-01,419.0,CES3132700001,327,Nonmetallic Mineral,Nonmetallic_Mineral,0.0639603123342104,0.1503185020074924,0.086358189673282,0.2693110938443358,0,12.945626198904275,0.0,0.0,-75
2018-12-01,420.8,CES3132700001,327,Nonmetallic Mineral,Nonmetallic_Mineral,0.0639603123342104,0.1503185020074924,0.086358189673282,0.2693110938443358,0,12.949912940405637,0.0,0.0,-74
2019-01-01,423.8,CES3132700001,327,Nonmetallic Mineral,Nonmetallic_Mineral,0.0639603123342104,0.1503185020074924,0.086358189673282,0.2693110938443358,0,12.957016924816335,0.0,0.0,-73
2019-02-01,418.3,CES3132700001,327,Nonmetallic Mineral,Nonmetallic_Mineral,0.0639603123342104,0.1503185020074924,0.086358189673282,0.2693110938443358,0,12.943954157430289,0.0,0.0,-72
2019-03-01,418.7,CES3132700001,327,Nonmetallic Mineral,Nonmetallic_Mineral,0.0639603123342104,0.1503185020074924,0.086358189673282,0.2693110938443358,0,12.944909952007235,0.0,0.0,-71
2019-04-01,420.0,CES3132700001,327,Nonmetallic Mineral,Nonmetallic_Mineral,0.0639603123342104,0.1503185020074924,0.086358189673282,0.2693110938443358,0,12.948009990259552,0.0,0.0,-70
2019-05-01,418.0,CES3132700001,327,Nonmetallic Mineral,Nonmetallic_Mineral,0.0639603123342104,0.1503185020074924,0.086358189673282,0.2693110938443358,0,12.943236711506893,0.0,0.0,-69
2019-06-01,417.5,CES3132700001,327,Nonmetallic Mineral,Nonmetallic_Mineral,0.0639603123342104,0.1503185020074924,0.086358189673282,0.2693110938443358,0,12.942039823273047,0.0,0.0,-68
2019-07-01,418.5,CES3132700001,327,Nonmetallic Mineral,Nonmetallic_Mineral,0.0639603123342104,0.1503185020074924,0.086358189673282,0.2693110938443358,0,12.944432168911668,0.0,0.0,-67
2019-08-01,418.1,CES3132700001,327,Nonmetallic Mineral,Nonmetallic_Mineral,0.0639603123342104,0.1503185020074924,0.086358189673282,0.2693110938443358,0,12.943475917344657,0.0,0.0,-66
2019-09-01,417.0,CES3132700001,327,Nonmetallic Mineral,Nonmetallic_Mineral,0.0639603123342104,0.1503185020074924,0.086358189673282,0.2693110938443358,0,12.94084150078094,0.0,0.0,-65
2019-10-01,419.4,CES3132700001,327,Nonmetallic Mineral,Nonmetallic_Mineral,0.0639603123342104,0.1503185020074924,0.086358189673282,0.2693110938443358,0,12.946580397449956,0.0,0.0,-64
2019-11-01,418.0,CES3132700001,327,Nonmetallic Mineral,Nonmetallic_Mineral,0.0639603123342104,0.1503185020074924,0.086358189673282,0.2693110938443358,0,12.943236711506893,0.0,0.0,-63
2019-12-01,415.0,CES3132700001,327,Nonmetallic Mineral,Nonmetallic_Mineral,0.0639603123342104,0.1503185020074924,0.086358189673282,0.2693110938443358,0,12.936033799212835,0.0,0.0,-62
2020-01-01,417.1,CES3132700001,327,Nonmetallic Mineral,Nonmetallic_Mineral,0.0639603123342104,0.1503185020074924,0.086358189673282,0.2693110938443358,0,12.941081280185037,0.0,0.0,-61
2020-02-01,419.4,CES3132700001,327,Nonmetallic Mineral,Nonmetallic_Mineral,0.0639603123342104,0.1503185020074924,0.086358189673282,0.2693110938443358,0,12.946580397449956,0.0,0.0,-60
2020-03-01,415.7,CES3132700001,327,Nonmetallic Mineral,Nonmetallic_Mineral,0.0639603123342104,0.1503185020074924,0.086358189673282,0.2693110938443358,0,12.93771912524073,0.0,0.0,-59
2020-04-01,371.7,CES3132700001,327,Nonmetallic Mineral,Nonmetallic_Mineral,0.0639603123342104,0.1503185020074924,0.086358189673282,0.2693110938443358,0,12.825842356285344,0.0,0.0,-58
2020-05-01,386.0,CES3132700001,327,Nonmetallic Mineral,Nonmetallic_Mineral,0.0639603123342104,0.1503185020074924,0.086358189673282,0.2693110938443358,0,12.863592648446968,0.0,0.0,-57
2020-06-01,394.7,CES3132700001,327,Nonmetallic Mineral,Nonmetallic_Mineral,0.0639603123342104,0.1503185020074924,0.086358189673282,0.2693110938443358,0,12.885881261650939,0.0,0.0,-56
2020-07-01,398.5,CES3132700001,327,Nonmetallic Mineral,Nonmetallic_Mineral,0.0639603123342104,0.1503185020074924,0.086358189673282,0.2693110938443358,0,12.895462777212407,0.0,0.0,-55
2020-08-01,392.9,CES3132700001,327,Nonmetallic Mineral,Nonmetallic_Mineral,0.0639603123342104,0.1503185020074924,0.086358189673282,0.2693110938443358,0,12.881310405546552,0.0,0.0,-54
2020-09-01,398.7,CES3132700001,327,Nonmetallic Mineral,Nonmetallic_Mineral,0.0639603123342104,0.1503185020074924,0.086358189673282,0.2693110938443358,0,12.895964533369446,0.0,0.0,-53
2020-10-01,398.8,CES3132700001,327,Nonmetallic Mineral,Nonmetallic_Mineral,0.0639603123342104,0.1503185020074924,0.086358189673282,0.2693110938443358,0,12.89621531706982,0.0,0.0,-52
2020-11-01,400.2,CES3132700001,327,Nonmetallic Mineral,Nonmetallic_Mineral,0.0639603123342104,0.1503185020074924,0.086358189673282,0.2693110938443358,0,12.89971970113177,0.0,0.0,-51
2020-12-01,400.7,CES3132700001,327,Nonmetallic Mineral,Nonmetallic_Mineral,0.0639603123342104,0.1503185020074924,0.086358189673282,0.2693110938443358,0,12.900968296624235,0.0,0.0,-50
2021-01-01,395.9,CES3132700001,327,Nonmetallic Mineral,Nonmetallic_Mineral,0.0639603123342104,0.1503185020074924,0.086358189673282,0.2693110938443358,0,12.888916933094222,0.0,0.0,-49
2021-02-01,393.6,CES3132700001,327,Nonmetallic Mineral,Nonmetallic_Mineral,0.0639603123342104,0.1503185020074924,0.086358189673282,0.2693110938443358,0,12.883090444160235,0.0,0.0,-48
2021-03-01,401.2,CES3132700001,327,Nonmetallic Mineral,Nonmetallic_Mineral,0.0639603123342104,0.1503185020074924,0.086358189673282,0.2693110938443358,0,12.902215335069917,0.0,0.0,-47
2021-04-01,405.0,CES3132700001,327,Nonmetallic Mineral,Nonmetallic_Mineral,0.0639603123342104,0.1503185020074924,0.086358189673282,0.2693110938443358,0,12.911642346088676,0.0,0.0,-46
2021-05-01,400.0,CES3132700001,327,Nonmetallic Mineral,Nonmetallic_Mineral,0.0639603123342104,0.1503185020074924,0.086358189673282,0.2693110938443358,0,12.89921982609012,0.0,0.0,-45
2021-06-01,403.2,CES3132700001,327,Nonmetallic Mineral,Nonmetallic_Mineral,0.0639603123342104,0.1503185020074924,0.086358189673282,0.2693110938443358,0,12.907187995739296,0.0,0.0,-44
2021-07-01,406.5,CES3132700001,327,Nonmetallic Mineral,Nonmetallic_Mineral,0.0639603123342104,0.1503185020074924,0.086358189673282,0.2693110938443358,0,12.915339207970002,0.0,0.0,-43
2021-08-01,407.1,CES3132700001,327,Nonmetallic Mineral,Nonmetallic_Mineral,0.0639603123342104,0.1503185020074924,0.086358189673282,0.2693110938443358,0,12.91681413449107,0.0,0.0,-42
2021-09-01,407.9,CES3132700001,327,Nonmetallic Mineral,Nonmetallic_Mineral,0.0639603123342104,0.1503185020074924,0.086358189673282,0.2693110938443358,0,12.91877732530565,0.0,0.0,-41
2021-10-01,406.0,CES3132700001,327,Nonmetallic Mineral,Nonmetallic_Mineral,0.0639603123342104,0.1503185020074924,0.086358189673282,0.2693110938443358,0,12.91410843858387,0.0,0.0,-40
2021-11-01,410.3,CES3132700001,327,Nonmetallic Mineral,Nonmetallic_Mineral,0.0639603123342104,0.1503185020074924,0.086358189673282,0.2693110938443358,0,12.924643878430278,0.0,0.0,-39
2021-12-01,410.7,CES3132700001,327,Nonmetallic Mineral,Nonmetallic_Mineral,0.0639603123342104,0.1503185020074924,0.086358189673282,0.2693110938443358,0,12.92561829994465,0.0,0.0,-38
2022-01-01,413.0,CES3132700001,327,Nonmetallic Mineral,Nonmetallic_Mineral,0.0639603123342104,0.1503185020074924,0.086358189673282,0.2693110938443358,0,12.931202871943169,0.0,0.0,-37
2022-02-01,414.8,CES3132700001,327,Nonmetallic Mineral,Nonmetallic_Mineral,0.0639603123342104,0.1503185020074924,0.086358189673282,0.2693110938443358,0,12.93555175533751,0.0,0.0,-36
2022-03-01,415.1,CES3132700001,327,Nonmetallic Mineral,Nonmetallic_Mineral,0.0639603123342104,0.1503185020074924,0.086358189673282,0.2693110938443358,0,12.93627473404113,0.0,0.0,-35
2022-04-01,415.3,CES3132700001,327,Nonmetallic Mineral,Nonmetallic_Mineral,0.0639603123342104,0.1503185020074924,0.086358189673282,0.2693110938443358,0,12.936756429618844,0.0,0.0,-34
2022-05-01,417.0,CES3132700001,327,Nonmetallic Mineral,Nonmetallic_Mineral,0.0639603123342104,0.1503185020074924,0.086358189673282,0.2693110938443358,0,12.94084150078094,0.0,0.0,-33
2022-06-01,416.7,CES3132700001,327,Nonmetallic Mineral,Nonmetallic_Mineral,0.0639603123342104,0.1503185020074924,0.086358189673282,0.2693110938443358,0,12.940121817410544,0.0,0.0,-32
2022-07-01,417.3,CES3132700001,327,Nonmetallic Mineral,Nonmetallic_Mineral,0.0639603123342104,0.1503185020074924,0.086358189673282,0.2693110938443358,0,12.941560666579644,0.0,0.0,-31
2022-08-01,420.3,CES3132700001,327,Nonmetallic Mineral,Nonmetallic_Mineral,0.0639603123342104,0.1503185020074924,0.086358189673282,0.2693110938443358,0,12.948724020993208,0.0,0.0,-30
2022-09-01,418.3,CES3132700001,327,Nonmetallic Mineral,Nonmetallic_Mineral,0.0639603123342104,0.1503185020074924,0.086358189673282,0.2693110938443358,0,12.943954157430289,0.0,0.0,-29
2022-10-01,419.9,CES3132700001,327,Nonmetallic Mineral,Nonmetallic_Mineral,0.0639603123342104,0.1503185020074924,0.086358189673282,0.2693110938443358,0,12.947771866672285,0.0,0.0,-28
2022-11-01,420.3,CES3132700001,327,Nonmetallic Mineral,Nonmetallic_Mineral,0.0639603123342104,0.1503185020074924,0.086358189673282,0.2693110938443358,0,12.948724020993208,0.0,0.0,-27
2022-12-01,423.5,CES3132700001,327,Nonmetallic Mineral,Nonmetallic_Mineral,0.0639603123342104,0.1503185020074924,0.086358189673282,0.2693110938443358,0,12.956308793074246,0.0,0.0,-26
2023-01-01,424.5,CES3132700001,327,Nonmetallic Mineral,Nonmetallic_Mineral,0.0639603123342104,0.1503185020074924,0.086358189673282,0.2693110938443358,0,12.958667284733538,0.0,0.0,-25
2023-02-01,423.1,CES3132700001,327,Nonmetallic Mineral,Nonmetallic_Mineral,0.0639603123342104,0.1503185020074924,0.086358189673282,0.2693110938443358,0,12.955363836708159,0.0,0.0,-24
2023-03-01,420.8,CES3132700001,327,Nonmetallic Mineral,Nonmetallic_Mineral,0.0639603123342104,0.1503185020074924,0.086358189673282,0.2693110938443358,0,12.949912940405637,0.0,0.0,-23
2023-04-01,416.8,CES3132700001,327,Nonmetallic Mineral,Nonmetallic_Mineral,0.0639603123342104,0.1503185020074924,0.086358189673282,0.2693110938443358,0,12.940361769421294,0.0,0.0,-22
2023-05-01,415.5,CES3132700001,327,Nonmetallic Mineral,Nonmetallic_Mineral,0.0639603123342104,0.1503185020074924,0.086358189673282,0.2693110938443358,0,12.93723789327764,0.0,0.0,-21
2023-06-01,419.2,CES3132700001,327,Nonmetallic Mineral,Nonmetallic_Mineral,0.0639603123342104,0.1503185020074924,0.086358189673282,0.2693110938443358,0,12.94610341198897,0.0,0.0,-20
2023-07-01,419.9,CES3132700001,327,Nonmetallic Mineral,Nonmetallic_Mineral,0.0639603123342104,0.1503185020074924,0.086358189673282,0.2693110938443358,0,12.947771866672285,0.0,0.0,-19
2023-08-01,420.0,CES3132700001,327,Nonmetallic Mineral,Nonmetallic_Mineral,0.0639603123342104,0.1503185020074924,0.086358189673282,0.2693110938443358,0,12.948009990259552,0.0,0.0,-18
2023-09-01,420.9,CES3132700001,327,Nonmetallic Mineral,Nonmetallic_Mineral,0.0639603123342104,0.1503185020074924,0.086358189673282,0.2693110938443358,0,12.950150554758663,0.0,0.0,-17
2023-10-01,420.7,CES3132700001,327,Nonmetallic Mineral,Nonmetallic_Mineral,0.0639603123342104,0.1503185020074924,0.086358189673282,0.2693110938443358,0,12.949675269578613,0.0,0.0,-16
2023-11-01,421.4,CES3132700001,327,Nonmetallic Mineral,Nonmetallic_Mineral,0.0639603123342104,0.1503185020074924,0.086358189673282,0.2693110938443358,0,12.951337780352226,0.0,0.0,-15
2023-12-01,423.1,CES3132700001,327,Nonmetallic Mineral,Nonmetallic_Mineral,0.0639603123342104,0.1503185020074924,0.086358189673282,0.2693110938443358,0,12.955363836708159,0.0,0.0,-14
2024-01-01,420.7,CES3132700001,327,Nonmetallic Mineral,Nonmetallic_Mineral,0.0639603123342104,0.1503185020074924,0.086358189673282,0.2693110938443358,0,12.949675269578613,0.0,0.0,-13
2024-02-01,418.9,CES3132700001,327,Nonmetallic Mineral,Nonmetallic_Mineral,0.0639603123342104,0.1503185020074924,0.086358189673282,0.2693110938443358,0,12.945387506935127,0.0,0.0,-12
2024-03-01,419.0,CES3132700001,327,Nonmetallic Mineral,Nonmetallic_Mineral,0.0639603123342104,0.1503185020074924,0.086358189673282,0.2693110938443358,0,12.945626198904275,0.0,0.0,-11
2024-04-01,417.8,CES3132700001,327,Nonmetallic Mineral,Nonmetallic_Mineral,0.0639603123342104,0.1503185020074924,0.086358189673282,0.2693110938443358,0,12.942758128104602,0.0,0.0,-10
2024-05-01,417.8,CES3132700001,327,Nonmetallic Mineral,Nonmetallic_Mineral,0.0639603123342104,0.1503185020074924,0.086358189673282,0.2693110938443358,0,12.942758128104602,0.0,0.0,-9
2024-06-01,418.4,CES3132700001,327,Nonmetallic Mineral,Nonmetallic_Mineral,0.0639603123342104,0.1503185020074924,0.086358189673282,0.2693110938443358,0,12.94419319173285,0.0,0.0,-8
2024-07-01,417.7,CES3132700001,327,Nonmetallic Mineral,Nonmetallic_Mineral,0.0639603123342104,0.1503185020074924,0.086358189673282,0.2693110938443358,0,12.942518750485267,0.0,0.0,-7
2024-08-01,417.2,CES3132700001,327,Nonmetallic Mineral,Nonmetallic_Mineral,0.0639603123342104,0.1503185020074924,0.086358189673282,0.2693110938443358,0,12.941321002108754,0.0,0.0,-6
2024-09-01,417.2,CES3132700001,327,Nonmetallic Mineral,Nonmetallic_Mineral,0.0639603123342104,0.1503185020074924,0.086358189673282,0.2693110938443358,0,12.941321002108754,0.0,0.0,-5
2024-10-01,419.6,CES3132700001,327,Nonmetallic Mineral,Nonmetallic_Mineral,0.0639603123342104,0.1503185020074924,0.086358189673282,0.2693110938443358,0,12.947057155504279,0.0,0.0,-4
2024-11-01,417.2,CES3132700001,327,Nonmetallic Mineral,Nonmetallic_Mineral,0.0639603123342104,0.1503185020074924,0.086358189673282,0.2693110938443358,0,12.941321002108754,0.0,0.0,-3
2024-12-01,416.4,CES3132700001,327,Nonmetallic Mineral,Nonmetallic_Mineral,0.0639603123342104,0.1503185020074924,0.086358189673282,0.2693110938443358,0,12.93940161572295,0.0,0.0,-2
2025-01-01,416.5,CES3132700001,327,Nonmetallic Mineral,Nonmetallic_Mineral,0.0639603123342104,0.1503185020074924,0.086358189673282,0.2693110938443358,0,12.939641740589034,0.0,0.0,-1
2025-02-01,416.6,CES3132700001,327,Nonmetallic Mineral,Nonmetallic_Mineral,0.0639603123342104,0.1503185020074924,0.086358189673282,0.2693110938443358,1,12.939881807809009,0.086358189673282,0.2693110938443358,0
2025-03-01,416.9,CES3132700001,327,Nonmetallic Mineral,Nonmetallic_Mineral,0.0639603123342104,0.1503185020074924,0.086358189673282,0.2693110938443358,1,12.940601663868888,0.086358189673282,0.2693110938443358,1
2025-04-01,418.0,CES3132700001,327,Nonmetallic Mineral,Nonmetallic_Mineral,0.0639603123342104,0.1503185020074924,0.086358189673282,0.2693110938443358,1,12.943236711506893,0.086358189673282,0.2693110938443358,2
2025-05-01,417.1,CES3132700001,327,Nonmetallic Mineral,Nonmetallic_Mineral,0.0639603123342104,0.1503185020074924,0.086358189673282,0.2693110938443358,1,12.941081280185037,0.086358189673282,0.2693110938443358,3
2025-06-01,417.0,CES3132700001,327,Nonmetallic Mineral,Nonmetallic_Mineral,0.0639603123342104,0.1503185020074924,0.086358189673282,0.2693110938443358,1,12.94084150078094,0.086358189673282,0.2693110938443358,4
2025-07-01,417.2,CES3132700001,327,Nonmetallic Mineral,Nonmetallic_Mineral,0.0639603123342104,0.1503185020074924,0.086358189673282,0.2693110938443358,1,12.941321002108754,0.086358189673282,0.2693110938443358,5
2025-08-01,417.1,CES3132700001,327,Nonmetallic Mineral,Nonmetallic_Mineral,0.0639603123342104,0.1503185020074924,0.086358189673282,0.2693110938443358,1,12.941081280185037,0.086358189673282,0.2693110938443358,6
2025-09-01,419.1,CES3132700001,327,Nonmetallic Mineral,Nonmetallic_Mineral,0.0639603123342104,0.1503185020074924,0.086358189673282,0.2693110938443358,1,12.945864833913163,0.086358189673282,0.2693110938443358,7
2025-10-01,418.0,CES3132700001,327,Nonmetallic Mineral,Nonmetallic_Mineral,0.0639603123342104,0.1503185020074924,0.086358189673282,0.2693110938443358,1,12.943236711506893,0.086358189673282,0.2693110938443358,8
2025-11-01,415.6,CES3132700001,327,Nonmetallic Mineral,Nonmetallic_Mineral,0.0639603123342104,0.1503185020074924,0.086358189673282,0.2693110938443358,1,12.937478538207209,0.086358189673282,0.2693110938443358,9
2025-12-01,414.9,CES3132700001,327,Nonmetallic Mineral,Nonmetallic_Mineral,0.0639603123342104,0.1503185020074924,0.086358189673282,0.2693110938443358,1,12.93579280632096,0.086358189673282,0.2693110938443358,10
2026-01-01,418.2,CES3132700001,327,Nonmetallic Mineral,Nonmetallic_Mineral,0.0639603123342104,0.1503185020074924,0.086358189673282,0.2693110938443358,1,12.94371506597667,0.086358189673282,0.2693110938443358,11
2026-02-01,418.7,CES3132700001,327,Nonmetallic Mineral,Nonmetallic_Mineral,0.0639603123342104,0.1503185020074924,0.086358189673282,0.2693110938443358,1,12.944909952007235,0.086358189673282,0.2693110938443358,12
2026-03-01,421.5,CES3132700001,327,Nonmetallic Mineral,Nonmetallic_Mineral,0.0639603123342104,0.1503185020074924,0.086358189673282,0.2693110938443358,1,12.951575056424048,0.086358189673282,0.2693110938443358,13
2015-01-01,371.5,CES3232200001,322,Paper,Paper,0.0235136670488667,0.079310008012113,0.0557963409632463,0.1190001004275027,0,12.82530414313995,0.0,0.0,-121
2015-02-01,371.6,CES3232200001,322,Paper,Paper,0.0235136670488667,0.079310008012113,0.0557963409632463,0.1190001004275027,0,12.82557328592182,0.0,0.0,-120
2015-03-01,372.5,CES3232200001,322,Paper,Paper,0.0235136670488667,0.079310008012113,0.0557963409632463,0.1190001004275027,0,12.827992316801751,0.0,0.0,-119
2015-04-01,372.4,CES3232200001,322,Paper,Paper,0.0235136670488667,0.079310008012113,0.0557963409632463,0.1190001004275027,0,12.82772382438505,0.0,0.0,-118
2015-05-01,372.1,CES3232200001,322,Paper,Paper,0.0235136670488667,0.079310008012113,0.0557963409632463,0.1190001004275027,0,12.826917914334715,0.0,0.0,-117
2015-06-01,370.5,CES3232200001,322,Paper,Paper,0.0235136670488667,0.079310008012113,0.0557963409632463,0.1190001004275027,0,12.822608723718279,0.0,0.0,-116
2015-07-01,372.8,CES3232200001,322,Paper,Paper,0.0235136670488667,0.079310008012113,0.0557963409632463,0.1190001004275027,0,12.828797361793573,0.0,0.0,-115
2015-08-01,373.0,CES3232200001,322,Paper,Paper,0.0235136670488667,0.079310008012113,0.0557963409632463,0.1190001004275027,0,12.829333698625952,0.0,0.0,-114
2015-09-01,373.9,CES3232200001,322,Paper,Paper,0.0235136670488667,0.079310008012113,0.0557963409632463,0.1190001004275027,0,12.831743660965206,0.0,0.0,-113
2015-10-01,373.6,CES3232200001,322,Paper,Paper,0.0235136670488667,0.079310008012113,0.0557963409632463,0.1190001004275027,0,12.830940985336825,0.0,0.0,-112
2015-11-01,373.9,CES3232200001,322,Paper,Paper,0.0235136670488667,0.079310008012113,0.0557963409632463,0.1190001004275027,0,12.831743660965206,0.0,0.0,-111
2015-12-01,373.5,CES3232200001,322,Paper,Paper,0.0235136670488667,0.079310008012113,0.0557963409632463,0.1190001004275027,0,12.83067328355501,0.0,0.0,-110
2016-01-01,373.5,CES3232200001,322,Paper,Paper,0.0235136670488667,0.079310008012113,0.0557963409632463,0.1190001004275027,0,12.83067328355501,0.0,0.0,-109
2016-02-01,372.9,CES3232200001,322,Paper,Paper,0.0235136670488667,0.079310008012113,0.0557963409632463,0.1190001004275027,0,12.829065566166912,0.0,0.0,-108
2016-03-01,371.3,CES3232200001,322,Paper,Paper,0.0235136670488667,0.079310008012113,0.0557963409632463,0.1190001004275027,0,12.824765640165172,0.0,0.0,-107
2016-04-01,371.3,CES3232200001,322,Paper,Paper,0.0235136670488667,0.079310008012113,0.0557963409632463,0.1190001004275027,0,12.824765640165172,0.0,0.0,-106
2016-05-01,371.5,CES3232200001,322,Paper,Paper,0.0235136670488667,0.079310008012113,0.0557963409632463,0.1190001004275027,0,12.82530414313995,0.0,0.0,-105
2016-06-01,371.7,CES3232200001,322,Paper,Paper,0.0235136670488667,0.079310008012113,0.0557963409632463,0.1190001004275027,0,12.825842356285344,0.0,0.0,-104
2016-07-01,371.0,CES3232200001,322,Paper,Paper,0.0235136670488667,0.079310008012113,0.0557963409632463,0.1190001004275027,0,12.823957341589573,0.0,0.0,-103
2016-08-01,370.4,CES3232200001,322,Paper,Paper,0.0235136670488667,0.079310008012113,0.0557963409632463,0.1190001004275027,0,12.822338781754162,0.0,0.0,-102
2016-09-01,369.0,CES3232200001,322,Paper,Paper,0.0235136670488667,0.079310008012113,0.0557963409632463,0.1190001004275027,0,12.818551923022664,0.0,0.0,-101
2016-10-01,368.6,CES3232200001,322,Paper,Paper,0.0235136670488667,0.079310008012113,0.0557963409632463,0.1190001004275027,0,12.81746732421786,0.0,0.0,-100
2016-11-01,368.2,CES3232200001,322,Paper,Paper,0.0235136670488667,0.079310008012113,0.0557963409632463,0.1190001004275027,0,12.816381547781114,0.0,0.0,-99
2016-12-01,367.9,CES3232200001,322,Paper,Paper,0.0235136670488667,0.079310008012113,0.0557963409632463,0.1190001004275027,0,12.815566441092866,0.0,0.0,-98
2017-01-01,368.5,CES3232200001,322,Paper,Paper,0.0235136670488667,0.079310008012113,0.0557963409632463,0.1190001004275027,0,12.817195990611529,0.0,0.0,-97
2017-02-01,368.5,CES3232200001,322,Paper,Paper,0.0235136670488667,0.079310008012113,0.0557963409632463,0.1190001004275027,0,12.817195990611529,0.0,0.0,-96
2017-03-01,368.8,CES3232200001,322,Paper,Paper,0.0235136670488667,0.079310008012113,0.0557963409632463,0.1190001004275027,0,12.818009770664576,0.0,0.0,-95
2017-04-01,369.2,CES3232200001,322,Paper,Paper,0.0235136670488667,0.079310008012113,0.0557963409632463,0.1190001004275027,0,12.819093781610833,0.0,0.0,-94
2017-05-01,367.4,CES3232200001,322,Paper,Paper,0.0235136670488667,0.079310008012113,0.0557963409632463,0.1190001004275027,0,12.814206451763162,0.0,0.0,-93
2017-06-01,365.1,CES3232200001,322,Paper,Paper,0.0235136670488667,0.079310008012113,0.0557963409632463,0.1190001004275027,0,12.807926567643728,0.0,0.0,-92
2017-07-01,365.5,CES3232200001,322,Paper,Paper,0.0235136670488667,0.079310008012113,0.0557963409632463,0.1190001004275027,0,12.80902155817197,0.0,0.0,-91
2017-08-01,364.7,CES3232200001,322,Paper,Paper,0.0235136670488667,0.079310008012113,0.0557963409632463,0.1190001004275027,0,12.806830376796771,0.0,0.0,-90
2017-09-01,364.6,CES3232200001,322,Paper,Paper,0.0235136670488667,0.079310008012113,0.0557963409632463,0.1190001004275027,0,12.8065561412267,0.0,0.0,-89
2017-10-01,364.1,CES3232200001,322,Paper,Paper,0.0235136670488667,0.079310008012113,0.0557963409632463,0.1190001004275027,0,12.805183834163525,0.0,0.0,-88
2017-11-01,364.6,CES3232200001,322,Paper,Paper,0.0235136670488667,0.079310008012113,0.0557963409632463,0.1190001004275027,0,12.8065561412267,0.0,0.0,-87
2017-12-01,362.3,CES3232200001,322,Paper,Paper,0.0235136670488667,0.079310008012113,0.0557963409632463,0.1190001004275027,0,12.800227876883168,0.0,0.0,-86
2018-01-01,363.6,CES3232200001,322,Paper,Paper,0.0235136670488667,0.079310008012113,0.0557963409632463,0.1190001004275027,0,12.803809641285461,0.0,0.0,-85
2018-02-01,364.2,CES3232200001,322,Paper,Paper,0.0235136670488667,0.079310008012113,0.0557963409632463,0.1190001004275027,0,12.805458446275644,0.0,0.0,-84
2018-03-01,364.0,CES3232200001,322,Paper,Paper,0.0235136670488667,0.079310008012113,0.0557963409632463,0.1190001004275027,0,12.804909146618877,0.0,0.0,-83
2018-04-01,364.9,CES3232200001,322,Paper,Paper,0.0235136670488667,0.079310008012113,0.0557963409632463,0.1190001004275027,0,12.807378622424539,0.0,0.0,-82
2018-05-01,365.2,CES3232200001,322,Paper,Paper,0.0235136670488667,0.079310008012113,0.0557963409632463,0.1190001004275027,0,12.80820042770295,0.0,0.0,-81
2018-06-01,365.5,CES3232200001,322,Paper,Paper,0.0235136670488667,0.079310008012113,0.0557963409632463,0.1190001004275027,0,12.80902155817197,0.0,0.0,-80
2018-07-01,365.5,CES3232200001,322,Paper,Paper,0.0235136670488667,0.079310008012113,0.0557963409632463,0.1190001004275027,0,12.80902155817197,0.0,0.0,-79
2018-08-01,366.2,CES3232200001,322,Paper,Paper,0.0235136670488667,0.079310008012113,0.0557963409632463,0.1190001004275027,0,12.810934911222548,0.0,0.0,-78
2018-09-01,367.0,CES3232200001,322,Paper,Paper,0.0235136670488667,0.079310008012113,0.0557963409632463,0.1190001004275027,0,12.813117127036707,0.0,0.0,-77
2018-10-01,366.5,CES3232200001,322,Paper,Paper,0.0235136670488667,0.079310008012113,0.0557963409632463,0.1190001004275027,0,12.811753800308843,0.0,0.0,-76
2018-11-01,366.4,CES3232200001,322,Paper,Paper,0.0235136670488667,0.079310008012113,0.0557963409632463,0.1190001004275027,0,12.811480911782112,0.0,0.0,-75
2018-12-01,366.0,CES3232200001,322,Paper,Paper,0.0235136670488667,0.079310008012113,0.0557963409632463,0.1190001004275027,0,12.810388612383504,0.0,0.0,-74
2019-01-01,365.1,CES3232200001,322,Paper,Paper,0.0235136670488667,0.079310008012113,0.0557963409632463,0.1190001004275027,0,12.807926567643728,0.0,0.0,-73
2019-02-01,365.4,CES3232200001,322,Paper,Paper,0.0235136670488667,0.079310008012113,0.0557963409632463,0.1190001004275027,0,12.808747922926043,0.0,0.0,-72
2019-03-01,365.5,CES3232200001,322,Paper,Paper,0.0235136670488667,0.079310008012113,0.0557963409632463,0.1190001004275027,0,12.80902155817197,0.0,0.0,-71
2019-04-01,365.4,CES3232200001,322,Paper,Paper,0.0235136670488667,0.079310008012113,0.0557963409632463,0.1190001004275027,0,12.808747922926043,0.0,0.0,-70
2019-05-01,366.0,CES3232200001,322,Paper,Paper,0.0235136670488667,0.079310008012113,0.0557963409632463,0.1190001004275027,0,12.810388612383504,0.0,0.0,-69
2019-06-01,365.7,CES3232200001,322,Paper,Paper,0.0235136670488667,0.079310008012113,0.0557963409632463,0.1190001004275027,0,12.809568604137473,0.0,0.0,-68
2019-07-01,366.2,CES3232200001,322,Paper,Paper,0.0235136670488667,0.079310008012113,0.0557963409632463,0.1190001004275027,0,12.810934911222548,0.0,0.0,-67
2019-08-01,365.4,CES3232200001,322,Paper,Paper,0.0235136670488667,0.079310008012113,0.0557963409632463,0.1190001004275027,0,12.808747922926043,0.0,0.0,-66
2019-09-01,364.3,CES3232200001,322,Paper,Paper,0.0235136670488667,0.079310008012113,0.0557963409632463,0.1190001004275027,0,12.805732982996656,0.0,0.0,-65
2019-10-01,365.2,CES3232200001,322,Paper,Paper,0.0235136670488667,0.079310008012113,0.0557963409632463,0.1190001004275027,0,12.80820042770295,0.0,0.0,-64
2019-11-01,364.1,CES3232200001,322,Paper,Paper,0.0235136670488667,0.079310008012113,0.0557963409632463,0.1190001004275027,0,12.805183834163525,0.0,0.0,-63
2019-12-01,363.8,CES3232200001,322,Paper,Paper,0.0235136670488667,0.079310008012113,0.0557963409632463,0.1190001004275027,0,12.80435954506616,0.0,0.0,-62
2020-01-01,363.0,CES3232200001,322,Paper,Paper,0.0235136670488667,0.079310008012113,0.0557963409632463,0.1190001004275027,0,12.802158113246987,0.0,0.0,-61
2020-02-01,363.0,CES3232200001,322,Paper,Paper,0.0235136670488667,0.079310008012113,0.0557963409632463,0.1190001004275027,0,12.802158113246987,0.0,0.0,-60
2020-03-01,362.2,CES3232200001,322,Paper,Paper,0.0235136670488667,0.079310008012113,0.0557963409632463,0.1190001004275027,0,12.79995182443145,0.0,0.0,-59
2020-04-01,353.3,CES3232200001,322,Paper,Paper,0.0235136670488667,0.079310008012113,0.0557963409632463,0.1190001004275027,0,12.775072833347236,0.0,0.0,-58
2020-05-01,352.5,CES3232200001,322,Paper,Paper,0.0235136670488667,0.079310008012113,0.0557963409632463,0.1190001004275027,0,12.772805901234461,0.0,0.0,-57
2020-06-01,352.3,CES3232200001,322,Paper,Paper,0.0235136670488667,0.079310008012113,0.0557963409632463,0.1190001004275027,0,12.77223836432933,0.0,0.0,-56
2020-07-01,353.2,CES3232200001,322,Paper,Paper,0.0235136670488667,0.079310008012113,0.0557963409632463,0.1190001004275027,0,12.774789747711942,0.0,0.0,-55
2020-08-01,352.1,CES3232200001,322,Paper,Paper,0.0235136670488667,0.079310008012113,0.0557963409632463,0.1190001004275027,0,12.771670505143144,0.0,0.0,-54
2020-09-01,352.0,CES3232200001,322,Paper,Paper,0.0235136670488667,0.079310008012113,0.0557963409632463,0.1190001004275027,0,12.771386454580234,0.0,0.0,-53
2020-10-01,350.7,CES3232200001,322,Paper,Paper,0.0235136670488667,0.079310008012113,0.0557963409632463,0.1190001004275027,0,12.767686436128269,0.0,0.0,-52
2020-11-01,350.8,CES3232200001,322,Paper,Paper,0.0235136670488667,0.079310008012113,0.0557963409632463,0.1190001004275027,0,12.767971539480165,0.0,0.0,-51
2020-12-01,350.7,CES3232200001,322,Paper,Paper,0.0235136670488667,0.079310008012113,0.0557963409632463,0.1190001004275027,0,12.767686436128269,0.0,0.0,-50
2021-01-01,350.7,CES3232200001,322,Paper,Paper,0.0235136670488667,0.079310008012113,0.0557963409632463,0.1190001004275027,0,12.767686436128269,0.0,0.0,-49
2021-02-01,349.9,CES3232200001,322,Paper,Paper,0.0235136670488667,0.079310008012113,0.0557963409632463,0.1190001004275027,0,12.765402678355779,0.0,0.0,-48
2021-03-01,350.8,CES3232200001,322,Paper,Paper,0.0235136670488667,0.079310008012113,0.0557963409632463,0.1190001004275027,0,12.767971539480165,0.0,0.0,-47
2021-04-01,346.6,CES3232200001,322,Paper,Paper,0.0235136670488667,0.079310008012113,0.0557963409632463,0.1190001004275027,0,12.755926656263643,0.0,0.0,-46
2021-05-01,345.3,CES3232200001,322,Paper,Paper,0.0235136670488667,0.079310008012113,0.0557963409632463,0.1190001004275027,0,12.752168883378083,0.0,0.0,-45
2021-06-01,347.7,CES3232200001,322,Paper,Paper,0.0235136670488667,0.079310008012113,0.0557963409632463,0.1190001004275027,0,12.759095317995953,0.0,0.0,-44
2021-07-01,347.8,CES3232200001,322,Paper,Paper,0.0235136670488667,0.079310008012113,0.0557963409632463,0.1190001004275027,0,12.75938288090232,0.0,0.0,-43
2021-08-01,349.0,CES3232200001,322,Paper,Paper,0.0235136670488667,0.079310008012113,0.0557963409632463,0.1190001004275027,0,12.762827201184564,0.0,0.0,-42
2021-09-01,349.4,CES3232200001,322,Paper,Paper,0.0235136670488667,0.079310008012113,0.0557963409632463,0.1190001004275027,0,12.763972676682092,0.0,0.0,-41
2021-10-01,350.1,CES3232200001,322,Paper,Paper,0.0235136670488667,0.079310008012113,0.0557963409632463,0.1190001004275027,0,12.765974106942757,0.0,0.0,-40
2021-11-01,354.3,CES3232200001,322,Paper,Paper,0.0235136670488667,0.079310008012113,0.0557963409632463,0.1190001004275027,0,12.777899290853563,0.0,0.0,-39
2021-12-01,354.5,CES3232200001,322,Paper,Paper,0.0235136670488667,0.079310008012113,0.0557963409632463,0.1190001004275027,0,12.77846362495432,0.0,0.0,-38
2022-01-01,356.0,CES3232200001,322,Paper,Paper,0.0235136670488667,0.079310008012113,0.0557963409632463,0.1190001004275027,0,12.782686009834167,0.0,0.0,-37
2022-02-01,361.1,CES3232200001,322,Paper,Paper,0.0235136670488667,0.079310008012113,0.0557963409632463,0.1190001004275027,0,12.79691020726555,0.0,0.0,-36
2022-03-01,361.0,CES3232200001,322,Paper,Paper,0.0235136670488667,0.079310008012113,0.0557963409632463,0.1190001004275027,0,12.796633237315017,0.0,0.0,-35
2022-04-01,362.4,CES3232200001,322,Paper,Paper,0.0235136670488667,0.079310008012113,0.0557963409632463,0.1190001004275027,0,12.80050385315096,0.0,0.0,-34
2022-05-01,364.5,CES3232200001,322,Paper,Paper,0.0235136670488667,0.079310008012113,0.0557963409632463,0.1190001004275027,0,12.80628183043085,0.0,0.0,-33
2022-06-01,365.1,CES3232200001,322,Paper,Paper,0.0235136670488667,0.079310008012113,0.0557963409632463,0.1190001004275027,0,12.807926567643728,0.0,0.0,-32
2022-07-01,363.9,CES3232200001,322,Paper,Paper,0.0235136670488667,0.079310008012113,0.0557963409632463,0.1190001004275027,0,12.80463438360025,0.0,0.0,-31
2022-08-01,364.1,CES3232200001,322,Paper,Paper,0.0235136670488667,0.079310008012113,0.0557963409632463,0.1190001004275027,0,12.805183834163525,0.0,0.0,-30
2022-09-01,364.5,CES3232200001,322,Paper,Paper,0.0235136670488667,0.079310008012113,0.0557963409632463,0.1190001004275027,0,12.80628183043085,0.0,0.0,-29
2022-10-01,364.8,CES3232200001,322,Paper,Paper,0.0235136670488667,0.079310008012113,0.0557963409632463,0.1190001004275027,0,12.807104537182314,0.0,0.0,-28
2022-11-01,364.5,CES3232200001,322,Paper,Paper,0.0235136670488667,0.079310008012113,0.0557963409632463,0.1190001004275027,0,12.80628183043085,0.0,0.0,-27
2022-12-01,363.9,CES3232200001,322,Paper,Paper,0.0235136670488667,0.079310008012113,0.0557963409632463,0.1190001004275027,0,12.80463438360025,0.0,0.0,-26
2023-01-01,362.4,CES3232200001,322,Paper,Paper,0.0235136670488667,0.079310008012113,0.0557963409632463,0.1190001004275027,0,12.80050385315096,0.0,0.0,-25
2023-02-01,361.6,CES3232200001,322,Paper,Paper,0.0235136670488667,0.079310008012113,0.0557963409632463,0.1190001004275027,0,12.798293907500158,0.0,0.0,-24
2023-03-01,361.9,CES3232200001,322,Paper,Paper,0.0235136670488667,0.079310008012113,0.0557963409632463,0.1190001004275027,0,12.799123209551833,0.0,0.0,-23
2023-04-01,359.5,CES3232200001,322,Paper,Paper,0.0235136670488667,0.079310008012113,0.0557963409632463,0.1190001004275027,0,12.79246945614324,0.0,0.0,-22
2023-05-01,358.5,CES3232200001,322,Paper,Paper,0.0235136670488667,0.079310008012113,0.0557963409632463,0.1190001004275027,0,12.789683939021812,0.0,0.0,-21
2023-06-01,357.4,CES3232200001,322,Paper,Paper,0.0235136670488667,0.079310008012113,0.0557963409632463,0.1190001004275027,0,12.786610881707464,0.0,0.0,-20
2023-07-01,357.2,CES3232200001,322,Paper,Paper,0.0235136670488667,0.079310008012113,0.0557963409632463,0.1190001004275027,0,12.78605112798448,0.0,0.0,-19
2023-08-01,355.9,CES3232200001,322,Paper,Paper,0.0235136670488667,0.079310008012113,0.0557963409632463,0.1190001004275027,0,12.782405071498284,0.0,0.0,-18
2023-09-01,356.4,CES3232200001,322,Paper,Paper,0.0235136670488667,0.079310008012113,0.0557963409632463,0.1190001004275027,0,12.783808974578792,0.0,0.0,-17
2023-10-01,355.9,CES3232200001,322,Paper,Paper,0.0235136670488667,0.079310008012113,0.0557963409632463,0.1190001004275027,0,12.782405071498284,0.0,0.0,-16
2023-11-01,356.6,CES3232200001,322,Paper,Paper,0.0235136670488667,0.079310008012113,0.0557963409632463,0.1190001004275027,0,12.784369984411176,0.0,0.0,-15
2023-12-01,358.6,CES3232200001,322,Paper,Paper,0.0235136670488667,0.079310008012113,0.0557963409632463,0.1190001004275027,0,12.78996284015317,0.0,0.0,-14
2024-01-01,356.0,CES3232200001,322,Paper,Paper,0.0235136670488667,0.079310008012113,0.0557963409632463,0.1190001004275027,0,12.782686009834167,0.0,0.0,-13
2024-02-01,355.8,CES3232200001,322,Paper,Paper,0.0235136670488667,0.079310008012113,0.0557963409632463,0.1190001004275027,0,12.782124054213872,0.0,0.0,-12
2024-03-01,355.1,CES3232200001,322,Paper,Paper,0.0235136670488667,0.079310008012113,0.0557963409632463,0.1190001004275027,0,12.780154718931179,0.0,0.0,-11
2024-04-01,354.3,CES3232200001,322,Paper,Paper,0.0235136670488667,0.079310008012113,0.0557963409632463,0.1190001004275027,0,12.777899290853563,0.0,0.0,-10
2024-05-01,350.1,CES3232200001,322,Paper,Paper,0.0235136670488667,0.079310008012113,0.0557963409632463,0.1190001004275027,0,12.765974106942757,0.0,0.0,-9
2024-06-01,354.5,CES3232200001,322,Paper,Paper,0.0235136670488667,0.079310008012113,0.0557963409632463,0.1190001004275027,0,12.77846362495432,0.0,0.0,-8
2024-07-01,355.7,CES3232200001,322,Paper,Paper,0.0235136670488667,0.079310008012113,0.0557963409632463,0.1190001004275027,0,12.781842957936547,0.0,0.0,-7
2024-08-01,354.7,CES3232200001,322,Paper,Paper,0.0235136670488667,0.079310008012113,0.0557963409632463,0.1190001004275027,0,12.779027640761713,0.0,0.0,-6
2024-09-01,354.4,CES3232200001,322,Paper,Paper,0.0235136670488667,0.079310008012113,0.0557963409632463,0.1190001004275027,0,12.778181497713064,0.0,0.0,-5
2024-10-01,354.3,CES3232200001,322,Paper,Paper,0.0235136670488667,0.079310008012113,0.0557963409632463,0.1190001004275027,0,12.777899290853563,0.0,0.0,-4
2024-11-01,354.2,CES3232200001,322,Paper,Paper,0.0235136670488667,0.079310008012113,0.0557963409632463,0.1190001004275027,0,12.777617004330871,0.0,0.0,-3
2024-12-01,353.9,CES3232200001,322,Paper,Paper,0.0235136670488667,0.079310008012113,0.0557963409632463,0.1190001004275027,0,12.776769666333555,0.0,0.0,-2
2025-01-01,353.9,CES3232200001,322,Paper,Paper,0.0235136670488667,0.079310008012113,0.0557963409632463,0.1190001004275027,0,12.776769666333555,0.0,0.0,-1
2025-02-01,355.3,CES3232200001,322,Paper,Paper,0.0235136670488667,0.079310008012113,0.0557963409632463,0.1190001004275027,1,12.780717782009118,0.0557963409632463,0.1190001004275027,0
2025-03-01,354.5,CES3232200001,322,Paper,Paper,0.0235136670488667,0.079310008012113,0.0557963409632463,0.1190001004275027,1,12.77846362495432,0.0557963409632463,0.1190001004275027,1
2025-04-01,355.6,CES3232200001,322,Paper,Paper,0.0235136670488667,0.079310008012113,0.0557963409632463,0.1190001004275027,1,12.781561782621887,0.0557963409632463,0.1190001004275027,2
2025-05-01,354.1,CES3232200001,322,Paper,Paper,0.0235136670488667,0.079310008012113,0.0557963409632463,0.1190001004275027,1,12.777334638099996,0.0557963409632463,0.1190001004275027,3
2025-06-01,355.1,CES3232200001,322,Paper,Paper,0.0235136670488667,0.079310008012113,0.0557963409632463,0.1190001004275027,1,12.780154718931179,0.0557963409632463,0.1190001004275027,4
2025-07-01,355.4,CES3232200001,322,Paper,Paper,0.0235136670488667,0.079310008012113,0.0557963409632463,0.1190001004275027,1,12.780999194702687,0.0557963409632463,0.1190001004275027,5
2025-08-01,356.0,CES3232200001,322,Paper,Paper,0.0235136670488667,0.079310008012113,0.0557963409632463,0.1190001004275027,1,12.782686009834167,0.0557963409632463,0.1190001004275027,6
2025-09-01,355.8,CES3232200001,322,Paper,Paper,0.0235136670488667,0.079310008012113,0.0557963409632463,0.1190001004275027,1,12.782124054213872,0.0557963409632463,0.1190001004275027,7
2025-10-01,356.6,CES3232200001,322,Paper,Paper,0.0235136670488667,0.079310008012113,0.0557963409632463,0.1190001004275027,1,12.784369984411176,0.0557963409632463,0.1190001004275027,8
2025-11-01,354.6,CES3232200001,322,Paper,Paper,0.0235136670488667,0.079310008012113,0.0557963409632463,0.1190001004275027,1,12.778745672622245,0.0557963409632463,0.1190001004275027,9
2025-12-01,352.8,CES3232200001,322,Paper,Paper,0.0235136670488667,0.079310008012113,0.0557963409632463,0.1190001004275027,1,12.773656603114773,0.0557963409632463,0.1190001004275027,10
2026-01-01,354.9,CES3232200001,322,Paper,Paper,0.0235136670488667,0.079310008012113,0.0557963409632463,0.1190001004275027,1,12.779591338634587,0.0557963409632463,0.1190001004275027,11
2026-02-01,355.4,CES3232200001,322,Paper,Paper,0.0235136670488667,0.079310008012113,0.0557963409632463,0.1190001004275027,1,12.780999194702687,0.0557963409632463,0.1190001004275027,12
2026-03-01,357.8,CES3232200001,322,Paper,Paper,0.0235136670488667,0.079310008012113,0.0557963409632463,0.1190001004275027,1,12.787729450056755,0.0557963409632463,0.1190001004275027,13
2015-01-01,114.4,CES3232400001,324,Petroleum & Coal,Petroleum_Coal,0.0037921967408405,0.0035345022008615,-0.0002576945399789,0.008010649180994,0,11.647456357927835,-0.0,0.0,-121
2015-02-01,109.5,CES3232400001,324,Petroleum & Coal,Petroleum_Coal,0.0037921967408405,0.0035345022008615,-0.0002576945399789,0.008010649180994,0,11.603679828238693,-0.0,0.0,-120
2015-03-01,108.4,CES3232400001,324,Petroleum & Coal,Petroleum_Coal,0.0037921967408405,0.0035345022008615,-0.0002576945399789,0.008010649180994,0,11.593583367987684,-0.0,0.0,-119
2015-04-01,112.1,CES3232400001,324,Petroleum & Coal,Petroleum_Coal,0.0037921967408405,0.0035345022008615,-0.0002576945399789,0.008010649180994,0,11.62714660906025,-0.0,0.0,-118
2015-05-01,112.6,CES3232400001,324,Petroleum & Coal,Petroleum_Coal,0.0037921967408405,0.0035345022008615,-0.0002576945399789,0.008010649180994,0,11.631596994687728,-0.0,0.0,-117
2015-06-01,112.9,CES3232400001,324,Petroleum & Coal,Petroleum_Coal,0.0037921967408405,0.0035345022008615,-0.0002576945399789,0.008010649180994,0,11.634257750137753,-0.0,0.0,-116
2015-07-01,114.3,CES3232400001,324,Petroleum & Coal,Petroleum_Coal,0.0037921967408405,0.0035345022008615,-0.0002576945399789,0.008010649180994,0,11.646581849782901,-0.0,0.0,-115
2015-08-01,113.7,CES3232400001,324,Petroleum & Coal,Petroleum_Coal,0.0037921967408405,0.0035345022008615,-0.0002576945399789,0.008010649180994,0,11.641318679738628,-0.0,0.0,-114
2015-09-01,114.0,CES3232400001,324,Petroleum & Coal,Petroleum_Coal,0.0037921967408405,0.0035345022008615,-0.0002576945399789,0.008010649180994,0,11.643953727376633,-0.0,0.0,-113
2015-10-01,113.9,CES3232400001,324,Petroleum & Coal,Petroleum_Coal,0.0037921967408405,0.0035345022008615,-0.0002576945399789,0.008010649180994,0,11.643076149435274,-0.0,0.0,-112
2015-11-01,114.0,CES3232400001,324,Petroleum & Coal,Petroleum_Coal,0.0037921967408405,0.0035345022008615,-0.0002576945399789,0.008010649180994,0,11.643953727376633,-0.0,0.0,-111
2015-12-01,113.8,CES3232400001,324,Petroleum & Coal,Petroleum_Coal,0.0037921967408405,0.0035345022008615,-0.0002576945399789,0.008010649180994,0,11.642197800674367,-0.0,0.0,-110
2016-01-01,112.5,CES3232400001,324,Petroleum & Coal,Petroleum_Coal,0.0037921967408405,0.0035345022008615,-0.0002576945399789,0.008010649180994,0,11.630708500626612,-0.0,0.0,-109
2016-02-01,111.7,CES3232400001,324,Petroleum & Coal,Petroleum_Coal,0.0037921967408405,0.0035345022008615,-0.0002576945399789,0.008010649180994,0,11.623571985057293,-0.0,0.0,-108
2016-03-01,111.9,CES3232400001,324,Petroleum & Coal,Petroleum_Coal,0.0037921967408405,0.0035345022008615,-0.0002576945399789,0.008010649180994,0,11.625360894300016,-0.0,0.0,-107
2016-04-01,112.2,CES3232400001,324,Petroleum & Coal,Petroleum_Coal,0.0037921967408405,0.0035345022008615,-0.0002576945399789,0.008010649180994,0,11.628038272070732,-0.0,0.0,-106
2016-05-01,112.1,CES3232400001,324,Petroleum & Coal,Petroleum_Coal,0.0037921967408405,0.0035345022008615,-0.0002576945399789,0.008010649180994,0,11.62714660906025,-0.0,0.0,-105
2016-06-01,112.2,CES3232400001,324,Petroleum & Coal,Petroleum_Coal,0.0037921967408405,0.0035345022008615,-0.0002576945399789,0.008010649180994,0,11.628038272070732,-0.0,0.0,-104
2016-07-01,112.2,CES3232400001,324,Petroleum & Coal,Petroleum_Coal,0.0037921967408405,0.0035345022008615,-0.0002576945399789,0.008010649180994,0,11.628038272070732,-0.0,0.0,-103
2016-08-01,112.8,CES3232400001,324,Petroleum & Coal,Petroleum_Coal,0.0037921967408405,0.0035345022008615,-0.0002576945399789,0.008010649180994,0,11.633371618046096,-0.0,0.0,-102
2016-09-01,113.1,CES3232400001,324,Petroleum & Coal,Petroleum_Coal,0.0037921967408405,0.0035345022008615,-0.0002576945399789,0.008010649180994,0,11.636027662104212,-0.0,0.0,-101
2016-10-01,112.7,CES3232400001,324,Petroleum & Coal,Petroleum_Coal,0.0037921967408405,0.0035345022008615,-0.0002576945399789,0.008010649180994,0,11.632484700027868,-0.0,0.0,-100
2016-11-01,113.1,CES3232400001,324,Petroleum & Coal,Petroleum_Coal,0.0037921967408405,0.0035345022008615,-0.0002576945399789,0.008010649180994,0,11.636027662104212,-0.0,0.0,-99
2016-12-01,113.4,CES3232400001,324,Petroleum & Coal,Petroleum_Coal,0.0037921967408405,0.0035345022008615,-0.0002576945399789,0.008010649180994,0,11.638676670275789,-0.0,0.0,-98
2017-01-01,113.5,CES3232400001,324,Petroleum & Coal,Petroleum_Coal,0.0037921967408405,0.0035345022008615,-0.0002576945399789,0.008010649180994,0,11.639558115903595,-0.0,0.0,-97
2017-02-01,112.3,CES3232400001,324,Petroleum & Coal,Petroleum_Coal,0.0037921967408405,0.0035345022008615,-0.0002576945399789,0.008010649180994,0,11.628929140726534,-0.0,0.0,-96
2017-03-01,114.4,CES3232400001,324,Petroleum & Coal,Petroleum_Coal,0.0037921967408405,0.0035345022008615,-0.0002576945399789,0.008010649180994,0,11.647456357927835,-0.0,0.0,-95
2017-04-01,114.7,CES3232400001,324,Petroleum & Coal,Petroleum_Coal,0.0037921967408405,0.0035345022008615,-0.0002576945399789,0.008010649180994,0,11.650075303117463,-0.0,0.0,-94
2017-05-01,114.3,CES3232400001,324,Petroleum & Coal,Petroleum_Coal,0.0037921967408405,0.0035345022008615,-0.0002576945399789,0.008010649180994,0,11.646581849782901,-0.0,0.0,-93
2017-06-01,115.0,CES3232400001,324,Petroleum & Coal,Petroleum_Coal,0.0037921967408405,0.0035345022008615,-0.0002576945399789,0.008010649180994,0,11.652687407345388,-0.0,0.0,-92
2017-07-01,115.2,CES3232400001,324,Petroleum & Coal,Petroleum_Coal,0.0037921967408405,0.0035345022008615,-0.0002576945399789,0.008010649180994,0,11.654425027243928,-0.0,0.0,-91
2017-08-01,115.5,CES3232400001,324,Petroleum & Coal,Petroleum_Coal,0.0037921967408405,0.0035345022008615,-0.0002576945399789,0.008010649180994,0,11.657025808943985,-0.0,0.0,-90
2017-09-01,115.4,CES3232400001,324,Petroleum & Coal,Petroleum_Coal,0.0037921967408405,0.0035345022008615,-0.0002576945399789,0.008010649180994,0,11.656159633056136,-0.0,0.0,-89
2017-10-01,116.0,CES3232400001,324,Petroleum & Coal,Petroleum_Coal,0.0037921967408405,0.0035345022008615,-0.0002576945399789,0.008010649180994,0,11.661345470088502,-0.0,0.0,-88
2017-11-01,115.5,CES3232400001,324,Petroleum & Coal,Petroleum_Coal,0.0037921967408405,0.0035345022008615,-0.0002576945399789,0.008010649180994,0,11.657025808943985,-0.0,0.0,-87
2017-12-01,114.3,CES3232400001,324,Petroleum & Coal,Petroleum_Coal,0.0037921967408405,0.0035345022008615,-0.0002576945399789,0.008010649180994,0,11.646581849782901,-0.0,0.0,-86
2018-01-01,114.3,CES3232400001,324,Petroleum & Coal,Petroleum_Coal,0.0037921967408405,0.0035345022008615,-0.0002576945399789,0.008010649180994,0,11.646581849782901,-0.0,0.0,-85
2018-02-01,116.4,CES3232400001,324,Petroleum & Coal,Petroleum_Coal,0.0037921967408405,0.0035345022008615,-0.0002576945399789,0.008010649180994,0,11.664787814279475,-0.0,0.0,-84
2018-03-01,114.2,CES3232400001,324,Petroleum & Coal,Petroleum_Coal,0.0037921967408405,0.0035345022008615,-0.0002576945399789,0.008010649180994,0,11.645706576204047,-0.0,0.0,-83
2018-04-01,114.5,CES3232400001,324,Petroleum & Coal,Petroleum_Coal,0.0037921967408405,0.0035345022008615,-0.0002576945399789,0.008010649180994,0,11.648330101976432,-0.0,0.0,-82
2018-05-01,115.1,CES3232400001,324,Petroleum & Coal,Petroleum_Coal,0.0037921967408405,0.0035345022008615,-0.0002576945399789,0.008010649180994,0,11.653556594709974,-0.0,0.0,-81
2018-06-01,115.4,CES3232400001,324,Petroleum & Coal,Petroleum_Coal,0.0037921967408405,0.0035345022008615,-0.0002576945399789,0.008010649180994,0,11.656159633056136,-0.0,0.0,-80
2018-07-01,116.1,CES3232400001,324,Petroleum & Coal,Petroleum_Coal,0.0037921967408405,0.0035345022008615,-0.0002576945399789,0.008010649180994,0,11.662207167685983,-0.0,0.0,-79
2018-08-01,116.0,CES3232400001,324,Petroleum & Coal,Petroleum_Coal,0.0037921967408405,0.0035345022008615,-0.0002576945399789,0.008010649180994,0,11.661345470088502,-0.0,0.0,-78
2018-09-01,115.8,CES3232400001,324,Petroleum & Coal,Petroleum_Coal,0.0037921967408405,0.0035345022008615,-0.0002576945399789,0.008010649180994,0,11.659619844121032,-0.0,0.0,-77
2018-10-01,115.5,CES3232400001,324,Petroleum & Coal,Petroleum_Coal,0.0037921967408405,0.0035345022008615,-0.0002576945399789,0.008010649180994,0,11.657025808943985,-0.0,0.0,-76
2018-11-01,114.1,CES3232400001,324,Petroleum & Coal,Petroleum_Coal,0.0037921967408405,0.0035345022008615,-0.0002576945399789,0.008010649180994,0,11.644830535850167,-0.0,0.0,-75
2018-12-01,115.3,CES3232400001,324,Petroleum & Coal,Petroleum_Coal,0.0037921967408405,0.0035345022008615,-0.0002576945399789,0.008010649180994,0,11.65529270625715,-0.0,0.0,-74
2019-01-01,115.7,CES3232400001,324,Petroleum & Coal,Petroleum_Coal,0.0037921967408405,0.0035345022008615,-0.0002576945399789,0.008010649180994,0,11.658755913181768,-0.0,0.0,-73
2019-02-01,115.4,CES3232400001,324,Petroleum & Coal,Petroleum_Coal,0.0037921967408405,0.0035345022008615,-0.0002576945399789,0.008010649180994,0,11.656159633056136,-0.0,0.0,-72
2019-03-01,115.2,CES3232400001,324,Petroleum & Coal,Petroleum_Coal,0.0037921967408405,0.0035345022008615,-0.0002576945399789,0.008010649180994,0,11.654425027243928,-0.0,0.0,-71
2019-04-01,115.1,CES3232400001,324,Petroleum & Coal,Petroleum_Coal,0.0037921967408405,0.0035345022008615,-0.0002576945399789,0.008010649180994,0,11.653556594709974,-0.0,0.0,-70
2019-05-01,115.6,CES3232400001,324,Petroleum & Coal,Petroleum_Coal,0.0037921967408405,0.0035345022008615,-0.0002576945399789,0.008010649180994,0,11.657891235220415,-0.0,0.0,-69
2019-06-01,115.4,CES3232400001,324,Petroleum & Coal,Petroleum_Coal,0.0037921967408405,0.0035345022008615,-0.0002576945399789,0.008010649180994,0,11.656159633056136,-0.0,0.0,-68
2019-07-01,114.3,CES3232400001,324,Petroleum & Coal,Petroleum_Coal,0.0037921967408405,0.0035345022008615,-0.0002576945399789,0.008010649180994,0,11.646581849782901,-0.0,0.0,-67
2019-08-01,113.3,CES3232400001,324,Petroleum & Coal,Petroleum_Coal,0.0037921967408405,0.0035345022008615,-0.0002576945399789,0.008010649180994,0,11.637794447016098,-0.0,0.0,-66
2019-09-01,113.3,CES3232400001,324,Petroleum & Coal,Petroleum_Coal,0.0037921967408405,0.0035345022008615,-0.0002576945399789,0.008010649180994,0,11.637794447016098,-0.0,0.0,-65
2019-10-01,112.1,CES3232400001,324,Petroleum & Coal,Petroleum_Coal,0.0037921967408405,0.0035345022008615,-0.0002576945399789,0.008010649180994,0,11.62714660906025,-0.0,0.0,-64
2019-11-01,113.2,CES3232400001,324,Petroleum & Coal,Petroleum_Coal,0.0037921967408405,0.0035345022008615,-0.0002576945399789,0.008010649180994,0,11.63691144475122,-0.0,0.0,-63
2019-12-01,113.1,CES3232400001,324,Petroleum & Coal,Petroleum_Coal,0.0037921967408405,0.0035345022008615,-0.0002576945399789,0.008010649180994,0,11.636027662104212,-0.0,0.0,-62
2020-01-01,113.2,CES3232400001,324,Petroleum & Coal,Petroleum_Coal,0.0037921967408405,0.0035345022008615,-0.0002576945399789,0.008010649180994,0,11.63691144475122,-0.0,0.0,-61
2020-02-01,112.9,CES3232400001,324,Petroleum & Coal,Petroleum_Coal,0.0037921967408405,0.0035345022008615,-0.0002576945399789,0.008010649180994,0,11.634257750137753,-0.0,0.0,-60
2020-03-01,112.6,CES3232400001,324,Petroleum & Coal,Petroleum_Coal,0.0037921967408405,0.0035345022008615,-0.0002576945399789,0.008010649180994,0,11.631596994687728,-0.0,0.0,-59
2020-04-01,105.0,CES3232400001,324,Petroleum & Coal,Petroleum_Coal,0.0037921967408405,0.0035345022008615,-0.0002576945399789,0.008010649180994,0,11.56171562913966,-0.0,0.0,-58
2020-05-01,104.5,CES3232400001,324,Petroleum & Coal,Petroleum_Coal,0.0037921967408405,0.0035345022008615,-0.0002576945399789,0.008010649180994,0,11.556942350387002,-0.0,0.0,-57
2020-06-01,104.6,CES3232400001,324,Petroleum & Coal,Petroleum_Coal,0.0037921967408405,0.0035345022008615,-0.0002576945399789,0.008010649180994,0,11.55789883061296,-0.0,0.0,-56
2020-07-01,104.9,CES3232400001,324,Petroleum & Coal,Petroleum_Coal,0.0037921967408405,0.0035345022008615,-0.0002576945399789,0.008010649180994,0,11.560762794384388,-0.0,0.0,-55
2020-08-01,105.2,CES3232400001,324,Petroleum & Coal,Petroleum_Coal,0.0037921967408405,0.0035345022008615,-0.0002576945399789,0.008010649180994,0,11.563618579285746,-0.0,0.0,-54
2020-09-01,105.3,CES3232400001,324,Petroleum & Coal,Petroleum_Coal,0.0037921967408405,0.0035345022008615,-0.0002576945399789,0.008010649180994,0,11.564568698122066,-0.0,0.0,-53
2020-10-01,105.8,CES3232400001,324,Petroleum & Coal,Petroleum_Coal,0.0037921967408405,0.0035345022008615,-0.0002576945399789,0.008010649180994,0,11.569305798406337,-0.0,0.0,-52
2020-11-01,105.8,CES3232400001,324,Petroleum & Coal,Petroleum_Coal,0.0037921967408405,0.0035345022008615,-0.0002576945399789,0.008010649180994,0,11.569305798406337,-0.0,0.0,-51
2020-12-01,110.1,CES3232400001,324,Petroleum & Coal,Petroleum_Coal,0.0037921967408405,0.0035345022008615,-0.0002576945399789,0.008010649180994,0,11.60914432271077,-0.0,0.0,-50
2021-01-01,105.8,CES3232400001,324,Petroleum & Coal,Petroleum_Coal,0.0037921967408405,0.0035345022008615,-0.0002576945399789,0.008010649180994,0,11.569305798406337,-0.0,0.0,-49
2021-02-01,106.5,CES3232400001,324,Petroleum & Coal,Petroleum_Coal,0.0037921967408405,0.0035345022008615,-0.0002576945399789,0.008010649180994,0,11.575900264131617,-0.0,0.0,-48
2021-03-01,106.0,CES3232400001,324,Petroleum & Coal,Petroleum_Coal,0.0037921967408405,0.0035345022008615,-0.0002576945399789,0.008010649180994,0,11.571194373094205,-0.0,0.0,-47
2021-04-01,104.7,CES3232400001,324,Petroleum & Coal,Petroleum_Coal,0.0037921967408405,0.0035345022008615,-0.0002576945399789,0.008010649180994,0,11.558854396858628,-0.0,0.0,-46
2021-05-01,104.5,CES3232400001,324,Petroleum & Coal,Petroleum_Coal,0.0037921967408405,0.0035345022008615,-0.0002576945399789,0.008010649180994,0,11.556942350387002,-0.0,0.0,-45
2021-06-01,104.0,CES3232400001,324,Petroleum & Coal,Petroleum_Coal,0.0037921967408405,0.0035345022008615,-0.0002576945399789,0.008010649180994,0,11.55214617812351,-0.0,0.0,-44
2021-07-01,104.1,CES3232400001,324,Petroleum & Coal,Petroleum_Coal,0.0037921967408405,0.0035345022008615,-0.0002576945399789,0.008010649180994,0,11.553107254603061,-0.0,0.0,-43
2021-08-01,104.5,CES3232400001,324,Petroleum & Coal,Petroleum_Coal,0.0037921967408405,0.0035345022008615,-0.0002576945399789,0.008010649180994,0,11.556942350387002,-0.0,0.0,-42
2021-09-01,105.3,CES3232400001,324,Petroleum & Coal,Petroleum_Coal,0.0037921967408405,0.0035345022008615,-0.0002576945399789,0.008010649180994,0,11.564568698122066,-0.0,0.0,-41
2021-10-01,105.4,CES3232400001,324,Petroleum & Coal,Petroleum_Coal,0.0037921967408405,0.0035345022008615,-0.0002576945399789,0.008010649180994,0,11.5655179150894,-0.0,0.0,-40
2021-11-01,105.3,CES3232400001,324,Petroleum & Coal,Petroleum_Coal,0.0037921967408405,0.0035345022008615,-0.0002576945399789,0.008010649180994,0,11.564568698122066,-0.0,0.0,-39
2021-12-01,105.2,CES3232400001,324,Petroleum & Coal,Petroleum_Coal,0.0037921967408405,0.0035345022008615,-0.0002576945399789,0.008010649180994,0,11.563618579285746,-0.0,0.0,-38
2022-01-01,102.8,CES3232400001,324,Petroleum & Coal,Petroleum_Coal,0.0037921967408405,0.0035345022008615,-0.0002576945399789,0.008010649180994,0,11.540540632003202,-0.0,0.0,-37
2022-02-01,103.9,CES3232400001,324,Petroleum & Coal,Petroleum_Coal,0.0037921967408405,0.0035345022008615,-0.0002576945399789,0.008010649180994,0,11.551184177087318,-0.0,0.0,-36
2022-03-01,105.0,CES3232400001,324,Petroleum & Coal,Petroleum_Coal,0.0037921967408405,0.0035345022008615,-0.0002576945399789,0.008010649180994,0,11.56171562913966,-0.0,0.0,-35
2022-04-01,106.3,CES3232400001,324,Petroleum & Coal,Petroleum_Coal,0.0037921967408405,0.0035345022008615,-0.0002576945399789,0.008010649180994,0,11.57402056433004,-0.0,0.0,-34
2022-05-01,106.6,CES3232400001,324,Petroleum & Coal,Petroleum_Coal,0.0037921967408405,0.0035345022008615,-0.0002576945399789,0.008010649180994,0,11.57683879071388,-0.0,0.0,-33
2022-06-01,106.9,CES3232400001,324,Petroleum & Coal,Petroleum_Coal,0.0037921967408405,0.0035345022008615,-0.0002576945399789,0.008010649180994,0,11.579649097013137,-0.0,0.0,-32
2022-07-01,107.6,CES3232400001,324,Petroleum & Coal,Petroleum_Coal,0.0037921967408405,0.0035345022008615,-0.0002576945399789,0.008010649180994,0,11.58617592670982,-0.0,0.0,-31
2022-08-01,105.5,CES3232400001,324,Petroleum & Coal,Petroleum_Coal,0.0037921967408405,0.0035345022008615,-0.0002576945399789,0.008010649180994,0,11.566466231898259,-0.0,0.0,-30
2022-09-01,106.5,CES3232400001,324,Petroleum & Coal,Petroleum_Coal,0.0037921967408405,0.0035345022008615,-0.0002576945399789,0.008010649180994,0,11.575900264131617,-0.0,0.0,-29
2022-10-01,107.0,CES3232400001,324,Petroleum & Coal,Petroleum_Coal,0.0037921967408405,0.0035345022008615,-0.0002576945399789,0.008010649180994,0,11.580584113444043,-0.0,0.0,-28
2022-11-01,107.9,CES3232400001,324,Petroleum & Coal,Petroleum_Coal,0.0037921967408405,0.0035345022008615,-0.0002576945399789,0.008010649180994,0,11.588960151246226,-0.0,0.0,-27
2022-12-01,105.6,CES3232400001,324,Petroleum & Coal,Petroleum_Coal,0.0037921967408405,0.0035345022008615,-0.0002576945399789,0.008010649180994,0,11.567413650254299,-0.0,0.0,-26
2023-01-01,106.3,CES3232400001,324,Petroleum & Coal,Petroleum_Coal,0.0037921967408405,0.0035345022008615,-0.0002576945399789,0.008010649180994,0,11.57402056433004,-0.0,0.0,-25
2023-02-01,106.8,CES3232400001,324,Petroleum & Coal,Petroleum_Coal,0.0037921967408405,0.0035345022008615,-0.0002576945399789,0.008010649180994,0,11.578713205508231,-0.0,0.0,-24
2023-03-01,107.2,CES3232400001,324,Petroleum & Coal,Petroleum_Coal,0.0037921967408405,0.0035345022008615,-0.0002576945399789,0.008010649180994,0,11.582451527618838,-0.0,0.0,-23
2023-04-01,108.3,CES3232400001,324,Petroleum & Coal,Petroleum_Coal,0.0037921967408405,0.0035345022008615,-0.0002576945399789,0.008010649180994,0,11.592660432989081,-0.0,0.0,-22
2023-05-01,108.5,CES3232400001,324,Petroleum & Coal,Petroleum_Coal,0.0037921967408405,0.0035345022008615,-0.0002576945399789,0.008010649180994,0,11.594505451962652,-0.0,0.0,-21
2023-06-01,109.5,CES3232400001,324,Petroleum & Coal,Petroleum_Coal,0.0037921967408405,0.0035345022008615,-0.0002576945399789,0.008010649180994,0,11.603679828238693,-0.0,0.0,-20
2023-07-01,108.9,CES3232400001,324,Petroleum & Coal,Petroleum_Coal,0.0037921967408405,0.0035345022008615,-0.0002576945399789,0.008010649180994,0,11.598185308921051,-0.0,0.0,-19
2023-08-01,108.9,CES3232400001,324,Petroleum & Coal,Petroleum_Coal,0.0037921967408405,0.0035345022008615,-0.0002576945399789,0.008010649180994,0,11.598185308921051,-0.0,0.0,-18
2023-09-01,108.7,CES3232400001,324,Petroleum & Coal,Petroleum_Coal,0.0037921967408405,0.0035345022008615,-0.0002576945399789,0.008010649180994,0,11.596347073109301,-0.0,0.0,-17
2023-10-01,108.8,CES3232400001,324,Petroleum & Coal,Petroleum_Coal,0.0037921967408405,0.0035345022008615,-0.0002576945399789,0.008010649180994,0,11.59726661340398,-0.0,0.0,-16
2023-11-01,109.9,CES3232400001,324,Petroleum & Coal,Petroleum_Coal,0.0037921967408405,0.0035345022008615,-0.0002576945399789,0.008010649180994,0,11.607326140391713,-0.0,0.0,-15
2023-12-01,110.0,CES3232400001,324,Petroleum & Coal,Petroleum_Coal,0.0037921967408405,0.0035345022008615,-0.0002576945399789,0.008010649180994,0,11.608235644774552,-0.0,0.0,-14
2024-01-01,110.2,CES3232400001,324,Petroleum & Coal,Petroleum_Coal,0.0037921967408405,0.0035345022008615,-0.0002576945399789,0.008010649180994,0,11.610052175700952,-0.0,0.0,-13
2024-02-01,110.8,CES3232400001,324,Petroleum & Coal,Petroleum_Coal,0.0037921967408405,0.0035345022008615,-0.0002576945399789,0.008010649180994,0,11.61548205329532,-0.0,0.0,-12
2024-03-01,110.8,CES3232400001,324,Petroleum & Coal,Petroleum_Coal,0.0037921967408405,0.0035345022008615,-0.0002576945399789,0.008010649180994,0,11.61548205329532,-0.0,0.0,-11
2024-04-01,110.4,CES3232400001,324,Petroleum & Coal,Petroleum_Coal,0.0037921967408405,0.0035345022008615,-0.0002576945399789,0.008010649180994,0,11.611865412825132,-0.0,0.0,-10
2024-05-01,110.6,CES3232400001,324,Petroleum & Coal,Petroleum_Coal,0.0037921967408405,0.0035345022008615,-0.0002576945399789,0.008010649180994,0,11.613675368070371,-0.0,0.0,-9
2024-06-01,110.8,CES3232400001,324,Petroleum & Coal,Petroleum_Coal,0.0037921967408405,0.0035345022008615,-0.0002576945399789,0.008010649180994,0,11.61548205329532,-0.0,0.0,-8
2024-07-01,110.2,CES3232400001,324,Petroleum & Coal,Petroleum_Coal,0.0037921967408405,0.0035345022008615,-0.0002576945399789,0.008010649180994,0,11.610052175700952,-0.0,0.0,-7
2024-08-01,110.3,CES3232400001,324,Petroleum & Coal,Petroleum_Coal,0.0037921967408405,0.0035345022008615,-0.0002576945399789,0.008010649180994,0,11.610959205241594,-0.0,0.0,-6
2024-09-01,110.1,CES3232400001,324,Petroleum & Coal,Petroleum_Coal,0.0037921967408405,0.0035345022008615,-0.0002576945399789,0.008010649180994,0,11.60914432271077,-0.0,0.0,-5
2024-10-01,110.5,CES3232400001,324,Petroleum & Coal,Petroleum_Coal,0.0037921967408405,0.0035345022008615,-0.0002576945399789,0.008010649180994,0,11.612770799939945,-0.0,0.0,-4
2024-11-01,109.8,CES3232400001,324,Petroleum & Coal,Petroleum_Coal,0.0037921967408405,0.0035345022008615,-0.0002576945399789,0.008010649180994,0,11.606415808057568,-0.0,0.0,-3
2024-12-01,109.7,CES3232400001,324,Petroleum & Coal,Petroleum_Coal,0.0037921967408405,0.0035345022008615,-0.0002576945399789,0.008010649180994,0,11.605504646263322,-0.0,0.0,-2
2025-01-01,110.6,CES3232400001,324,Petroleum & Coal,Petroleum_Coal,0.0037921967408405,0.0035345022008615,-0.0002576945399789,0.008010649180994,0,11.613675368070371,-0.0,0.0,-1
2025-02-01,110.3,CES3232400001,324,Petroleum & Coal,Petroleum_Coal,0.0037921967408405,0.0035345022008615,-0.0002576945399789,0.008010649180994,1,11.610959205241594,-0.0002576945399789,0.008010649180994,0
2025-03-01,111.0,CES3232400001,324,Petroleum & Coal,Petroleum_Coal,0.0037921967408405,0.0035345022008615,-0.0002576945399789,0.008010649180994,1,11.617285480294472,-0.0002576945399789,0.008010649180994,1
2025-04-01,109.7,CES3232400001,324,Petroleum & Coal,Petroleum_Coal,0.0037921967408405,0.0035345022008615,-0.0002576945399789,0.008010649180994,1,11.605504646263322,-0.0002576945399789,0.008010649180994,2
2025-05-01,108.7,CES3232400001,324,Petroleum & Coal,Petroleum_Coal,0.0037921967408405,0.0035345022008615,-0.0002576945399789,0.008010649180994,1,11.596347073109301,-0.0002576945399789,0.008010649180994,3
2025-06-01,109.2,CES3232400001,324,Petroleum & Coal,Petroleum_Coal,0.0037921967408405,0.0035345022008615,-0.0002576945399789,0.008010649180994,1,11.600936342292941,-0.0002576945399789,0.008010649180994,4
2025-07-01,109.4,CES3232400001,324,Petroleum & Coal,Petroleum_Coal,0.0037921967408405,0.0035345022008615,-0.0002576945399789,0.008010649180994,1,11.602766168970017,-0.0002576945399789,0.008010649180994,5
2025-08-01,109.2,CES3232400001,324,Petroleum & Coal,Petroleum_Coal,0.0037921967408405,0.0035345022008615,-0.0002576945399789,0.008010649180994,1,11.600936342292941,-0.0002576945399789,0.008010649180994,6
2025-09-01,110.1,CES3232400001,324,Petroleum & Coal,Petroleum_Coal,0.0037921967408405,0.0035345022008615,-0.0002576945399789,0.008010649180994,1,11.60914432271077,-0.0002576945399789,0.008010649180994,7
2025-10-01,109.0,CES3232400001,324,Petroleum & Coal,Petroleum_Coal,0.0037921967408405,0.0035345022008615,-0.0002576945399789,0.008010649180994,1,11.59910316121128,-0.0002576945399789,0.008010649180994,8
2025-11-01,109.1,CES3232400001,324,Petroleum & Coal,Petroleum_Coal,0.0037921967408405,0.0035345022008615,-0.0002576945399789,0.008010649180994,1,11.600020171821162,-0.0002576945399789,0.008010649180994,9
2025-12-01,109.7,CES3232400001,324,Petroleum & Coal,Petroleum_Coal,0.0037921967408405,0.0035345022008615,-0.0002576945399789,0.008010649180994,1,11.605504646263322,-0.0002576945399789,0.008010649180994,10
2026-01-01,109.2,CES3232400001,324,Petroleum & Coal,Petroleum_Coal,0.0037921967408405,0.0035345022008615,-0.0002576945399789,0.008010649180994,1,11.600936342292941,-0.0002576945399789,0.008010649180994,11
2026-02-01,108.8,CES3232400001,324,Petroleum & Coal,Petroleum_Coal,0.0037921967408405,0.0035345022008615,-0.0002576945399789,0.008010649180994,1,11.59726661340398,-0.0002576945399789,0.008010649180994,12
2026-03-01,108.5,CES3232400001,324,Petroleum & Coal,Petroleum_Coal,0.0037921967408405,0.0035345022008615,-0.0002576945399789,0.008010649180994,1,11.594505451962652,-0.0002576945399789,0.008010649180994,13
2015-01-01,681.9,CES3232600001,326,Plastics & Rubber,Plastics_Rubber,0.0525144400451666,0.1460347055722686,0.0935202655271019,0.273502160194187,0,13.432638298508744,0.0,0.0,-121
2015-02-01,683.3,CES3232600001,326,Plastics & Rubber,Plastics_Rubber,0.0525144400451666,0.1460347055722686,0.0935202655271019,0.273502160194187,0,13.43468928076887,0.0,0.0,-120
2015-03-01,684.1,CES3232600001,326,Plastics & Rubber,Plastics_Rubber,0.0525144400451666,0.1460347055722686,0.0935202655271019,0.273502160194187,0,13.43585938474909,0.0,0.0,-119
2015-04-01,685.8,CES3232600001,326,Plastics & Rubber,Plastics_Rubber,0.0525144400451666,0.1460347055722686,0.0935202655271019,0.273502160194187,0,13.438341319010958,0.0,0.0,-118
2015-05-01,687.4,CES3232600001,326,Plastics & Rubber,Plastics_Rubber,0.0525144400451666,0.1460347055722686,0.0935202655271019,0.273502160194187,0,13.44067164339787,0.0,0.0,-117
2015-06-01,687.8,CES3232600001,326,Plastics & Rubber,Plastics_Rubber,0.0525144400451666,0.1460347055722686,0.0935202655271019,0.273502160194187,0,13.441253376980303,0.0,0.0,-116
2015-07-01,690.5,CES3232600001,326,Plastics & Rubber,Plastics_Rubber,0.0525144400451666,0.1460347055722686,0.0935202655271019,0.273502160194187,0,13.445171251831484,0.0,0.0,-115
2015-08-01,690.0,CES3232600001,326,Plastics & Rubber,Plastics_Rubber,0.0525144400451666,0.1460347055722686,0.0935202655271019,0.273502160194187,0,13.444446876573442,0.0,0.0,-114
2015-09-01,691.8,CES3232600001,326,Plastics & Rubber,Plastics_Rubber,0.0525144400451666,0.1460347055722686,0.0935202655271019,0.273502160194187,0,13.447052175485206,0.0,0.0,-113
2015-10-01,693.2,CES3232600001,326,Plastics & Rubber,Plastics_Rubber,0.0525144400451666,0.1460347055722686,0.0935202655271019,0.273502160194187,0,13.449073836823588,0.0,0.0,-112
2015-11-01,694.7,CES3232600001,326,Plastics & Rubber,Plastics_Rubber,0.0525144400451666,0.1460347055722686,0.0935202655271019,0.273502160194187,0,13.451235376680973,0.0,0.0,-111
2015-12-01,695.7,CES3232600001,326,Plastics & Rubber,Plastics_Rubber,0.0525144400451666,0.1460347055722686,0.0935202655271019,0.273502160194187,0,13.452673811911733,0.0,0.0,-110
2016-01-01,696.5,CES3232600001,326,Plastics & Rubber,Plastics_Rubber,0.0525144400451666,0.1460347055722686,0.0935202655271019,0.273502160194187,0,13.453823072201997,0.0,0.0,-109
2016-02-01,697.3,CES3232600001,326,Plastics & Rubber,Plastics_Rubber,0.0525144400451666,0.1460347055722686,0.0935202655271019,0.273502160194187,0,13.454971013209102,0.0,0.0,-108
2016-03-01,699.1,CES3232600001,326,Plastics & Rubber,Plastics_Rubber,0.0525144400451666,0.1460347055722686,0.0935202655271019,0.273502160194187,0,13.457549072500077,0.0,0.0,-107
2016-04-01,700.4,CES3232600001,326,Plastics & Rubber,Plastics_Rubber,0.0525144400451666,0.1460347055722686,0.0935202655271019,0.273502160194187,0,13.459406879393834,0.0,0.0,-106
2016-05-01,704.5,CES3232600001,326,Plastics & Rubber,Plastics_Rubber,0.0525144400451666,0.1460347055722686,0.0935202655271019,0.273502160194187,0,13.465243610320872,0.0,0.0,-105
2016-06-01,704.5,CES3232600001,326,Plastics & Rubber,Plastics_Rubber,0.0525144400451666,0.1460347055722686,0.0935202655271019,0.273502160194187,0,13.465243610320872,0.0,0.0,-104
2016-07-01,705.5,CES3232600001,326,Plastics & Rubber,Plastics_Rubber,0.0525144400451666,0.1460347055722686,0.0935202655271019,0.273502160194187,0,13.466662050275005,0.0,0.0,-103
2016-08-01,703.7,CES3232600001,326,Plastics & Rubber,Plastics_Rubber,0.0525144400451666,0.1460347055722686,0.0935202655271019,0.273502160194187,0,13.464107407954641,0.0,0.0,-102
2016-09-01,705.1,CES3232600001,326,Plastics & Rubber,Plastics_Rubber,0.0525144400451666,0.1460347055722686,0.0935202655271019,0.273502160194187,0,13.466094915707131,0.0,0.0,-101
2016-10-01,705.4,CES3232600001,326,Plastics & Rubber,Plastics_Rubber,0.0525144400451666,0.1460347055722686,0.0935202655271019,0.273502160194187,0,13.466520296784088,0.0,0.0,-100
2016-11-01,703.9,CES3232600001,326,Plastics & Rubber,Plastics_Rubber,0.0525144400451666,0.1460347055722686,0.0935202655271019,0.273502160194187,0,13.464391579596223,0.0,0.0,-99
2016-12-01,705.7,CES3232600001,326,Plastics & Rubber,Plastics_Rubber,0.0525144400451666,0.1460347055722686,0.0935202655271019,0.273502160194187,0,13.466945496988922,0.0,0.0,-98
2017-01-01,708.0,CES3232600001,326,Plastics & Rubber,Plastics_Rubber,0.0525144400451666,0.1460347055722686,0.0935202655271019,0.273502160194187,0,13.470199372675857,0.0,0.0,-97
2017-02-01,711.0,CES3232600001,326,Plastics & Rubber,Plastics_Rubber,0.0525144400451666,0.1460347055722686,0.0935202655271019,0.273502160194187,0,13.474427708785377,0.0,0.0,-96
2017-03-01,712.5,CES3232600001,326,Plastics & Rubber,Plastics_Rubber,0.0525144400451666,0.1460347055722686,0.0935202655271019,0.273502160194187,0,13.476535191124942,0.0,0.0,-95
2017-04-01,712.4,CES3232600001,326,Plastics & Rubber,Plastics_Rubber,0.0525144400451666,0.1460347055722686,0.0935202655271019,0.273502160194187,0,13.476394830397643,0.0,0.0,-94
2017-05-01,712.9,CES3232600001,326,Plastics & Rubber,Plastics_Rubber,0.0525144400451666,0.1460347055722686,0.0935202655271019,0.273502160194187,0,13.47709643710572,0.0,0.0,-93
2017-06-01,714.5,CES3232600001,326,Plastics & Rubber,Plastics_Rubber,0.0525144400451666,0.1460347055722686,0.0935202655271019,0.273502160194187,0,13.47933827635206,0.0,0.0,-92
2017-07-01,717.3,CES3232600001,326,Plastics & Rubber,Plastics_Rubber,0.0525144400451666,0.1460347055722686,0.0935202655271019,0.273502160194187,0,13.483249442114525,0.0,0.0,-91
2017-08-01,720.9,CES3232600001,326,Plastics & Rubber,Plastics_Rubber,0.0525144400451666,0.1460347055722686,0.0935202655271019,0.273502160194187,0,13.48825571039267,0.0,0.0,-90
2017-09-01,721.8,CES3232600001,326,Plastics & Rubber,Plastics_Rubber,0.0525144400451666,0.1460347055722686,0.0935202655271019,0.273502160194187,0,13.489503371190825,0.0,0.0,-89
2017-10-01,723.6,CES3232600001,326,Plastics & Rubber,Plastics_Rubber,0.0525144400451666,0.1460347055722686,0.0935202655271019,0.273502160194187,0,13.491994032503277,0.0,0.0,-88
2017-11-01,725.0,CES3232600001,326,Plastics & Rubber,Plastics_Rubber,0.0525144400451666,0.1460347055722686,0.0935202655271019,0.273502160194187,0,13.493926933836812,0.0,0.0,-87
2017-12-01,725.1,CES3232600001,326,Plastics & Rubber,Plastics_Rubber,0.0525144400451666,0.1460347055722686,0.0935202655271019,0.273502160194187,0,13.494064855359683,0.0,0.0,-86
2018-01-01,727.9,CES3232600001,326,Plastics & Rubber,Plastics_Rubber,0.0525144400451666,0.1460347055722686,0.0935202655271019,0.273502160194187,0,13.49791895510635,0.0,0.0,-85
2018-02-01,727.1,CES3232600001,326,Plastics & Rubber,Plastics_Rubber,0.0525144400451666,0.1460347055722686,0.0935202655271019,0.273502160194187,0,13.496819298638147,0.0,0.0,-84
2018-03-01,727.5,CES3232600001,326,Plastics & Rubber,Plastics_Rubber,0.0525144400451666,0.1460347055722686,0.0935202655271019,0.273502160194187,0,13.497369278027785,0.0,0.0,-83
2018-04-01,729.1,CES3232600001,326,Plastics & Rubber,Plastics_Rubber,0.0525144400451666,0.1460347055722686,0.0935202655271019,0.273502160194187,0,13.499566175794522,0.0,0.0,-82
2018-05-01,729.6,CES3232600001,326,Plastics & Rubber,Plastics_Rubber,0.0525144400451666,0.1460347055722686,0.0935202655271019,0.273502160194187,0,13.500251717742259,0.0,0.0,-81
2018-06-01,730.2,CES3232600001,326,Plastics & Rubber,Plastics_Rubber,0.0525144400451666,0.1460347055722686,0.0935202655271019,0.273502160194187,0,13.501073748203673,0.0,0.0,-80
2018-07-01,731.3,CES3232600001,326,Plastics & Rubber,Plastics_Rubber,0.0525144400451666,0.1460347055722686,0.0935202655271019,0.273502160194187,0,13.502579051259042,0.0,0.0,-79
2018-08-01,731.4,CES3232600001,326,Plastics & Rubber,Plastics_Rubber,0.0525144400451666,0.1460347055722686,0.0935202655271019,0.273502160194187,0,13.502715784697418,0.0,0.0,-78
2018-09-01,732.5,CES3232600001,326,Plastics & Rubber,Plastics_Rubber,0.0525144400451666,0.1460347055722686,0.0935202655271019,0.273502160194187,0,13.50421861987336,0.0,0.0,-77
2018-10-01,733.4,CES3232600001,326,Plastics & Rubber,Plastics_Rubber,0.0525144400451666,0.1460347055722686,0.0935202655271019,0.273502160194187,0,13.505446534619363,0.0,0.0,-76
2018-11-01,734.4,CES3232600001,326,Plastics & Rubber,Plastics_Rubber,0.0525144400451666,0.1460347055722686,0.0935202655271019,0.273502160194187,0,13.506809118288418,0.0,0.0,-75
2018-12-01,734.7,CES3232600001,326,Plastics & Rubber,Plastics_Rubber,0.0525144400451666,0.1460347055722686,0.0935202655271019,0.273502160194187,0,13.507217531608369,0.0,0.0,-74
2019-01-01,734.4,CES3232600001,326,Plastics & Rubber,Plastics_Rubber,0.0525144400451666,0.1460347055722686,0.0935202655271019,0.273502160194187,0,13.506809118288418,0.0,0.0,-73
2019-02-01,733.9,CES3232600001,326,Plastics & Rubber,Plastics_Rubber,0.0525144400451666,0.1460347055722686,0.0935202655271019,0.273502160194187,0,13.506128058533154,0.0,0.0,-72
2019-03-01,733.2,CES3232600001,326,Plastics & Rubber,Plastics_Rubber,0.0525144400451666,0.1460347055722686,0.0935202655271019,0.273502160194187,0,13.505173794947687,0.0,0.0,-71
2019-04-01,732.1,CES3232600001,326,Plastics & Rubber,Plastics_Rubber,0.0525144400451666,0.1460347055722686,0.0935202655271019,0.273502160194187,0,13.503672395634734,0.0,0.0,-70
2019-05-01,732.0,CES3232600001,326,Plastics & Rubber,Plastics_Rubber,0.0525144400451666,0.1460347055722686,0.0935202655271019,0.273502160194187,0,13.503535792943449,0.0,0.0,-69
2019-06-01,733.5,CES3232600001,326,Plastics & Rubber,Plastics_Rubber,0.0525144400451666,0.1460347055722686,0.0935202655271019,0.273502160194187,0,13.505582876565173,0.0,0.0,-68
2019-07-01,731.1,CES3232600001,326,Plastics & Rubber,Plastics_Rubber,0.0525144400451666,0.1460347055722686,0.0935202655271019,0.273502160194187,0,13.502305528281408,0.0,0.0,-67
2019-08-01,732.8,CES3232600001,326,Plastics & Rubber,Plastics_Rubber,0.0525144400451666,0.1460347055722686,0.0935202655271019,0.273502160194187,0,13.504628092342058,0.0,0.0,-66
2019-09-01,731.6,CES3232600001,326,Plastics & Rubber,Plastics_Rubber,0.0525144400451666,0.1460347055722686,0.0935202655271019,0.273502160194187,0,13.502989195498847,0.0,0.0,-65
2019-10-01,729.8,CES3232600001,326,Plastics & Rubber,Plastics_Rubber,0.0525144400451666,0.1460347055722686,0.0935202655271019,0.273502160194187,0,13.500525802984484,0.0,0.0,-64
2019-11-01,729.6,CES3232600001,326,Plastics & Rubber,Plastics_Rubber,0.0525144400451666,0.1460347055722686,0.0935202655271019,0.273502160194187,0,13.500251717742259,0.0,0.0,-63
2019-12-01,728.9,CES3232600001,326,Plastics & Rubber,Plastics_Rubber,0.0525144400451666,0.1460347055722686,0.0935202655271019,0.273502160194187,0,13.499291827370305,0.0,0.0,-62
2020-01-01,731.8,CES3232600001,326,Plastics & Rubber,Plastics_Rubber,0.0525144400451666,0.1460347055722686,0.0935202655271019,0.273502160194187,0,13.503262531567243,0.0,0.0,-61
2020-02-01,729.0,CES3232600001,326,Plastics & Rubber,Plastics_Rubber,0.0525144400451666,0.1460347055722686,0.0935202655271019,0.273502160194187,0,13.499429010990795,0.0,0.0,-60
2020-03-01,727.1,CES3232600001,326,Plastics & Rubber,Plastics_Rubber,0.0525144400451666,0.1460347055722686,0.0935202655271019,0.273502160194187,0,13.496819298638147,0.0,0.0,-59
2020-04-01,660.0,CES3232600001,326,Plastics & Rubber,Plastics_Rubber,0.0525144400451666,0.1460347055722686,0.0935202655271019,0.273502160194187,0,13.399995114002609,0.0,0.0,-58
2020-05-01,678.4,CES3232600001,326,Plastics & Rubber,Plastics_Rubber,0.0525144400451666,0.1460347055722686,0.0935202655271019,0.273502160194187,0,13.42749236345983,0.0,0.0,-57
2020-06-01,704.1,CES3232600001,326,Plastics & Rubber,Plastics_Rubber,0.0525144400451666,0.1460347055722686,0.0935202655271019,0.273502160194187,0,13.464675670507225,0.0,0.0,-56
2020-07-01,698.8,CES3232600001,326,Plastics & Rubber,Plastics_Rubber,0.0525144400451666,0.1460347055722686,0.0935202655271019,0.273502160194187,0,13.457119857242038,0.0,0.0,-55
2020-08-01,703.7,CES3232600001,326,Plastics & Rubber,Plastics_Rubber,0.0525144400451666,0.1460347055722686,0.0935202655271019,0.273502160194187,0,13.464107407954641,0.0,0.0,-54
2020-09-01,705.4,CES3232600001,326,Plastics & Rubber,Plastics_Rubber,0.0525144400451666,0.1460347055722686,0.0935202655271019,0.273502160194187,0,13.466520296784088,0.0,0.0,-53
2020-10-01,710.4,CES3232600001,326,Plastics & Rubber,Plastics_Rubber,0.0525144400451666,0.1460347055722686,0.0935202655271019,0.273502160194187,0,13.473583470660097,0.0,0.0,-52
2020-11-01,712.6,CES3232600001,326,Plastics & Rubber,Plastics_Rubber,0.0525144400451666,0.1460347055722686,0.0935202655271019,0.273502160194187,0,13.476675532153873,0.0,0.0,-51
2020-12-01,716.5,CES3232600001,326,Plastics & Rubber,Plastics_Rubber,0.0525144400451666,0.1460347055722686,0.0935202655271019,0.273502160194187,0,13.482133526250363,0.0,0.0,-50
2021-01-01,714.6,CES3232600001,326,Plastics & Rubber,Plastics_Rubber,0.0525144400451666,0.1460347055722686,0.0935202655271019,0.273502160194187,0,13.479478224571446,0.0,0.0,-49
2021-02-01,718.7,CES3232600001,326,Plastics & Rubber,Plastics_Rubber,0.0525144400451666,0.1460347055722686,0.0935202655271019,0.273502160194187,0,13.485199303456534,0.0,0.0,-48
2021-03-01,718.8,CES3232600001,326,Plastics & Rubber,Plastics_Rubber,0.0525144400451666,0.1460347055722686,0.0935202655271019,0.273502160194187,0,13.485338433891542,0.0,0.0,-47
2021-04-01,716.4,CES3232600001,326,Plastics & Rubber,Plastics_Rubber,0.0525144400451666,0.1460347055722686,0.0935202655271019,0.273502160194187,0,13.481993949168693,0.0,0.0,-46
2021-05-01,719.8,CES3232600001,326,Plastics & Rubber,Plastics_Rubber,0.0525144400451666,0.1460347055722686,0.0935202655271019,0.273502160194187,0,13.486728674627068,0.0,0.0,-45
2021-06-01,717.4,CES3232600001,326,Plastics & Rubber,Plastics_Rubber,0.0525144400451666,0.1460347055722686,0.0935202655271019,0.273502160194187,0,13.48338884408032,0.0,0.0,-44
2021-07-01,721.8,CES3232600001,326,Plastics & Rubber,Plastics_Rubber,0.0525144400451666,0.1460347055722686,0.0935202655271019,0.273502160194187,0,13.489503371190825,0.0,0.0,-43
2021-08-01,731.2,CES3232600001,326,Plastics & Rubber,Plastics_Rubber,0.0525144400451666,0.1460347055722686,0.0935202655271019,0.273502160194187,0,13.502442299122077,0.0,0.0,-42
2021-09-01,728.2,CES3232600001,326,Plastics & Rubber,Plastics_Rubber,0.0525144400451666,0.1460347055722686,0.0935202655271019,0.273502160194187,0,13.49833101472347,0.0,0.0,-41
2021-10-01,733.7,CES3232600001,326,Plastics & Rubber,Plastics_Rubber,0.0525144400451666,0.1460347055722686,0.0935202655271019,0.273502160194187,0,13.505855504702085,0.0,0.0,-40
2021-11-01,740.1,CES3232600001,326,Plastics & Rubber,Plastics_Rubber,0.0525144400451666,0.1460347055722686,0.0935202655271019,0.273502160194187,0,13.514540591185558,0.0,0.0,-39
2021-12-01,743.9,CES3232600001,326,Plastics & Rubber,Plastics_Rubber,0.0525144400451666,0.1460347055722686,0.0935202655271019,0.273502160194187,0,13.519661896179432,0.0,0.0,-38
2022-01-01,741.0,CES3232600001,326,Plastics & Rubber,Plastics_Rubber,0.0525144400451666,0.1460347055722686,0.0935202655271019,0.273502160194187,0,13.515755904278224,0.0,0.0,-37
2022-02-01,746.4,CES3232600001,326,Plastics & Rubber,Plastics_Rubber,0.0525144400451666,0.1460347055722686,0.0935202655271019,0.273502160194187,0,13.523016928515272,0.0,0.0,-36
2022-03-01,750.9,CES3232600001,326,Plastics & Rubber,Plastics_Rubber,0.0525144400451666,0.1460347055722686,0.0935202655271019,0.273502160194187,0,13.529027766087975,0.0,0.0,-35
2022-04-01,754.7,CES3232600001,326,Plastics & Rubber,Plastics_Rubber,0.0525144400451666,0.1460347055722686,0.0935202655271019,0.273502160194187,0,13.53407559827296,0.0,0.0,-34
2022-05-01,753.6,CES3232600001,326,Plastics & Rubber,Plastics_Rubber,0.0525144400451666,0.1460347055722686,0.0935202655271019,0.273502160194187,0,13.53261700224429,0.0,0.0,-33
2022-06-01,756.8,CES3232600001,326,Plastics & Rubber,Plastics_Rubber,0.0525144400451666,0.1460347055722686,0.0935202655271019,0.273502160194187,0,13.536854296719806,0.0,0.0,-32
2022-07-01,757.4,CES3232600001,326,Plastics & Rubber,Plastics_Rubber,0.0525144400451666,0.1460347055722686,0.0935202655271019,0.273502160194187,0,13.53764679444983,0.0,0.0,-31
2022-08-01,757.4,CES3232600001,326,Plastics & Rubber,Plastics_Rubber,0.0525144400451666,0.1460347055722686,0.0935202655271019,0.273502160194187,0,13.53764679444983,0.0,0.0,-30
2022-09-01,757.9,CES3232600001,326,Plastics & Rubber,Plastics_Rubber,0.0525144400451666,0.1460347055722686,0.0935202655271019,0.273502160194187,0,13.538306729800121,0.0,0.0,-29
2022-10-01,762.1,CES3232600001,326,Plastics & Rubber,Plastics_Rubber,0.0525144400451666,0.1460347055722686,0.0935202655271019,0.273502160194187,0,13.543833059654208,0.0,0.0,-28
2022-11-01,756.4,CES3232600001,326,Plastics & Rubber,Plastics_Rubber,0.0525144400451666,0.1460347055722686,0.0935202655271019,0.273502160194187,0,13.53632561576644,0.0,0.0,-27
2022-12-01,751.0,CES3232600001,326,Plastics & Rubber,Plastics_Rubber,0.0525144400451666,0.1460347055722686,0.0935202655271019,0.273502160194187,0,13.529160930746272,0.0,0.0,-26
2023-01-01,749.7,CES3232600001,326,Plastics & Rubber,Plastics_Rubber,0.0525144400451666,0.1460347055722686,0.0935202655271019,0.273502160194187,0,13.527428405491154,0.0,0.0,-25
2023-02-01,744.4,CES3232600001,326,Plastics & Rubber,Plastics_Rubber,0.0525144400451666,0.1460347055722686,0.0935202655271019,0.273502160194187,0,13.520333803750233,0.0,0.0,-24
2023-03-01,741.8,CES3232600001,326,Plastics & Rubber,Plastics_Rubber,0.0525144400451666,0.1460347055722686,0.0935202655271019,0.273502160194187,0,13.516834944037628,0.0,0.0,-23
2023-04-01,740.3,CES3232600001,326,Plastics & Rubber,Plastics_Rubber,0.0525144400451666,0.1460347055722686,0.0935202655271019,0.273502160194187,0,13.51481078843119,0.0,0.0,-22
2023-05-01,738.8,CES3232600001,326,Plastics & Rubber,Plastics_Rubber,0.0525144400451666,0.1460347055722686,0.0935202655271019,0.273502160194187,0,13.512782527307222,0.0,0.0,-21
2023-06-01,740.8,CES3232600001,326,Plastics & Rubber,Plastics_Rubber,0.0525144400451666,0.1460347055722686,0.0935202655271019,0.273502160194187,0,13.515485962314107,0.0,0.0,-20
2023-07-01,738.4,CES3232600001,326,Plastics & Rubber,Plastics_Rubber,0.0525144400451666,0.1460347055722686,0.0935202655271019,0.273502160194187,0,13.512240962170779,0.0,0.0,-19
2023-08-01,733.5,CES3232600001,326,Plastics & Rubber,Plastics_Rubber,0.0525144400451666,0.1460347055722686,0.0935202655271019,0.273502160194187,0,13.505582876565173,0.0,0.0,-18
2023-09-01,737.7,CES3232600001,326,Plastics & Rubber,Plastics_Rubber,0.0525144400451666,0.1460347055722686,0.0935202655271019,0.273502160194187,0,13.511292516872393,0.0,0.0,-17
2023-10-01,735.5,CES3232600001,326,Plastics & Rubber,Plastics_Rubber,0.0525144400451666,0.1460347055722686,0.0935202655271019,0.273502160194187,0,13.50830581902363,0.0,0.0,-16
2023-11-01,730.9,CES3232600001,326,Plastics & Rubber,Plastics_Rubber,0.0525144400451666,0.1460347055722686,0.0935202655271019,0.273502160194187,0,13.502031930468483,0.0,0.0,-15
2023-12-01,728.6,CES3232600001,326,Plastics & Rubber,Plastics_Rubber,0.0525144400451666,0.1460347055722686,0.0935202655271019,0.273502160194187,0,13.498880163556601,0.0,0.0,-14
2024-01-01,732.0,CES3232600001,326,Plastics & Rubber,Plastics_Rubber,0.0525144400451666,0.1460347055722686,0.0935202655271019,0.273502160194187,0,13.503535792943449,0.0,0.0,-13
2024-02-01,729.6,CES3232600001,326,Plastics & Rubber,Plastics_Rubber,0.0525144400451666,0.1460347055722686,0.0935202655271019,0.273502160194187,0,13.500251717742259,0.0,0.0,-12
2024-03-01,727.2,CES3232600001,326,Plastics & Rubber,Plastics_Rubber,0.0525144400451666,0.1460347055722686,0.0935202655271019,0.273502160194187,0,13.496956821845407,0.0,0.0,-11
2024-04-01,727.3,CES3232600001,326,Plastics & Rubber,Plastics_Rubber,0.0525144400451666,0.1460347055722686,0.0935202655271019,0.273502160194187,0,13.497094326142632,0.0,0.0,-10
2024-05-01,726.5,CES3232600001,326,Plastics & Rubber,Plastics_Rubber,0.0525144400451666,0.1460347055722686,0.0935202655271019,0.273502160194187,0,13.495993761992475,0.0,0.0,-9
2024-06-01,724.6,CES3232600001,326,Plastics & Rubber,Plastics_Rubber,0.0525144400451666,0.1460347055722686,0.0935202655271019,0.273502160194187,0,13.493375057443114,0.0,0.0,-8
2024-07-01,721.6,CES3232600001,326,Plastics & Rubber,Plastics_Rubber,0.0525144400451666,0.1460347055722686,0.0935202655271019,0.273502160194187,0,13.489226247730551,0.0,0.0,-7
2024-08-01,718.6,CES3232600001,326,Plastics & Rubber,Plastics_Rubber,0.0525144400451666,0.1460347055722686,0.0935202655271019,0.273502160194187,0,13.485060153661555,0.0,0.0,-6
2024-09-01,717.5,CES3232600001,326,Plastics & Rubber,Plastics_Rubber,0.0525144400451666,0.1460347055722686,0.0935202655271019,0.273502160194187,0,13.483528226615913,0.0,0.0,-5
2024-10-01,713.3,CES3232600001,326,Plastics & Rubber,Plastics_Rubber,0.0525144400451666,0.1460347055722686,0.0935202655271019,0.273502160194187,0,13.47765736826613,0.0,0.0,-4
2024-11-01,709.3,CES3232600001,326,Plastics & Rubber,Plastics_Rubber,0.0525144400451666,0.1460347055722686,0.0935202655271019,0.273502160194187,0,13.472033847190177,0.0,0.0,-3
2024-12-01,709.5,CES3232600001,326,Plastics & Rubber,Plastics_Rubber,0.0525144400451666,0.1460347055722686,0.0935202655271019,0.273502160194187,0,13.472315775582235,0.0,0.0,-2
2025-01-01,707.2,CES3232600001,326,Plastics & Rubber,Plastics_Rubber,0.0525144400451666,0.1460347055722686,0.0935202655271019,0.273502160194187,0,13.46906879030557,0.0,0.0,-1
2025-02-01,706.8,CES3232600001,326,Plastics & Rubber,Plastics_Rubber,0.0525144400451666,0.1460347055722686,0.0935202655271019,0.273502160194187,1,13.46850301942768,0.0935202655271019,0.273502160194187,0
2025-03-01,708.1,CES3232600001,326,Plastics & Rubber,Plastics_Rubber,0.0525144400451666,0.1460347055722686,0.0935202655271019,0.273502160194187,1,13.470340605639866,0.0935202655271019,0.273502160194187,1
2025-04-01,706.5,CES3232600001,326,Plastics & Rubber,Plastics_Rubber,0.0525144400451666,0.1460347055722686,0.0935202655271019,0.273502160194187,1,13.46807848110672,0.0935202655271019,0.273502160194187,2
2025-05-01,706.5,CES3232600001,326,Plastics & Rubber,Plastics_Rubber,0.0525144400451666,0.1460347055722686,0.0935202655271019,0.273502160194187,1,13.46807848110672,0.0935202655271019,0.273502160194187,3
2025-06-01,703.3,CES3232600001,326,Plastics & Rubber,Plastics_Rubber,0.0525144400451666,0.1460347055722686,0.0935202655271019,0.273502160194187,1,13.46353882229611,0.0935202655271019,0.273502160194187,4
2025-07-01,702.3,CES3232600001,326,Plastics & Rubber,Plastics_Rubber,0.0525144400451666,0.1460347055722686,0.0935202655271019,0.273502160194187,1,13.462115942147111,0.0935202655271019,0.273502160194187,5
2025-08-01,703.9,CES3232600001,326,Plastics & Rubber,Plastics_Rubber,0.0525144400451666,0.1460347055722686,0.0935202655271019,0.273502160194187,1,13.464391579596223,0.0935202655271019,0.273502160194187,6
2025-09-01,701.3,CES3232600001,326,Plastics & Rubber,Plastics_Rubber,0.0525144400451666,0.1460347055722686,0.0935202655271019,0.273502160194187,1,13.460691034525002,0.0935202655271019,0.273502160194187,7
2025-10-01,701.8,CES3232600001,326,Plastics & Rubber,Plastics_Rubber,0.0525144400451666,0.1460347055722686,0.0935202655271019,0.273502160194187,1,13.461403742131251,0.0935202655271019,0.273502160194187,8
2025-11-01,702.4,CES3232600001,326,Plastics & Rubber,Plastics_Rubber,0.0525144400451666,0.1460347055722686,0.0935202655271019,0.273502160194187,1,13.462258321303043,0.0935202655271019,0.273502160194187,9
2025-12-01,697.5,CES3232600001,326,Plastics & Rubber,Plastics_Rubber,0.0525144400451666,0.1460347055722686,0.0935202655271019,0.273502160194187,1,13.455257792677658,0.0935202655271019,0.273502160194187,10
2026-01-01,697.0,CES3232600001,326,Plastics & Rubber,Plastics_Rubber,0.0525144400451666,0.1460347055722686,0.0935202655271019,0.273502160194187,1,13.454540689742661,0.0935202655271019,0.273502160194187,11
2026-02-01,693.9,CES3232600001,326,Plastics & Rubber,Plastics_Rubber,0.0525144400451666,0.1460347055722686,0.0935202655271019,0.273502160194187,1,13.45008313688764,0.0935202655271019,0.273502160194187,12
2026-03-01,696.4,CES3232600001,326,Plastics & Rubber,Plastics_Rubber,0.0525144400451666,0.1460347055722686,0.0935202655271019,0.273502160194187,1,13.45367948687617,0.0935202655271019,0.273502160194187,13
2015-01-01,401.8,CES3133100001,331,Primary Metal,Primary_Metal,0.0053253027986708,0.0753228725829756,0.0699975697843048,0.0073642813017333,0,12.903709731362971,0.0,0.0,-121
2015-02-01,400.1,CES3133100001,331,Primary Metal,Primary_Metal,0.0053253027986708,0.0753228725829756,0.0699975697843048,0.0073642813017333,0,12.899469794845327,0.0,0.0,-120
2015-03-01,399.5,CES3133100001,331,Primary Metal,Primary_Metal,0.0053253027986708,0.0753228725829756,0.0699975697843048,0.0073642813017333,0,12.897969044188466,0.0,0.0,-119
2015-04-01,397.8,CES3133100001,331,Primary Metal,Primary_Metal,0.0053253027986708,0.0753228725829756,0.0699975697843048,0.0073642813017333,0,12.893704645402009,0.0,0.0,-118
2015-05-01,395.4,CES3133100001,331,Primary Metal,Primary_Metal,0.0053253027986708,0.0753228725829756,0.0699975697843048,0.0073642813017333,0,12.887653189718653,0.0,0.0,-117
2015-06-01,395.6,CES3133100001,331,Primary Metal,Primary_Metal,0.0053253027986708,0.0753228725829756,0.0699975697843048,0.0073642813017333,0,12.888158878730694,0.0,0.0,-116
2015-07-01,393.7,CES3133100001,331,Primary Metal,Primary_Metal,0.0053253027986708,0.0753228725829756,0.0699975697843048,0.0073642813017333,0,12.883344476931828,0.0,0.0,-115
2015-08-01,393.1,CES3133100001,331,Primary Metal,Primary_Metal,0.0053253027986708,0.0753228725829756,0.0699975697843048,0.0073642813017333,0,12.881819311409952,0.0,0.0,-114
2015-09-01,389.0,CES3133100001,331,Primary Metal,Primary_Metal,0.0053253027986708,0.0753228725829756,0.0699975697843048,0.0073642813017333,0,12.871334622600584,0.0,0.0,-113
2015-10-01,389.0,CES3133100001,331,Primary Metal,Primary_Metal,0.0053253027986708,0.0753228725829756,0.0699975697843048,0.0073642813017333,0,12.871334622600584,0.0,0.0,-112
2015-11-01,388.0,CES3133100001,331,Primary Metal,Primary_Metal,0.0053253027986708,0.0753228725829756,0.0699975697843048,0.0073642813017333,0,12.86876061860541,0.0,0.0,-111
2015-12-01,384.9,CES3133100001,331,Primary Metal,Primary_Metal,0.0053253027986708,0.0753228725829756,0.0699975697843048,0.0073642813017333,0,12.860738839271837,0.0,0.0,-110
2016-01-01,384.0,CES3133100001,331,Primary Metal,Primary_Metal,0.0053253027986708,0.0753228725829756,0.0699975697843048,0.0073642813017333,0,12.858397831569864,0.0,0.0,-109
2016-02-01,382.0,CES3133100001,331,Primary Metal,Primary_Metal,0.0053253027986708,0.0753228725829756,0.0699975697843048,0.0073642813017333,0,12.853175887588712,0.0,0.0,-108
2016-03-01,379.9,CES3133100001,331,Primary Metal,Primary_Metal,0.0053253027986708,0.0753228725829756,0.0699975697843048,0.0073642813017333,0,12.847663339175718,0.0,0.0,-107
2016-04-01,378.4,CES3133100001,331,Primary Metal,Primary_Metal,0.0053253027986708,0.0753228725829756,0.0699975697843048,0.0073642813017333,0,12.84370711615986,0.0,0.0,-106
2016-05-01,376.7,CES3133100001,331,Primary Metal,Primary_Metal,0.0053253027986708,0.0753228725829756,0.0699975697843048,0.0073642813017333,0,12.839204393680133,0.0,0.0,-105
2016-06-01,374.1,CES3133100001,331,Primary Metal,Primary_Metal,0.0053253027986708,0.0753228725829756,0.0699975697843048,0.0073642813017333,0,12.832278420336237,0.0,0.0,-104
2016-07-01,372.8,CES3133100001,331,Primary Metal,Primary_Metal,0.0053253027986708,0.0753228725829756,0.0699975697843048,0.0073642813017333,0,12.828797361793573,0.0,0.0,-103
2016-08-01,371.0,CES3133100001,331,Primary Metal,Primary_Metal,0.0053253027986708,0.0753228725829756,0.0699975697843048,0.0073642813017333,0,12.823957341589573,0.0,0.0,-102
2016-09-01,370.9,CES3133100001,331,Primary Metal,Primary_Metal,0.0053253027986708,0.0753228725829756,0.0699975697843048,0.0073642813017333,0,12.823687763477682,0.0,0.0,-101
2016-10-01,370.6,CES3133100001,331,Primary Metal,Primary_Metal,0.0053253027986708,0.0753228725829756,0.0699975697843048,0.0073642813017333,0,12.822878592833396,0.0,0.0,-100
2016-11-01,367.8,CES3133100001,331,Primary Metal,Primary_Metal,0.0053253027986708,0.0753228725829756,0.0699975697843048,0.0073642813017333,0,12.815294591152357,0.0,0.0,-99
2016-12-01,368.2,CES3133100001,331,Primary Metal,Primary_Metal,0.0053253027986708,0.0753228725829756,0.0699975697843048,0.0073642813017333,0,12.816381547781114,0.0,0.0,-98
2017-01-01,368.1,CES3133100001,331,Primary Metal,Primary_Metal,0.0053253027986708,0.0753228725829756,0.0699975697843048,0.0073642813017333,0,12.816109919367113,0.0,0.0,-97
2017-02-01,367.5,CES3133100001,331,Primary Metal,Primary_Metal,0.0053253027986708,0.0753228725829756,0.0699975697843048,0.0073642813017333,0,12.814478597635029,0.0,0.0,-96
2017-03-01,367.7,CES3133100001,331,Primary Metal,Primary_Metal,0.0053253027986708,0.0753228725829756,0.0699975697843048,0.0073642813017333,0,12.815022667289364,0.0,0.0,-95
2017-04-01,369.3,CES3133100001,331,Primary Metal,Primary_Metal,0.0053253027986708,0.0753228725829756,0.0699975697843048,0.0073642813017333,0,12.819364600840654,0.0,0.0,-94
2017-05-01,371.3,CES3133100001,331,Primary Metal,Primary_Metal,0.0053253027986708,0.0753228725829756,0.0699975697843048,0.0073642813017333,0,12.824765640165172,0.0,0.0,-93
2017-06-01,372.1,CES3133100001,331,Primary Metal,Primary_Metal,0.0053253027986708,0.0753228725829756,0.0699975697843048,0.0073642813017333,0,12.826917914334715,0.0,0.0,-92
2017-07-01,372.7,CES3133100001,331,Primary Metal,Primary_Metal,0.0053253027986708,0.0753228725829756,0.0699975697843048,0.0073642813017333,0,12.82852908546735,0.0,0.0,-91
2017-08-01,373.3,CES3133100001,331,Primary Metal,Primary_Metal,0.0053253027986708,0.0753228725829756,0.0699975697843048,0.0073642813017333,0,12.830137664902676,0.0,0.0,-90
2017-09-01,373.0,CES3133100001,331,Primary Metal,Primary_Metal,0.0053253027986708,0.0753228725829756,0.0699975697843048,0.0073642813017333,0,12.829333698625952,0.0,0.0,-89
2017-10-01,373.6,CES3133100001,331,Primary Metal,Primary_Metal,0.0053253027986708,0.0753228725829756,0.0699975697843048,0.0073642813017333,0,12.830940985336825,0.0,0.0,-88
2017-11-01,373.1,CES3133100001,331,Primary Metal,Primary_Metal,0.0053253027986708,0.0753228725829756,0.0699975697843048,0.0073642813017333,0,12.829601759209249,0.0,0.0,-87
2017-12-01,375.6,CES3133100001,331,Primary Metal,Primary_Metal,0.0053253027986708,0.0753228725829756,0.0699975697843048,0.0073642813017333,0,12.836280026316246,0.0,0.0,-86
2018-01-01,375.1,CES3133100001,331,Primary Metal,Primary_Metal,0.0053253027986708,0.0753228725829756,0.0699975697843048,0.0073642813017333,0,12.834947936069979,0.0,0.0,-85
2018-02-01,377.0,CES3133100001,331,Primary Metal,Primary_Metal,0.0053253027986708,0.0753228725829756,0.0699975697843048,0.0073642813017333,0,12.840000466430148,0.0,0.0,-84
2018-03-01,375.9,CES3133100001,331,Primary Metal,Primary_Metal,0.0053253027986708,0.0753228725829756,0.0699975697843048,0.0073642813017333,0,12.83707842955227,0.0,0.0,-83
2018-04-01,377.4,CES3133100001,331,Primary Metal,Primary_Metal,0.0053253027986708,0.0753228725829756,0.0699975697843048,0.0073642813017333,0,12.841060911916587,0.0,0.0,-82
2018-05-01,378.2,CES3133100001,331,Primary Metal,Primary_Metal,0.0053253027986708,0.0753228725829756,0.0699975697843048,0.0073642813017333,0,12.843178435206495,0.0,0.0,-81
2018-06-01,380.6,CES3133100001,331,Primary Metal,Primary_Metal,0.0053253027986708,0.0753228725829756,0.0699975697843048,0.0073642813017333,0,12.849504233844186,0.0,0.0,-80
2018-07-01,380.3,CES3133100001,331,Primary Metal,Primary_Metal,0.0053253027986708,0.0753228725829756,0.0699975697843048,0.0073642813017333,0,12.84871569391635,0.0,0.0,-79
2018-08-01,381.0,CES3133100001,331,Primary Metal,Primary_Metal,0.0053253027986708,0.0753228725829756,0.0699975697843048,0.0073642813017333,0,12.850554654108839,0.0,0.0,-78
2018-09-01,382.0,CES3133100001,331,Primary Metal,Primary_Metal,0.0053253027986708,0.0753228725829756,0.0699975697843048,0.0073642813017333,0,12.853175887588712,0.0,0.0,-77
2018-10-01,383.6,CES3133100001,331,Primary Metal,Primary_Metal,0.0053253027986708,0.0753228725829756,0.0699975697843048,0.0073642813017333,0,12.85735562199142,0.0,0.0,-76
2018-11-01,385.4,CES3133100001,331,Primary Metal,Primary_Metal,0.0053253027986708,0.0753228725829756,0.0699975697843048,0.0073642813017333,0,12.862037034962404,0.0,0.0,-75
2018-12-01,387.0,CES3133100001,331,Primary Metal,Primary_Metal,0.0053253027986708,0.0753228725829756,0.0699975697843048,0.0073642813017333,0,12.866179972011919,0.0,0.0,-74
2019-01-01,388.7,CES3133100001,331,Primary Metal,Primary_Metal,0.0053253027986708,0.0753228725829756,0.0699975697843048,0.0073642813017333,0,12.870563116840314,0.0,0.0,-73
2019-02-01,389.1,CES3133100001,331,Primary Metal,Primary_Metal,0.0053253027986708,0.0753228725829756,0.0699975697843048,0.0073642813017333,0,12.871591658972646,0.0,0.0,-72
2019-03-01,389.7,CES3133100001,331,Primary Metal,Primary_Metal,0.0053253027986708,0.0753228725829756,0.0699975697843048,0.0073642813017333,0,12.873132491326801,0.0,0.0,-71
2019-04-01,389.0,CES3133100001,331,Primary Metal,Primary_Metal,0.0053253027986708,0.0753228725829756,0.0699975697843048,0.0073642813017333,0,12.871334622600584,0.0,0.0,-70
2019-05-01,388.9,CES3133100001,331,Primary Metal,Primary_Metal,0.0053253027986708,0.0753228725829756,0.0699975697843048,0.0073642813017333,0,12.871077520143839,0.0,0.0,-69
2019-06-01,388.9,CES3133100001,331,Primary Metal,Primary_Metal,0.0053253027986708,0.0753228725829756,0.0699975697843048,0.0073642813017333,0,12.871077520143839,0.0,0.0,-68
2019-07-01,388.5,CES3133100001,331,Primary Metal,Primary_Metal,0.0053253027986708,0.0753228725829756,0.0699975697843048,0.0073642813017333,0,12.87004844878984,0.0,0.0,-67
2019-08-01,388.4,CES3133100001,331,Primary Metal,Primary_Metal,0.0053253027986708,0.0753228725829756,0.0699975697843048,0.0073642813017333,0,12.869791015399306,0.0,0.0,-66
2019-09-01,388.4,CES3133100001,331,Primary Metal,Primary_Metal,0.0053253027986708,0.0753228725829756,0.0699975697843048,0.0073642813017333,0,12.869791015399306,0.0,0.0,-65
2019-10-01,382.7,CES3133100001,331,Primary Metal,Primary_Metal,0.0053253027986708,0.0753228725829756,0.0699975697843048,0.0073642813017333,0,12.855006671413793,0.0,0.0,-64
2019-11-01,382.6,CES3133100001,331,Primary Metal,Primary_Metal,0.0053253027986708,0.0753228725829756,0.0699975697843048,0.0073642813017333,0,12.854745335988289,0.0,0.0,-63
2019-12-01,380.8,CES3133100001,331,Primary Metal,Primary_Metal,0.0053253027986708,0.0753228725829756,0.0699975697843048,0.0073642813017333,0,12.850029581899348,0.0,0.0,-62
2020-01-01,379.8,CES3133100001,331,Primary Metal,Primary_Metal,0.0053253027986708,0.0753228725829756,0.0699975697843048,0.0073642813017333,0,12.847400077360323,0.0,0.0,-61
2020-02-01,379.9,CES3133100001,331,Primary Metal,Primary_Metal,0.0053253027986708,0.0753228725829756,0.0699975697843048,0.0073642813017333,0,12.847663339175718,0.0,0.0,-60
2020-03-01,379.4,CES3133100001,331,Primary Metal,Primary_Metal,0.0053253027986708,0.0753228725829756,0.0699975697843048,0.0073642813017333,0,12.846346336483052,0.0,0.0,-59
2020-04-01,349.4,CES3133100001,331,Primary Metal,Primary_Metal,0.0053253027986708,0.0753228725829756,0.0699975697843048,0.0073642813017333,0,12.763972676682092,0.0,0.0,-58
2020-05-01,340.3,CES3133100001,331,Primary Metal,Primary_Metal,0.0053253027986708,0.0753228725829756,0.0699975697843048,0.0073642813017333,0,12.737582860488997,0.0,0.0,-57
2020-06-01,345.3,CES3133100001,331,Primary Metal,Primary_Metal,0.0053253027986708,0.0753228725829756,0.0699975697843048,0.0073642813017333,0,12.752168883378083,0.0,0.0,-56
2020-07-01,343.5,CES3133100001,331,Primary Metal,Primary_Metal,0.0053253027986708,0.0753228725829756,0.0699975697843048,0.0073642813017333,0,12.746942390644541,0.0,0.0,-55
2020-08-01,343.6,CES3133100001,331,Primary Metal,Primary_Metal,0.0053253027986708,0.0753228725829756,0.0699975697843048,0.0073642813017333,0,12.747233469092237,0.0,0.0,-54
2020-09-01,342.5,CES3133100001,331,Primary Metal,Primary_Metal,0.0053253027986708,0.0753228725829756,0.0699975697843048,0.0073642813017333,0,12.744026936684417,0.0,0.0,-53
2020-10-01,344.4,CES3133100001,331,Primary Metal,Primary_Metal,0.0053253027986708,0.0753228725829756,0.0699975697843048,0.0073642813017333,0,12.749559051535712,0.0,0.0,-52
2020-11-01,346.0,CES3133100001,331,Primary Metal,Primary_Metal,0.0053253027986708,0.0753228725829756,0.0699975697843048,0.0073642813017333,0,12.75419405403986,0.0,0.0,-51
2020-12-01,345.0,CES3133100001,331,Primary Metal,Primary_Metal,0.0053253027986708,0.0753228725829756,0.0699975697843048,0.0073642813017333,0,12.751299696013497,0.0,0.0,-50
2021-01-01,344.8,CES3133100001,331,Primary Metal,Primary_Metal,0.0053253027986708,0.0753228725829756,0.0699975697843048,0.0073642813017333,0,12.750719817771675,0.0,0.0,-49
2021-02-01,343.8,CES3133100001,331,Primary Metal,Primary_Metal,0.0053253027986708,0.0753228725829756,0.0699975697843048,0.0073642813017333,0,12.747815371930885,0.0,0.0,-48
2021-03-01,346.2,CES3133100001,331,Primary Metal,Primary_Metal,0.0053253027986708,0.0753228725829756,0.0699975697843048,0.0073642813017333,0,12.754771921724245,0.0,0.0,-47
2021-04-01,348.0,CES3133100001,331,Primary Metal,Primary_Metal,0.0053253027986708,0.0753228725829756,0.0699975697843048,0.0073642813017333,0,12.759957758756611,0.0,0.0,-46
2021-05-01,348.7,CES3133100001,331,Primary Metal,Primary_Metal,0.0053253027986708,0.0753228725829756,0.0699975697843048,0.0073642813017333,0,12.761967232663743,0.0,0.0,-45
2021-06-01,350.8,CES3133100001,331,Primary Metal,Primary_Metal,0.0053253027986708,0.0753228725829756,0.0699975697843048,0.0073642813017333,0,12.767971539480165,0.0,0.0,-44
2021-07-01,353.0,CES3133100001,331,Primary Metal,Primary_Metal,0.0053253027986708,0.0753228725829756,0.0699975697843048,0.0073642813017333,0,12.774223335915433,0.0,0.0,-43
2021-08-01,352.3,CES3133100001,331,Primary Metal,Primary_Metal,0.0053253027986708,0.0753228725829756,0.0699975697843048,0.0073642813017333,0,12.77223836432933,0.0,0.0,-42
2021-09-01,352.4,CES3133100001,331,Primary Metal,Primary_Metal,0.0053253027986708,0.0753228725829756,0.0699975697843048,0.0073642813017333,0,12.77252217304416,0.0,0.0,-41
2021-10-01,353.0,CES3133100001,331,Primary Metal,Primary_Metal,0.0053253027986708,0.0753228725829756,0.0699975697843048,0.0073642813017333,0,12.774223335915433,0.0,0.0,-40
2021-11-01,355.5,CES3133100001,331,Primary Metal,Primary_Metal,0.0053253027986708,0.0753228725829756,0.0699975697843048,0.0073642813017333,0,12.781280528225432,0.0,0.0,-39
2021-12-01,356.8,CES3133100001,331,Primary Metal,Primary_Metal,0.0053253027986708,0.0753228725829756,0.0699975697843048,0.0073642813017333,0,12.784930679687992,0.0,0.0,-38
2022-01-01,358.7,CES3133100001,331,Primary Metal,Primary_Metal,0.0053253027986708,0.0753228725829756,0.0699975697843048,0.0073642813017333,0,12.790241663520375,0.0,0.0,-37
2022-02-01,361.2,CES3133100001,331,Primary Metal,Primary_Metal,0.0053253027986708,0.0753228725829756,0.0699975697843048,0.0073642813017333,0,12.797187100524967,0.0,0.0,-36
2022-03-01,360.3,CES3133100001,331,Primary Metal,Primary_Metal,0.0053253027986708,0.0753228725829756,0.0699975697843048,0.0073642813017333,0,12.794692296736185,0.0,0.0,-35
2022-04-01,361.0,CES3133100001,331,Primary Metal,Primary_Metal,0.0053253027986708,0.0753228725829756,0.0699975697843048,0.0073642813017333,0,12.796633237315017,0.0,0.0,-34
2022-05-01,361.9,CES3133100001,331,Primary Metal,Primary_Metal,0.0053253027986708,0.0753228725829756,0.0699975697843048,0.0073642813017333,0,12.799123209551833,0.0,0.0,-33
2022-06-01,362.1,CES3133100001,331,Primary Metal,Primary_Metal,0.0053253027986708,0.0753228725829756,0.0699975697843048,0.0073642813017333,0,12.799675695753733,0.0,0.0,-32
2022-07-01,363.6,CES3133100001,331,Primary Metal,Primary_Metal,0.0053253027986708,0.0753228725829756,0.0699975697843048,0.0073642813017333,0,12.803809641285461,0.0,0.0,-31
2022-08-01,365.2,CES3133100001,331,Primary Metal,Primary_Metal,0.0053253027986708,0.0753228725829756,0.0699975697843048,0.0073642813017333,0,12.80820042770295,0.0,0.0,-30
2022-09-01,368.4,CES3133100001,331,Primary Metal,Primary_Metal,0.0053253027986708,0.0753228725829756,0.0699975697843048,0.0073642813017333,0,12.816924583363289,0.0,0.0,-29
2022-10-01,369.9,CES3133100001,331,Primary Metal,Primary_Metal,0.0053253027986708,0.0753228725829756,0.0699975697843048,0.0073642813017333,0,12.820987977820545,0.0,0.0,-28
2022-11-01,370.4,CES3133100001,331,Primary Metal,Primary_Metal,0.0053253027986708,0.0753228725829756,0.0699975697843048,0.0073642813017333,0,12.822338781754162,0.0,0.0,-27
2022-12-01,371.7,CES3133100001,331,Primary Metal,Primary_Metal,0.0053253027986708,0.0753228725829756,0.0699975697843048,0.0073642813017333,0,12.825842356285344,0.0,0.0,-26
2023-01-01,371.3,CES3133100001,331,Primary Metal,Primary_Metal,0.0053253027986708,0.0753228725829756,0.0699975697843048,0.0073642813017333,0,12.824765640165172,0.0,0.0,-25
2023-02-01,371.8,CES3133100001,331,Primary Metal,Primary_Metal,0.0053253027986708,0.0753228725829756,0.0699975697843048,0.0073642813017333,0,12.82611135426948,0.0,0.0,-24
2023-03-01,373.7,CES3133100001,331,Primary Metal,Primary_Metal,0.0053253027986708,0.0753228725829756,0.0699975697843048,0.0073642813017333,0,12.831208615473574,0.0,0.0,-23
2023-04-01,372.8,CES3133100001,331,Primary Metal,Primary_Metal,0.0053253027986708,0.0753228725829756,0.0699975697843048,0.0073642813017333,0,12.828797361793573,0.0,0.0,-22
2023-05-01,373.9,CES3133100001,331,Primary Metal,Primary_Metal,0.0053253027986708,0.0753228725829756,0.0699975697843048,0.0073642813017333,0,12.831743660965206,0.0,0.0,-21
2023-06-01,375.4,CES3133100001,331,Primary Metal,Primary_Metal,0.0053253027986708,0.0753228725829756,0.0699975697843048,0.0073642813017333,0,12.835747403134546,0.0,0.0,-20
2023-07-01,376.7,CES3133100001,331,Primary Metal,Primary_Metal,0.0053253027986708,0.0753228725829756,0.0699975697843048,0.0073642813017333,0,12.839204393680133,0.0,0.0,-19
2023-08-01,377.2,CES3133100001,331,Primary Metal,Primary_Metal,0.0053253027986708,0.0753228725829756,0.0699975697843048,0.0073642813017333,0,12.84053082974144,0.0,0.0,-18
2023-09-01,376.3,CES3133100001,331,Primary Metal,Primary_Metal,0.0053253027986708,0.0753228725829756,0.0699975697843048,0.0073642813017333,0,12.838141976581529,0.0,0.0,-17
2023-10-01,375.6,CES3133100001,331,Primary Metal,Primary_Metal,0.0053253027986708,0.0753228725829756,0.0699975697843048,0.0073642813017333,0,12.836280026316246,0.0,0.0,-16
2023-11-01,373.6,CES3133100001,331,Primary Metal,Primary_Metal,0.0053253027986708,0.0753228725829756,0.0699975697843048,0.0073642813017333,0,12.830940985336825,0.0,0.0,-15
2023-12-01,374.4,CES3133100001,331,Primary Metal,Primary_Metal,0.0053253027986708,0.0753228725829756,0.0699975697843048,0.0073642813017333,0,12.833080023585573,0.0,0.0,-14
2024-01-01,373.7,CES3133100001,331,Primary Metal,Primary_Metal,0.0053253027986708,0.0753228725829756,0.0699975697843048,0.0073642813017333,0,12.831208615473574,0.0,0.0,-13
2024-02-01,372.8,CES3133100001,331,Primary Metal,Primary_Metal,0.0053253027986708,0.0753228725829756,0.0699975697843048,0.0073642813017333,0,12.828797361793573,0.0,0.0,-12
2024-03-01,371.6,CES3133100001,331,Primary Metal,Primary_Metal,0.0053253027986708,0.0753228725829756,0.0699975697843048,0.0073642813017333,0,12.82557328592182,0.0,0.0,-11
2024-04-01,373.9,CES3133100001,331,Primary Metal,Primary_Metal,0.0053253027986708,0.0753228725829756,0.0699975697843048,0.0073642813017333,0,12.831743660965206,0.0,0.0,-10
2024-05-01,371.9,CES3133100001,331,Primary Metal,Primary_Metal,0.0053253027986708,0.0753228725829756,0.0699975697843048,0.0073642813017333,0,12.826380279913161,0.0,0.0,-9
2024-06-01,371.5,CES3133100001,331,Primary Metal,Primary_Metal,0.0053253027986708,0.0753228725829756,0.0699975697843048,0.0073642813017333,0,12.82530414313995,0.0,0.0,-8
2024-07-01,369.5,CES3133100001,331,Primary Metal,Primary_Metal,0.0053253027986708,0.0753228725829756,0.0699975697843048,0.0073642813017333,0,12.819906019370393,0.0,0.0,-7
2024-08-01,368.8,CES3133100001,331,Primary Metal,Primary_Metal,0.0053253027986708,0.0753228725829756,0.0699975697843048,0.0073642813017333,0,12.818009770664576,0.0,0.0,-6
2024-09-01,366.9,CES3133100001,331,Primary Metal,Primary_Metal,0.0053253027986708,0.0753228725829756,0.0699975697843048,0.0073642813017333,0,12.812844610343374,0.0,0.0,-5
2024-10-01,366.0,CES3133100001,331,Primary Metal,Primary_Metal,0.0053253027986708,0.0753228725829756,0.0699975697843048,0.0073642813017333,0,12.810388612383504,0.0,0.0,-4
2024-11-01,365.0,CES3133100001,331,Primary Metal,Primary_Metal,0.0053253027986708,0.0753228725829756,0.0699975697843048,0.0073642813017333,0,12.80765263256463,0.0,0.0,-3
2024-12-01,364.0,CES3133100001,331,Primary Metal,Primary_Metal,0.0053253027986708,0.0753228725829756,0.0699975697843048,0.0073642813017333,0,12.804909146618877,0.0,0.0,-2
2025-01-01,363.9,CES3133100001,331,Primary Metal,Primary_Metal,0.0053253027986708,0.0753228725829756,0.0699975697843048,0.0073642813017333,0,12.80463438360025,0.0,0.0,-1
2025-02-01,365.1,CES3133100001,331,Primary Metal,Primary_Metal,0.0053253027986708,0.0753228725829756,0.0699975697843048,0.0073642813017333,1,12.807926567643728,0.0699975697843048,0.0073642813017333,0
2025-03-01,364.8,CES3133100001,331,Primary Metal,Primary_Metal,0.0053253027986708,0.0753228725829756,0.0699975697843048,0.0073642813017333,1,12.807104537182314,0.0699975697843048,0.0073642813017333,1
2025-04-01,364.6,CES3133100001,331,Primary Metal,Primary_Metal,0.0053253027986708,0.0753228725829756,0.0699975697843048,0.0073642813017333,1,12.8065561412267,0.0699975697843048,0.0073642813017333,2
2025-05-01,364.7,CES3133100001,331,Primary Metal,Primary_Metal,0.0053253027986708,0.0753228725829756,0.0699975697843048,0.0073642813017333,1,12.806830376796771,0.0699975697843048,0.0073642813017333,3
2025-06-01,363.8,CES3133100001,331,Primary Metal,Primary_Metal,0.0053253027986708,0.0753228725829756,0.0699975697843048,0.0073642813017333,1,12.80435954506616,0.0699975697843048,0.0073642813017333,4
2025-07-01,364.6,CES3133100001,331,Primary Metal,Primary_Metal,0.0053253027986708,0.0753228725829756,0.0699975697843048,0.0073642813017333,1,12.8065561412267,0.0699975697843048,0.0073642813017333,5
2025-08-01,363.3,CES3133100001,331,Primary Metal,Primary_Metal,0.0053253027986708,0.0753228725829756,0.0699975697843048,0.0073642813017333,1,12.802984218209293,0.0699975697843048,0.0073642813017333,6
2025-09-01,363.4,CES3133100001,331,Primary Metal,Primary_Metal,0.0053253027986708,0.0753228725829756,0.0699975697843048,0.0073642813017333,1,12.803259434944207,0.0699975697843048,0.0073642813017333,7
2025-10-01,362.6,CES3133100001,331,Primary Metal,Primary_Metal,0.0053253027986708,0.0753228725829756,0.0699975697843048,0.0073642813017333,1,12.801055577302888,0.0699975697843048,0.0073642813017333,8
2025-11-01,362.7,CES3133100001,331,Primary Metal,Primary_Metal,0.0053253027986708,0.0753228725829756,0.0699975697843048,0.0073642813017333,1,12.801331325270993,0.0699975697843048,0.0073642813017333,9
2025-12-01,363.3,CES3133100001,331,Primary Metal,Primary_Metal,0.0053253027986708,0.0753228725829756,0.0699975697843048,0.0073642813017333,1,12.802984218209293,0.0699975697843048,0.0073642813017333,10
2026-01-01,364.2,CES3133100001,331,Primary Metal,Primary_Metal,0.0053253027986708,0.0753228725829756,0.0699975697843048,0.0073642813017333,1,12.805458446275644,0.0699975697843048,0.0073642813017333,11
2026-02-01,363.7,CES3133100001,331,Primary Metal,Primary_Metal,0.0053253027986708,0.0753228725829756,0.0699975697843048,0.0073642813017333,1,12.80408463097508,0.0699975697843048,0.0073642813017333,12
2026-03-01,362.6,CES3133100001,331,Primary Metal,Primary_Metal,0.0053253027986708,0.0753228725829756,0.0699975697843048,0.0073642813017333,1,12.801055577302888,0.0699975697843048,0.0073642813017333,13
2015-01-01,449.2,CES3232300001,323,Printing,Printing,0.020697608015377,0.0639750051250087,0.0432773971096317,0.3997992926863652,0,13.015223501846425,0.0,0.0,-121
2015-02-01,451.1,CES3232300001,323,Printing,Printing,0.020697608015377,0.0639750051250087,0.0432773971096317,0.3997992926863652,0,13.019444323396486,0.0,0.0,-120
2015-03-01,450.8,CES3232300001,323,Printing,Printing,0.020697608015377,0.0639750051250087,0.0432773971096317,0.3997992926863652,0,13.018779061147757,0.0,0.0,-119
2015-04-01,451.6,CES3232300001,323,Printing,Printing,0.020697608015377,0.0639750051250087,0.0432773971096317,0.3997992926863652,0,13.020552111257643,0.0,0.0,-118
2015-05-01,450.0,CES3232300001,323,Printing,Printing,0.020697608015377,0.0639750051250087,0.0432773971096317,0.3997992926863652,0,13.017002861746503,0.0,0.0,-117
2015-06-01,448.4,CES3232300001,323,Printing,Printing,0.020697608015377,0.0639750051250087,0.0432773971096317,0.3997992926863652,0,13.013440970180142,0.0,0.0,-116
2015-07-01,448.6,CES3232300001,323,Printing,Printing,0.020697608015377,0.0639750051250087,0.0432773971096317,0.3997992926863652,0,13.013886901068245,0.0,0.0,-115
2015-08-01,449.2,CES3232300001,323,Printing,Printing,0.020697608015377,0.0639750051250087,0.0432773971096317,0.3997992926863652,0,13.015223501846425,0.0,0.0,-114
2015-09-01,448.8,CES3232300001,323,Printing,Printing,0.020697608015377,0.0639750051250087,0.0432773971096317,0.3997992926863652,0,13.014332633190623,0.0,0.0,-113
2015-10-01,450.6,CES3232300001,323,Printing,Printing,0.020697608015377,0.0639750051250087,0.0432773971096317,0.3997992926863652,0,13.018335306980282,0.0,0.0,-112
2015-11-01,452.0,CES3232300001,323,Printing,Printing,0.020697608015377,0.0639750051250087,0.0432773971096317,0.3997992926863652,0,13.021437458814368,0.0,0.0,-111
2015-12-01,452.1,CES3232300001,323,Printing,Printing,0.020697608015377,0.0639750051250087,0.0432773971096317,0.3997992926863652,0,13.021658673282696,0.0,0.0,-110
2016-01-01,451.9,CES3232300001,323,Printing,Printing,0.020697608015377,0.0639750051250087,0.0432773971096317,0.3997992926863652,0,13.02121619539937,0.0,0.0,-109
2016-02-01,450.2,CES3232300001,323,Printing,Printing,0.020697608015377,0.0639750051250087,0.0432773971096317,0.3997992926863652,0,13.017447207454769,0.0,0.0,-108
2016-03-01,449.6,CES3232300001,323,Printing,Printing,0.020697608015377,0.0639750051250087,0.0432773971096317,0.3997992926863652,0,13.016113577561619,0.0,0.0,-107
2016-04-01,449.9,CES3232300001,323,Printing,Printing,0.020697608015377,0.0639750051250087,0.0432773971096317,0.3997992926863652,0,13.016780614829264,0.0,0.0,-106
2016-05-01,449.3,CES3232300001,323,Printing,Printing,0.020697608015377,0.0639750051250087,0.0432773971096317,0.3997992926863652,0,13.015446095058252,0.0,0.0,-105
2016-06-01,448.4,CES3232300001,323,Printing,Printing,0.020697608015377,0.0639750051250087,0.0432773971096317,0.3997992926863652,0,13.013440970180142,0.0,0.0,-104
2016-07-01,447.0,CES3232300001,323,Printing,Printing,0.020697608015377,0.0639750051250087,0.0432773971096317,0.3997992926863652,0,13.010313873595706,0.0,0.0,-103
2016-08-01,445.6,CES3232300001,323,Printing,Printing,0.020697608015377,0.0639750051250087,0.0432773971096317,0.3997992926863652,0,13.00717696759521,0.0,0.0,-102
2016-09-01,445.3,CES3232300001,323,Printing,Printing,0.020697608015377,0.0639750051250087,0.0432773971096317,0.3997992926863652,0,13.006503491309793,0.0,0.0,-101
2016-10-01,444.6,CES3232300001,323,Printing,Printing,0.020697608015377,0.0639750051250087,0.0432773971096317,0.3997992926863652,0,13.004930280512234,0.0,0.0,-100
2016-11-01,443.9,CES3232300001,323,Printing,Printing,0.020697608015377,0.0639750051250087,0.0432773971096317,0.3997992926863652,0,13.003354590822127,0.0,0.0,-99
2016-12-01,444.3,CES3232300001,323,Printing,Printing,0.020697608015377,0.0639750051250087,0.0432773971096317,0.3997992926863652,0,13.004255288924,0.0,0.0,-98
2017-01-01,443.7,CES3232300001,323,Printing,Printing,0.020697608015377,0.0639750051250087,0.0432773971096317,0.3997992926863652,0,13.002903937367002,0.0,0.0,-97
2017-02-01,443.3,CES3232300001,323,Printing,Printing,0.020697608015377,0.0639750051250087,0.0432773971096317,0.3997992926863652,0,13.002002020733144,0.0,0.0,-96
2017-03-01,443.3,CES3232300001,323,Printing,Printing,0.020697608015377,0.0639750051250087,0.0432773971096317,0.3997992926863652,0,13.002002020733144,0.0,0.0,-95
2017-04-01,441.9,CES3232300001,323,Printing,Printing,0.020697608015377,0.0639750051250087,0.0432773971096317,0.3997992926863652,0,12.998838891118831,0.0,0.0,-94
2017-05-01,440.1,CES3232300001,323,Printing,Printing,0.020697608015377,0.0639750051250087,0.0432773971096317,0.3997992926863652,0,12.994757252799182,0.0,0.0,-93
2017-06-01,441.1,CES3232300001,323,Printing,Printing,0.020697608015377,0.0639750051250087,0.0432773971096317,0.3997992926863652,0,12.997026886093032,0.0,0.0,-92
2017-07-01,441.2,CES3232300001,323,Printing,Printing,0.020697608015377,0.0639750051250087,0.0432773971096317,0.3997992926863652,0,12.997253566361485,0.0,0.0,-91
2017-08-01,440.8,CES3232300001,323,Printing,Printing,0.020697608015377,0.0639750051250087,0.0432773971096317,0.3997992926863652,0,12.996346536820841,0.0,0.0,-90
2017-09-01,437.1,CES3232300001,323,Printing,Printing,0.020697608015377,0.0639750051250087,0.0432773971096317,0.3997992926863652,0,12.987917280851406,0.0,0.0,-89
2017-10-01,437.8,CES3232300001,323,Printing,Printing,0.020697608015377,0.0639750051250087,0.0432773971096317,0.3997992926863652,0,12.9895174640709,0.0,0.0,-88
2017-11-01,436.3,CES3232300001,323,Printing,Printing,0.020697608015377,0.0639750051250087,0.0432773971096317,0.3997992926863652,0,12.986085359111701,0.0,0.0,-87
2017-12-01,435.4,CES3232300001,323,Printing,Printing,0.020697608015377,0.0639750051250087,0.0432773971096317,0.3997992926863652,0,12.984020427782584,0.0,0.0,-86
2018-01-01,434.0,CES3232300001,323,Printing,Printing,0.020697608015377,0.0639750051250087,0.0432773971096317,0.3997992926863652,0,12.980799813082541,0.0,0.0,-85
2018-02-01,435.8,CES3232300001,323,Printing,Printing,0.020697608015377,0.0639750051250087,0.0432773971096317,0.3997992926863652,0,12.984938701492657,0.0,0.0,-84
2018-03-01,433.9,CES3232300001,323,Printing,Printing,0.020697608015377,0.0639750051250087,0.0432773971096317,0.3997992926863652,0,12.980569371786443,0.0,0.0,-83
2018-04-01,432.5,CES3232300001,323,Printing,Printing,0.020697608015377,0.0639750051250087,0.0432773971096317,0.3997992926863652,0,12.977337605354071,0.0,0.0,-82
2018-05-01,432.6,CES3232300001,323,Printing,Printing,0.020697608015377,0.0639750051250087,0.0432773971096317,0.3997992926863652,0,12.977568792501096,0.0,0.0,-81
2018-06-01,432.3,CES3232300001,323,Printing,Printing,0.020697608015377,0.0639750051250087,0.0432773971096317,0.3997992926863652,0,12.976875070655723,0.0,0.0,-80
2018-07-01,432.2,CES3232300001,323,Printing,Printing,0.020697608015377,0.0639750051250087,0.0432773971096317,0.3997992926863652,0,12.976643723054922,0.0,0.0,-79
2018-08-01,431.7,CES3232300001,323,Printing,Printing,0.020697608015377,0.0639750051250087,0.0432773971096317,0.3997992926863652,0,12.97548618154357,0.0,0.0,-78
2018-09-01,431.8,CES3232300001,323,Printing,Printing,0.020697608015377,0.0639750051250087,0.0432773971096317,0.3997992926863652,0,12.975717797062844,0.0,0.0,-77
2018-10-01,430.9,CES3232300001,323,Printing,Printing,0.020697608015377,0.0639750051250087,0.0432773971096317,0.3997992926863652,0,12.973631323603929,0.0,0.0,-76
2018-11-01,430.2,CES3232300001,323,Printing,Printing,0.020697608015377,0.0639750051250087,0.0432773971096317,0.3997992926863652,0,12.972005495815766,0.0,0.0,-75
2018-12-01,428.9,CES3232300001,323,Printing,Printing,0.020697608015377,0.0639750051250087,0.0432773971096317,0.3997992926863652,0,12.968979070504972,0.0,0.0,-74
2019-01-01,428.6,CES3232300001,323,Printing,Printing,0.020697608015377,0.0639750051250087,0.0432773971096317,0.3997992926863652,0,12.968279362021613,0.0,0.0,-73
2019-02-01,427.7,CES3232300001,323,Printing,Printing,0.020697608015377,0.0639750051250087,0.0432773971096317,0.3997992926863652,0,12.966177294215,0.0,0.0,-72
2019-03-01,426.7,CES3232300001,323,Printing,Printing,0.020697608015377,0.0639750051250087,0.0432773971096317,0.3997992926863652,0,12.96383646917609,0.0,0.0,-71
2019-04-01,425.5,CES3232300001,323,Printing,Printing,0.020697608015377,0.0639750051250087,0.0432773971096317,0.3997992926863652,0,12.961020226995565,0.0,0.0,-70
2019-05-01,425.5,CES3232300001,323,Printing,Printing,0.020697608015377,0.0639750051250087,0.0432773971096317,0.3997992926863652,0,12.961020226995565,0.0,0.0,-69
2019-06-01,426.0,CES3232300001,323,Printing,Printing,0.020697608015377,0.0639750051250087,0.0432773971096317,0.3997992926863652,0,12.962194625251508,0.0,0.0,-68
2019-07-01,425.5,CES3232300001,323,Printing,Printing,0.020697608015377,0.0639750051250087,0.0432773971096317,0.3997992926863652,0,12.961020226995565,0.0,0.0,-67
2019-08-01,425.3,CES3232300001,323,Printing,Printing,0.020697608015377,0.0639750051250087,0.0432773971096317,0.3997992926863652,0,12.960550081241724,0.0,0.0,-66
2019-09-01,424.8,CES3232300001,323,Printing,Printing,0.020697608015377,0.0639750051250087,0.0432773971096317,0.3997992926863652,0,12.959373748909867,0.0,0.0,-65
2019-10-01,423.0,CES3232300001,323,Printing,Printing,0.020697608015377,0.0639750051250087,0.0432773971096317,0.3997992926863652,0,12.955127458028414,0.0,0.0,-64
2019-11-01,422.3,CES3232300001,323,Printing,Printing,0.020697608015377,0.0639750051250087,0.0432773971096317,0.3997992926863652,0,12.953471240922035,0.0,0.0,-63
2019-12-01,420.5,CES3232300001,323,Printing,Printing,0.020697608015377,0.0639750051250087,0.0432773971096317,0.3997992926863652,0,12.94919975839514,0.0,0.0,-62
2020-01-01,420.4,CES3232300001,323,Printing,Printing,0.020697608015377,0.0639750051250087,0.0432773971096317,0.3997992926863652,0,12.948961917984933,0.0,0.0,-61
2020-02-01,419.3,CES3232300001,323,Printing,Printing,0.020697608015377,0.0639750051250087,0.0432773971096317,0.3997992926863652,0,12.946341933158854,0.0,0.0,-60
2020-03-01,414.7,CES3232300001,323,Printing,Printing,0.020697608015377,0.0639750051250087,0.0432773971096317,0.3997992926863652,0,12.935310646234473,0.0,0.0,-59
2020-04-01,341.0,CES3232300001,323,Printing,Printing,0.020697608015377,0.0639750051250087,0.0432773971096317,0.3997992926863652,0,12.739637756265655,0.0,0.0,-58
2020-05-01,360.6,CES3232300001,323,Printing,Printing,0.020697608015377,0.0639750051250087,0.0432773971096317,0.3997992926863652,0,12.795524589751354,0.0,0.0,-57
2020-06-01,363.7,CES3232300001,323,Printing,Printing,0.020697608015377,0.0639750051250087,0.0432773971096317,0.3997992926863652,0,12.80408463097508,0.0,0.0,-56
2020-07-01,364.4,CES3232300001,323,Printing,Printing,0.020697608015377,0.0639750051250087,0.0432773971096317,0.3997992926863652,0,12.80600744436794,0.0,0.0,-55
2020-08-01,361.1,CES3232300001,323,Printing,Printing,0.020697608015377,0.0639750051250087,0.0432773971096317,0.3997992926863652,0,12.79691020726555,0.0,0.0,-54
2020-09-01,363.1,CES3232300001,323,Printing,Printing,0.020697608015377,0.0639750051250087,0.0432773971096317,0.3997992926863652,0,12.802433557402427,0.0,0.0,-53
2020-10-01,364.0,CES3232300001,323,Printing,Printing,0.020697608015377,0.0639750051250087,0.0432773971096317,0.3997992926863652,0,12.804909146618877,0.0,0.0,-52
2020-11-01,364.3,CES3232300001,323,Printing,Printing,0.020697608015377,0.0639750051250087,0.0432773971096317,0.3997992926863652,0,12.805732982996656,0.0,0.0,-51
2020-12-01,366.8,CES3232300001,323,Printing,Printing,0.020697608015377,0.0639750051250087,0.0432773971096317,0.3997992926863652,0,12.812572019364447,0.0,0.0,-50
2021-01-01,365.0,CES3232300001,323,Printing,Printing,0.020697608015377,0.0639750051250087,0.0432773971096317,0.3997992926863652,0,12.80765263256463,0.0,0.0,-49
2021-02-01,362.9,CES3232300001,323,Printing,Printing,0.020697608015377,0.0639750051250087,0.0432773971096317,0.3997992926863652,0,12.801882593201162,0.0,0.0,-48
2021-03-01,364.9,CES3232300001,323,Printing,Printing,0.020697608015377,0.0639750051250087,0.0432773971096317,0.3997992926863652,0,12.807378622424539,0.0,0.0,-47
2021-04-01,364.8,CES3232300001,323,Printing,Printing,0.020697608015377,0.0639750051250087,0.0432773971096317,0.3997992926863652,0,12.807104537182314,0.0,0.0,-46
2021-05-01,367.1,CES3232300001,323,Printing,Printing,0.020697608015377,0.0639750051250087,0.0432773971096317,0.3997992926863652,0,12.813389569484926,0.0,0.0,-45
2021-06-01,366.2,CES3232300001,323,Printing,Printing,0.020697608015377,0.0639750051250087,0.0432773971096317,0.3997992926863652,0,12.810934911222548,0.0,0.0,-44
2021-07-01,367.1,CES3232300001,323,Printing,Printing,0.020697608015377,0.0639750051250087,0.0432773971096317,0.3997992926863652,0,12.813389569484926,0.0,0.0,-43
2021-08-01,367.9,CES3232300001,323,Printing,Printing,0.020697608015377,0.0639750051250087,0.0432773971096317,0.3997992926863652,0,12.815566441092866,0.0,0.0,-42
2021-09-01,374.1,CES3232300001,323,Printing,Printing,0.020697608015377,0.0639750051250087,0.0432773971096317,0.3997992926863652,0,12.832278420336237,0.0,0.0,-41
2021-10-01,374.0,CES3232300001,323,Printing,Printing,0.020697608015377,0.0639750051250087,0.0432773971096317,0.3997992926863652,0,12.832011076396668,0.0,0.0,-40
2021-11-01,376.3,CES3232300001,323,Printing,Printing,0.020697608015377,0.0639750051250087,0.0432773971096317,0.3997992926863652,0,12.838141976581529,0.0,0.0,-39
2021-12-01,377.0,CES3232300001,323,Printing,Printing,0.020697608015377,0.0639750051250087,0.0432773971096317,0.3997992926863652,0,12.840000466430148,0.0,0.0,-38
2022-01-01,376.3,CES3232300001,323,Printing,Printing,0.020697608015377,0.0639750051250087,0.0432773971096317,0.3997992926863652,0,12.838141976581529,0.0,0.0,-37
2022-02-01,376.5,CES3232300001,323,Printing,Printing,0.020697608015377,0.0639750051250087,0.0432773971096317,0.3997992926863652,0,12.838673326222086,0.0,0.0,-36
2022-03-01,376.1,CES3232300001,323,Printing,Printing,0.020697608015377,0.0639750051250087,0.0432773971096317,0.3997992926863652,0,12.837610344458428,0.0,0.0,-35
2022-04-01,381.1,CES3232300001,323,Printing,Printing,0.020697608015377,0.0639750051250087,0.0432773971096317,0.3997992926863652,0,12.850817086861952,0.0,0.0,-34
2022-05-01,380.5,CES3232300001,323,Printing,Printing,0.020697608015377,0.0639750051250087,0.0432773971096317,0.3997992926863652,0,12.849241456283877,0.0,0.0,-33
2022-06-01,381.0,CES3232300001,323,Printing,Printing,0.020697608015377,0.0639750051250087,0.0432773971096317,0.3997992926863652,0,12.850554654108839,0.0,0.0,-32
2022-07-01,380.9,CES3232300001,323,Printing,Printing,0.020697608015377,0.0639750051250087,0.0432773971096317,0.3997992926863652,0,12.850292152466695,0.0,0.0,-31
2022-08-01,380.1,CES3232300001,323,Printing,Printing,0.020697608015377,0.0639750051250087,0.0432773971096317,0.3997992926863652,0,12.84818965497734,0.0,0.0,-30
2022-09-01,379.1,CES3232300001,323,Printing,Printing,0.020697608015377,0.0639750051250087,0.0432773971096317,0.3997992926863652,0,12.845555301504426,0.0,0.0,-29
2022-10-01,378.1,CES3232300001,323,Printing,Printing,0.020697608015377,0.0639750051250087,0.0432773971096317,0.3997992926863652,0,12.842913989879024,0.0,0.0,-28
2022-11-01,377.8,CES3232300001,323,Printing,Printing,0.020697608015377,0.0639750051250087,0.0432773971096317,0.3997992926863652,0,12.842120234049546,0.0,0.0,-27
2022-12-01,377.0,CES3232300001,323,Printing,Printing,0.020697608015377,0.0639750051250087,0.0432773971096317,0.3997992926863652,0,12.840000466430148,0.0,0.0,-26
2023-01-01,375.8,CES3232300001,323,Printing,Printing,0.020697608015377,0.0639750051250087,0.0432773971096317,0.3997992926863652,0,12.836812365961501,0.0,0.0,-25
2023-02-01,375.4,CES3232300001,323,Printing,Printing,0.020697608015377,0.0639750051250087,0.0432773971096317,0.3997992926863652,0,12.835747403134546,0.0,0.0,-24
2023-03-01,374.6,CES3232300001,323,Printing,Printing,0.020697608015377,0.0639750051250087,0.0432773971096317,0.3997992926863652,0,12.833614068992125,0.0,0.0,-23
2023-04-01,373.3,CES3232300001,323,Printing,Printing,0.020697608015377,0.0639750051250087,0.0432773971096317,0.3997992926863652,0,12.830137664902676,0.0,0.0,-22
2023-05-01,370.6,CES3232300001,323,Printing,Printing,0.020697608015377,0.0639750051250087,0.0432773971096317,0.3997992926863652,0,12.822878592833396,0.0,0.0,-21
2023-06-01,368.4,CES3232300001,323,Printing,Printing,0.020697608015377,0.0639750051250087,0.0432773971096317,0.3997992926863652,0,12.816924583363289,0.0,0.0,-20
2023-07-01,367.2,CES3232300001,323,Printing,Printing,0.020697608015377,0.0639750051250087,0.0432773971096317,0.3997992926863652,0,12.813661937728472,0.0,0.0,-19
2023-08-01,365.7,CES3232300001,323,Printing,Printing,0.020697608015377,0.0639750051250087,0.0432773971096317,0.3997992926863652,0,12.809568604137473,0.0,0.0,-18
2023-09-01,364.7,CES3232300001,323,Printing,Printing,0.020697608015377,0.0639750051250087,0.0432773971096317,0.3997992926863652,0,12.806830376796771,0.0,0.0,-17
2023-10-01,364.0,CES3232300001,323,Printing,Printing,0.020697608015377,0.0639750051250087,0.0432773971096317,0.3997992926863652,0,12.804909146618877,0.0,0.0,-16
2023-11-01,362.0,CES3232300001,323,Printing,Printing,0.020697608015377,0.0639750051250087,0.0432773971096317,0.3997992926863652,0,12.799399490807907,0.0,0.0,-15
2023-12-01,361.1,CES3232300001,323,Printing,Printing,0.020697608015377,0.0639750051250087,0.0432773971096317,0.3997992926863652,0,12.79691020726555,0.0,0.0,-14
2024-01-01,362.7,CES3232300001,323,Printing,Printing,0.020697608015377,0.0639750051250087,0.0432773971096317,0.3997992926863652,0,12.801331325270993,0.0,0.0,-13
2024-02-01,359.8,CES3232300001,323,Printing,Printing,0.020697608015377,0.0639750051250087,0.0432773971096317,0.3997992926863652,0,12.79330360049857,0.0,0.0,-12
2024-03-01,359.2,CES3232300001,323,Printing,Printing,0.020697608015377,0.0639750051250087,0.0432773971096317,0.3997992926863652,0,12.791634615410182,0.0,0.0,-11
2024-04-01,359.1,CES3232300001,323,Printing,Printing,0.020697608015377,0.0639750051250087,0.0432773971096317,0.3997992926863652,0,12.791356180214175,0.0,0.0,-10
2024-05-01,357.5,CES3232300001,323,Printing,Printing,0.020697608015377,0.0639750051250087,0.0432773971096317,0.3997992926863652,0,12.7868906411162,0.0,0.0,-9
2024-06-01,355.3,CES3232300001,323,Printing,Printing,0.020697608015377,0.0639750051250087,0.0432773971096317,0.3997992926863652,0,12.780717782009118,0.0,0.0,-8
2024-07-01,353.9,CES3232300001,323,Printing,Printing,0.020697608015377,0.0639750051250087,0.0432773971096317,0.3997992926863652,0,12.776769666333555,0.0,0.0,-7
2024-08-01,352.9,CES3232300001,323,Printing,Printing,0.020697608015377,0.0639750051250087,0.0432773971096317,0.3997992926863652,0,12.773940009663361,0.0,0.0,-6
2024-09-01,351.9,CES3232300001,323,Printing,Printing,0.020697608015377,0.0639750051250087,0.0432773971096317,0.3997992926863652,0,12.771102323309677,0.0,0.0,-5
2024-10-01,351.5,CES3232300001,323,Printing,Printing,0.020697608015377,0.0639750051250087,0.0432773971096317,0.3997992926863652,0,12.769964990232857,0.0,0.0,-4
2024-11-01,350.7,CES3232300001,323,Printing,Printing,0.020697608015377,0.0639750051250087,0.0432773971096317,0.3997992926863652,0,12.767686436128269,0.0,0.0,-3
2024-12-01,349.7,CES3232300001,323,Printing,Printing,0.020697608015377,0.0639750051250087,0.0432773971096317,0.3997992926863652,0,12.764830923051468,0.0,0.0,-2
2025-01-01,349.1,CES3232300001,323,Printing,Printing,0.020697608015377,0.0639750051250087,0.0432773971096317,0.3997992926863652,0,12.763113693093127,0.0,0.0,-1
2025-02-01,348.5,CES3232300001,323,Printing,Printing,0.020697608015377,0.0639750051250087,0.0432773971096317,0.3997992926863652,1,12.761393509182716,0.0432773971096317,0.3997992926863652,0
2025-03-01,345.8,CES3232300001,323,Printing,Printing,0.020697608015377,0.0639750051250087,0.0432773971096317,0.3997992926863652,1,12.753615852231327,0.0432773971096317,0.3997992926863652,1
2025-04-01,345.1,CES3232300001,323,Printing,Printing,0.020697608015377,0.0639750051250087,0.0432773971096317,0.3997992926863652,1,12.751589509086095,0.0432773971096317,0.3997992926863652,2
2025-05-01,344.7,CES3232300001,323,Printing,Printing,0.020697608015377,0.0639750051250087,0.0432773971096317,0.3997992926863652,1,12.750429752504957,0.0432773971096317,0.3997992926863652,3
2025-06-01,345.2,CES3232300001,323,Printing,Printing,0.020697608015377,0.0639750051250087,0.0432773971096317,0.3997992926863652,1,12.75187923819141,0.0432773971096317,0.3997992926863652,4
2025-07-01,342.8,CES3232300001,323,Printing,Printing,0.020697608015377,0.0639750051250087,0.0432773971096317,0.3997992926863652,1,12.744902465705762,0.0432773971096317,0.3997992926863652,5
2025-08-01,342.0,CES3232300001,323,Printing,Printing,0.020697608015377,0.0639750051250087,0.0432773971096317,0.3997992926863652,1,12.742566016044742,0.0432773971096317,0.3997992926863652,6
2025-09-01,341.8,CES3232300001,323,Printing,Printing,0.020697608015377,0.0639750051250087,0.0432773971096317,0.3997992926863652,1,12.741981049663627,0.0432773971096317,0.3997992926863652,7
2025-10-01,339.6,CES3232300001,323,Printing,Printing,0.020697608015377,0.0639750051250087,0.0432773971096317,0.3997992926863652,1,12.73552373341933,0.0432773971096317,0.3997992926863652,8
2025-11-01,340.0,CES3232300001,323,Printing,Printing,0.020697608015377,0.0639750051250087,0.0432773971096317,0.3997992926863652,1,12.736700896592344,0.0432773971096317,0.3997992926863652,9
2025-12-01,340.5,CES3232300001,323,Printing,Printing,0.020697608015377,0.0639750051250087,0.0432773971096317,0.3997992926863652,1,12.738170404571704,0.0432773971096317,0.3997992926863652,10
2026-01-01,340.7,CES3232300001,323,Printing,Printing,0.020697608015377,0.0639750051250087,0.0432773971096317,0.3997992926863652,1,12.738757603649058,0.0432773971096317,0.3997992926863652,11
2026-02-01,340.8,CES3232300001,323,Printing,Printing,0.020697608015377,0.0639750051250087,0.0432773971096317,0.3997992926863652,1,12.739051073937297,0.0432773971096317,0.3997992926863652,12
2026-03-01,340.4,CES3232300001,323,Printing,Printing,0.020697608015377,0.0639750051250087,0.0432773971096317,0.3997992926863652,1,12.737876675681356,0.0432773971096317,0.3997992926863652,13
2015-01-01,117.1,CES3231300001,313,Textile Mills,Textile_Mills,0.067877930227733,0.1536844643759237,0.0858065341481907,0.2030936659688253,0,11.670783549585808,0.0,0.0,-121
2015-02-01,117.0,CES3231300001,313,Textile Mills,Textile_Mills,0.067877930227733,0.1536844643759237,0.0858065341481907,0.2030936659688253,0,11.669929213779893,0.0,0.0,-120
2015-03-01,117.0,CES3231300001,313,Textile Mills,Textile_Mills,0.067877930227733,0.1536844643759237,0.0858065341481907,0.2030936659688253,0,11.669929213779893,0.0,0.0,-119
2015-04-01,117.1,CES3231300001,313,Textile Mills,Textile_Mills,0.067877930227733,0.1536844643759237,0.0858065341481907,0.2030936659688253,0,11.670783549585808,0.0,0.0,-118
2015-05-01,117.6,CES3231300001,313,Textile Mills,Textile_Mills,0.067877930227733,0.1536844643759237,0.0858065341481907,0.2030936659688253,0,11.675044314446664,0.0,0.0,-117
2015-06-01,117.0,CES3231300001,313,Textile Mills,Textile_Mills,0.067877930227733,0.1536844643759237,0.0858065341481907,0.2030936659688253,0,11.669929213779893,0.0,0.0,-116
2015-07-01,116.5,CES3231300001,313,Textile Mills,Textile_Mills,0.067877930227733,0.1536844643759237,0.0858065341481907,0.2030936659688253,0,11.665646551987892,0.0,0.0,-115
2015-08-01,116.1,CES3231300001,313,Textile Mills,Textile_Mills,0.067877930227733,0.1536844643759237,0.0858065341481907,0.2030936659688253,0,11.662207167685983,0.0,0.0,-114
2015-09-01,115.9,CES3231300001,313,Textile Mills,Textile_Mills,0.067877930227733,0.1536844643759237,0.0858065341481907,0.2030936659688253,0,11.660483029327843,0.0,0.0,-113
2015-10-01,116.0,CES3231300001,313,Textile Mills,Textile_Mills,0.067877930227733,0.1536844643759237,0.0858065341481907,0.2030936659688253,0,11.661345470088502,0.0,0.0,-112
2015-11-01,115.6,CES3231300001,313,Textile Mills,Textile_Mills,0.067877930227733,0.1536844643759237,0.0858065341481907,0.2030936659688253,0,11.657891235220415,0.0,0.0,-111
2015-12-01,115.5,CES3231300001,313,Textile Mills,Textile_Mills,0.067877930227733,0.1536844643759237,0.0858065341481907,0.2030936659688253,0,11.657025808943985,0.0,0.0,-110
2016-01-01,116.0,CES3231300001,313,Textile Mills,Textile_Mills,0.067877930227733,0.1536844643759237,0.0858065341481907,0.2030936659688253,0,11.661345470088502,0.0,0.0,-109
2016-02-01,115.0,CES3231300001,313,Textile Mills,Textile_Mills,0.067877930227733,0.1536844643759237,0.0858065341481907,0.2030936659688253,0,11.652687407345388,0.0,0.0,-108
2016-03-01,115.0,CES3231300001,313,Textile Mills,Textile_Mills,0.067877930227733,0.1536844643759237,0.0858065341481907,0.2030936659688253,0,11.652687407345388,0.0,0.0,-107
2016-04-01,114.8,CES3231300001,313,Textile Mills,Textile_Mills,0.067877930227733,0.1536844643759237,0.0858065341481907,0.2030936659688253,0,11.650946762867603,0.0,0.0,-106
2016-05-01,114.3,CES3231300001,313,Textile Mills,Textile_Mills,0.067877930227733,0.1536844643759237,0.0858065341481907,0.2030936659688253,0,11.646581849782901,0.0,0.0,-105
2016-06-01,114.5,CES3231300001,313,Textile Mills,Textile_Mills,0.067877930227733,0.1536844643759237,0.0858065341481907,0.2030936659688253,0,11.648330101976432,0.0,0.0,-104
2016-07-01,114.5,CES3231300001,313,Textile Mills,Textile_Mills,0.067877930227733,0.1536844643759237,0.0858065341481907,0.2030936659688253,0,11.648330101976432,0.0,0.0,-103
2016-08-01,114.0,CES3231300001,313,Textile Mills,Textile_Mills,0.067877930227733,0.1536844643759237,0.0858065341481907,0.2030936659688253,0,11.643953727376633,0.0,0.0,-102
2016-09-01,113.2,CES3231300001,313,Textile Mills,Textile_Mills,0.067877930227733,0.1536844643759237,0.0858065341481907,0.2030936659688253,0,11.63691144475122,0.0,0.0,-101
2016-10-01,113.4,CES3231300001,313,Textile Mills,Textile_Mills,0.067877930227733,0.1536844643759237,0.0858065341481907,0.2030936659688253,0,11.638676670275789,0.0,0.0,-100
2016-11-01,114.0,CES3231300001,313,Textile Mills,Textile_Mills,0.067877930227733,0.1536844643759237,0.0858065341481907,0.2030936659688253,0,11.643953727376633,0.0,0.0,-99
2016-12-01,114.1,CES3231300001,313,Textile Mills,Textile_Mills,0.067877930227733,0.1536844643759237,0.0858065341481907,0.2030936659688253,0,11.644830535850167,0.0,0.0,-98
2017-01-01,113.6,CES3231300001,313,Textile Mills,Textile_Mills,0.067877930227733,0.1536844643759237,0.0858065341481907,0.2030936659688253,0,11.640438785269188,0.0,0.0,-97
2017-02-01,113.3,CES3231300001,313,Textile Mills,Textile_Mills,0.067877930227733,0.1536844643759237,0.0858065341481907,0.2030936659688253,0,11.637794447016098,0.0,0.0,-96
2017-03-01,112.9,CES3231300001,313,Textile Mills,Textile_Mills,0.067877930227733,0.1536844643759237,0.0858065341481907,0.2030936659688253,0,11.634257750137753,0.0,0.0,-95
2017-04-01,111.9,CES3231300001,313,Textile Mills,Textile_Mills,0.067877930227733,0.1536844643759237,0.0858065341481907,0.2030936659688253,0,11.625360894300016,0.0,0.0,-94
2017-05-01,112.2,CES3231300001,313,Textile Mills,Textile_Mills,0.067877930227733,0.1536844643759237,0.0858065341481907,0.2030936659688253,0,11.628038272070732,0.0,0.0,-93
2017-06-01,111.8,CES3231300001,313,Textile Mills,Textile_Mills,0.067877930227733,0.1536844643759237,0.0858065341481907,0.2030936659688253,0,11.624466839703135,0.0,0.0,-92
2017-07-01,111.5,CES3231300001,313,Textile Mills,Textile_Mills,0.067877930227733,0.1536844643759237,0.0858065341481907,0.2030936659688253,0,11.62177986988231,0.0,0.0,-91
2017-08-01,112.0,CES3231300001,313,Textile Mills,Textile_Mills,0.067877930227733,0.1536844643759237,0.0858065341481907,0.2030936659688253,0,11.626254150277232,0.0,0.0,-90
2017-09-01,113.5,CES3231300001,313,Textile Mills,Textile_Mills,0.067877930227733,0.1536844643759237,0.0858065341481907,0.2030936659688253,0,11.639558115903595,0.0,0.0,-89
2017-10-01,113.0,CES3231300001,313,Textile Mills,Textile_Mills,0.067877930227733,0.1536844643759237,0.0858065341481907,0.2030936659688253,0,11.635143097694478,0.0,0.0,-88
2017-11-01,112.5,CES3231300001,313,Textile Mills,Textile_Mills,0.067877930227733,0.1536844643759237,0.0858065341481907,0.2030936659688253,0,11.630708500626612,0.0,0.0,-87
2017-12-01,112.4,CES3231300001,313,Textile Mills,Textile_Mills,0.067877930227733,0.1536844643759237,0.0858065341481907,0.2030936659688253,0,11.629819216441728,0.0,0.0,-86
2018-01-01,112.8,CES3231300001,313,Textile Mills,Textile_Mills,0.067877930227733,0.1536844643759237,0.0858065341481907,0.2030936659688253,0,11.633371618046096,0.0,0.0,-85
2018-02-01,112.5,CES3231300001,313,Textile Mills,Textile_Mills,0.067877930227733,0.1536844643759237,0.0858065341481907,0.2030936659688253,0,11.630708500626612,0.0,0.0,-84
2018-03-01,112.4,CES3231300001,313,Textile Mills,Textile_Mills,0.067877930227733,0.1536844643759237,0.0858065341481907,0.2030936659688253,0,11.629819216441728,0.0,0.0,-83
2018-04-01,112.2,CES3231300001,313,Textile Mills,Textile_Mills,0.067877930227733,0.1536844643759237,0.0858065341481907,0.2030936659688253,0,11.628038272070732,0.0,0.0,-82
2018-05-01,111.9,CES3231300001,313,Textile Mills,Textile_Mills,0.067877930227733,0.1536844643759237,0.0858065341481907,0.2030936659688253,0,11.625360894300016,0.0,0.0,-81
2018-06-01,111.7,CES3231300001,313,Textile Mills,Textile_Mills,0.067877930227733,0.1536844643759237,0.0858065341481907,0.2030936659688253,0,11.623571985057293,0.0,0.0,-80
2018-07-01,112.0,CES3231300001,313,Textile Mills,Textile_Mills,0.067877930227733,0.1536844643759237,0.0858065341481907,0.2030936659688253,0,11.626254150277232,0.0,0.0,-79
2018-08-01,112.0,CES3231300001,313,Textile Mills,Textile_Mills,0.067877930227733,0.1536844643759237,0.0858065341481907,0.2030936659688253,0,11.626254150277232,0.0,0.0,-78
2018-09-01,111.5,CES3231300001,313,Textile Mills,Textile_Mills,0.067877930227733,0.1536844643759237,0.0858065341481907,0.2030936659688253,0,11.62177986988231,0.0,0.0,-77
2018-10-01,110.2,CES3231300001,313,Textile Mills,Textile_Mills,0.067877930227733,0.1536844643759237,0.0858065341481907,0.2030936659688253,0,11.610052175700952,0.0,0.0,-76
2018-11-01,111.0,CES3231300001,313,Textile Mills,Textile_Mills,0.067877930227733,0.1536844643759237,0.0858065341481907,0.2030936659688253,0,11.617285480294472,0.0,0.0,-75
2018-12-01,110.7,CES3231300001,313,Textile Mills,Textile_Mills,0.067877930227733,0.1536844643759237,0.0858065341481907,0.2030936659688253,0,11.614579118696728,0.0,0.0,-74
2019-01-01,109.7,CES3231300001,313,Textile Mills,Textile_Mills,0.067877930227733,0.1536844643759237,0.0858065341481907,0.2030936659688253,0,11.605504646263322,0.0,0.0,-73
2019-02-01,109.7,CES3231300001,313,Textile Mills,Textile_Mills,0.067877930227733,0.1536844643759237,0.0858065341481907,0.2030936659688253,0,11.605504646263322,0.0,0.0,-72
2019-03-01,109.8,CES3231300001,313,Textile Mills,Textile_Mills,0.067877930227733,0.1536844643759237,0.0858065341481907,0.2030936659688253,0,11.606415808057568,0.0,0.0,-71
2019-04-01,110.2,CES3231300001,313,Textile Mills,Textile_Mills,0.067877930227733,0.1536844643759237,0.0858065341481907,0.2030936659688253,0,11.610052175700952,0.0,0.0,-70
2019-05-01,109.7,CES3231300001,313,Textile Mills,Textile_Mills,0.067877930227733,0.1536844643759237,0.0858065341481907,0.2030936659688253,0,11.605504646263322,0.0,0.0,-69
2019-06-01,108.9,CES3231300001,313,Textile Mills,Textile_Mills,0.067877930227733,0.1536844643759237,0.0858065341481907,0.2030936659688253,0,11.598185308921051,0.0,0.0,-68
2019-07-01,108.4,CES3231300001,313,Textile Mills,Textile_Mills,0.067877930227733,0.1536844643759237,0.0858065341481907,0.2030936659688253,0,11.593583367987684,0.0,0.0,-67
2019-08-01,107.8,CES3231300001,313,Textile Mills,Textile_Mills,0.067877930227733,0.1536844643759237,0.0858065341481907,0.2030936659688253,0,11.588032937457033,0.0,0.0,-66
2019-09-01,107.2,CES3231300001,313,Textile Mills,Textile_Mills,0.067877930227733,0.1536844643759237,0.0858065341481907,0.2030936659688253,0,11.582451527618838,0.0,0.0,-65
2019-10-01,106.7,CES3231300001,313,Textile Mills,Textile_Mills,0.067877930227733,0.1536844643759237,0.0858065341481907,0.2030936659688253,0,11.577776437289845,0.0,0.0,-64
2019-11-01,106.4,CES3231300001,313,Textile Mills,Textile_Mills,0.067877930227733,0.1536844643759237,0.0858065341481907,0.2030936659688253,0,11.574960855889682,0.0,0.0,-63
2019-12-01,105.7,CES3231300001,313,Textile Mills,Textile_Mills,0.067877930227733,0.1536844643759237,0.0858065341481907,0.2030936659688253,0,11.568360171858329,0.0,0.0,-62
2020-01-01,105.7,CES3231300001,313,Textile Mills,Textile_Mills,0.067877930227733,0.1536844643759237,0.0858065341481907,0.2030936659688253,0,11.568360171858329,0.0,0.0,-61
2020-02-01,106.2,CES3231300001,313,Textile Mills,Textile_Mills,0.067877930227733,0.1536844643759237,0.0858065341481907,0.2030936659688253,0,11.573079387789976,0.0,0.0,-60
2020-03-01,104.2,CES3231300001,313,Textile Mills,Textile_Mills,0.067877930227733,0.1536844643759237,0.0858065341481907,0.2030936659688253,0,11.554067408301403,0.0,0.0,-59
2020-04-01,85.3,CES3231300001,313,Textile Mills,Textile_Mills,0.067877930227733,0.1536844643759237,0.0858065341481907,0.2030936659688253,0,11.35392973347977,0.0,0.0,-58
2020-05-01,87.8,CES3231300001,313,Textile Mills,Textile_Mills,0.067877930227733,0.1536844643759237,0.0858065341481907,0.2030936659688253,0,11.382816779623209,0.0,0.0,-57
2020-06-01,93.3,CES3231300001,313,Textile Mills,Textile_Mills,0.067877930227733,0.1536844643759237,0.0858065341481907,0.2030936659688253,0,11.443575386835436,0.0,0.0,-56
2020-07-01,91.4,CES3231300001,313,Textile Mills,Textile_Mills,0.067877930227733,0.1536844643759237,0.0858065341481907,0.2030936659688253,0,11.42300075744224,0.0,0.0,-55
2020-08-01,93.1,CES3231300001,313,Textile Mills,Textile_Mills,0.067877930227733,0.1536844643759237,0.0858065341481907,0.2030936659688253,0,11.441429463265159,0.0,0.0,-54
2020-09-01,94.6,CES3231300001,313,Textile Mills,Textile_Mills,0.067877930227733,0.1536844643759237,0.0858065341481907,0.2030936659688253,0,11.45741275503997,0.0,0.0,-53
2020-10-01,95.2,CES3231300001,313,Textile Mills,Textile_Mills,0.067877930227733,0.1536844643759237,0.0858065341481907,0.2030936659688253,0,11.463735220779457,0.0,0.0,-52
2020-11-01,95.7,CES3231300001,313,Textile Mills,Textile_Mills,0.067877930227733,0.1536844643759237,0.0858065341481907,0.2030936659688253,0,11.468973577441046,0.0,0.0,-51
2020-12-01,96.1,CES3231300001,313,Textile Mills,Textile_Mills,0.067877930227733,0.1536844643759237,0.0858065341481907,0.2030936659688253,0,11.473144594958384,0.0,0.0,-50
2021-01-01,95.9,CES3231300001,313,Textile Mills,Textile_Mills,0.067877930227733,0.1536844643759237,0.0858065341481907,0.2030936659688253,0,11.47106126087153,0.0,0.0,-49
2021-02-01,95.6,CES3231300001,313,Textile Mills,Textile_Mills,0.067877930227733,0.1536844643759237,0.0858065341481907,0.2030936659688253,0,11.467928099039492,0.0,0.0,-48
2021-03-01,97.0,CES3231300001,313,Textile Mills,Textile_Mills,0.067877930227733,0.1536844643759237,0.0858065341481907,0.2030936659688253,0,11.48246625748552,0.0,0.0,-47
2021-04-01,96.5,CES3231300001,313,Textile Mills,Textile_Mills,0.067877930227733,0.1536844643759237,0.0858065341481907,0.2030936659688253,0,11.477298287327077,0.0,0.0,-46
2021-05-01,97.2,CES3231300001,313,Textile Mills,Textile_Mills,0.067877930227733,0.1536844643759237,0.0858065341481907,0.2030936659688253,0,11.48452599044853,0.0,0.0,-45
2021-06-01,97.8,CES3231300001,313,Textile Mills,Textile_Mills,0.067877930227733,0.1536844643759237,0.0858065341481907,0.2030936659688253,0,11.49067985602291,0.0,0.0,-44
2021-07-01,97.8,CES3231300001,313,Textile Mills,Textile_Mills,0.067877930227733,0.1536844643759237,0.0858065341481907,0.2030936659688253,0,11.49067985602291,0.0,0.0,-43
2021-08-01,98.4,CES3231300001,313,Textile Mills,Textile_Mills,0.067877930227733,0.1536844643759237,0.0858065341481907,0.2030936659688253,0,11.496796083040344,0.0,0.0,-42
2021-09-01,98.4,CES3231300001,313,Textile Mills,Textile_Mills,0.067877930227733,0.1536844643759237,0.0858065341481907,0.2030936659688253,0,11.496796083040344,0.0,0.0,-41
2021-10-01,99.0,CES3231300001,313,Textile Mills,Textile_Mills,0.067877930227733,0.1536844643759237,0.0858065341481907,0.2030936659688253,0,11.502875129116727,0.0,0.0,-40
2021-11-01,99.5,CES3231300001,313,Textile Mills,Textile_Mills,0.067877930227733,0.1536844643759237,0.0858065341481907,0.2030936659688253,0,11.507912923146684,0.0,0.0,-39
2021-12-01,99.7,CES3231300001,313,Textile Mills,Textile_Mills,0.067877930227733,0.1536844643759237,0.0858065341481907,0.2030936659688253,0,11.50992095594993,0.0,0.0,-38
2022-01-01,98.9,CES3231300001,313,Textile Mills,Textile_Mills,0.067877930227733,0.1536844643759237,0.0858065341481907,0.2030936659688253,0,11.501864517610803,0.0,0.0,-37
2022-02-01,99.1,CES3231300001,313,Textile Mills,Textile_Mills,0.067877930227733,0.1536844643759237,0.0858065341481907,0.2030936659688253,0,11.50388472031808,0.0,0.0,-36
2022-03-01,98.6,CES3231300001,313,Textile Mills,Textile_Mills,0.067877930227733,0.1536844643759237,0.0858065341481907,0.2030936659688253,0,11.498826540590727,0.0,0.0,-35
2022-04-01,99.3,CES3231300001,313,Textile Mills,Textile_Mills,0.067877930227733,0.1536844643759237,0.0858065341481907,0.2030936659688253,0,11.505900850033264,0.0,0.0,-34
2022-05-01,98.8,CES3231300001,313,Textile Mills,Textile_Mills,0.067877930227733,0.1536844643759237,0.0858065341481907,0.2030936659688253,0,11.50085288373596,0.0,0.0,-33
2022-06-01,98.6,CES3231300001,313,Textile Mills,Textile_Mills,0.067877930227733,0.1536844643759237,0.0858065341481907,0.2030936659688253,0,11.498826540590727,0.0,0.0,-32
2022-07-01,97.5,CES3231300001,313,Textile Mills,Textile_Mills,0.067877930227733,0.1536844643759237,0.0858065341481907,0.2030936659688253,0,11.487607656985938,0.0,0.0,-31
2022-08-01,97.0,CES3231300001,313,Textile Mills,Textile_Mills,0.067877930227733,0.1536844643759237,0.0858065341481907,0.2030936659688253,0,11.48246625748552,0.0,0.0,-30
2022-09-01,97.1,CES3231300001,313,Textile Mills,Textile_Mills,0.067877930227733,0.1536844643759237,0.0858065341481907,0.2030936659688253,0,11.483496654279417,0.0,0.0,-29
2022-10-01,95.3,CES3231300001,313,Textile Mills,Textile_Mills,0.067877930227733,0.1536844643759237,0.0858065341481907,0.2030936659688253,0,11.464785089642293,0.0,0.0,-28
2022-11-01,94.2,CES3231300001,313,Textile Mills,Textile_Mills,0.067877930227733,0.1536844643759237,0.0858065341481907,0.2030936659688253,0,11.453175460564454,0.0,0.0,-27
2022-12-01,93.7,CES3231300001,313,Textile Mills,Textile_Mills,0.067877930227733,0.1536844643759237,0.0858065341481907,0.2030936659688253,0,11.447853468226514,0.0,0.0,-26
2023-01-01,94.3,CES3231300001,313,Textile Mills,Textile_Mills,0.067877930227733,0.1536844643759237,0.0858065341481907,0.2030936659688253,0,11.454236468621549,0.0,0.0,-25
2023-02-01,92.3,CES3231300001,313,Textile Mills,Textile_Mills,0.067877930227733,0.1536844643759237,0.0858065341481907,0.2030936659688253,0,11.432799420490943,0.0,0.0,-24
2023-03-01,92.2,CES3231300001,313,Textile Mills,Textile_Mills,0.067877930227733,0.1536844643759237,0.0858065341481907,0.2030936659688253,0,11.431715409544685,0.0,0.0,-23
2023-04-01,92.2,CES3231300001,313,Textile Mills,Textile_Mills,0.067877930227733,0.1536844643759237,0.0858065341481907,0.2030936659688253,0,11.431715409544685,0.0,0.0,-22
2023-05-01,90.2,CES3231300001,313,Textile Mills,Textile_Mills,0.067877930227733,0.1536844643759237,0.0858065341481907,0.2030936659688253,0,11.409784706050715,0.0,0.0,-21
2023-06-01,89.7,CES3231300001,313,Textile Mills,Textile_Mills,0.067877930227733,0.1536844643759237,0.0858065341481907,0.2030936659688253,0,11.404226048046887,0.0,0.0,-20
2023-07-01,89.6,CES3231300001,313,Textile Mills,Textile_Mills,0.067877930227733,0.1536844643759237,0.0858065341481907,0.2030936659688253,0,11.403110598963021,0.0,0.0,-19
2023-08-01,89.0,CES3231300001,313,Textile Mills,Textile_Mills,0.067877930227733,0.1536844643759237,0.0858065341481907,0.2030936659688253,0,11.396391648714276,0.0,0.0,-18
2023-09-01,88.4,CES3231300001,313,Textile Mills,Textile_Mills,0.067877930227733,0.1536844643759237,0.0858065341481907,0.2030936659688253,0,11.389627248625734,0.0,0.0,-17
2023-10-01,88.2,CES3231300001,313,Textile Mills,Textile_Mills,0.067877930227733,0.1536844643759237,0.0858065341481907,0.2030936659688253,0,11.387362241994882,0.0,0.0,-16
2023-11-01,88.1,CES3231300001,313,Textile Mills,Textile_Mills,0.067877930227733,0.1536844643759237,0.0858065341481907,0.2030936659688253,0,11.386227811924272,0.0,0.0,-15
2023-12-01,87.1,CES3231300001,313,Textile Mills,Textile_Mills,0.067877930227733,0.1536844643759237,0.0858065341481907,0.2030936659688253,0,11.374812162840595,0.0,0.0,-14
2024-01-01,86.8,CES3231300001,313,Textile Mills,Textile_Mills,0.067877930227733,0.1536844643759237,0.0858065341481907,0.2030936659688253,0,11.371361900648441,0.0,0.0,-13
2024-02-01,87.4,CES3231300001,313,Textile Mills,Textile_Mills,0.067877930227733,0.1536844643759237,0.0858065341481907,0.2030936659688253,0,11.378250561643627,0.0,0.0,-12
2024-03-01,86.5,CES3231300001,313,Textile Mills,Textile_Mills,0.067877930227733,0.1536844643759237,0.0858065341481907,0.2030936659688253,0,11.36789969291997,0.0,0.0,-11
2024-04-01,86.2,CES3231300001,313,Textile Mills,Textile_Mills,0.067877930227733,0.1536844643759237,0.0858065341481907,0.2030936659688253,0,11.364425456651784,0.0,0.0,-10
2024-05-01,86.5,CES3231300001,313,Textile Mills,Textile_Mills,0.067877930227733,0.1536844643759237,0.0858065341481907,0.2030936659688253,0,11.36789969291997,0.0,0.0,-9
2024-06-01,85.8,CES3231300001,313,Textile Mills,Textile_Mills,0.067877930227733,0.1536844643759237,0.0858065341481907,0.2030936659688253,0,11.359774285476053,0.0,0.0,-8
2024-07-01,86.0,CES3231300001,313,Textile Mills,Textile_Mills,0.067877930227733,0.1536844643759237,0.0858065341481907,0.2030936659688253,0,11.362102575235644,0.0,0.0,-7
2024-08-01,85.1,CES3231300001,313,Textile Mills,Textile_Mills,0.067877930227733,0.1536844643759237,0.0858065341481907,0.2030936659688253,0,11.351582314561465,0.0,0.0,-6
2024-09-01,84.9,CES3231300001,313,Textile Mills,Textile_Mills,0.067877930227733,0.1536844643759237,0.0858065341481907,0.2030936659688253,0,11.349229372299439,0.0,0.0,-5
2024-10-01,84.5,CES3231300001,313,Textile Mills,Textile_Mills,0.067877930227733,0.1536844643759237,0.0858065341481907,0.2030936659688253,0,11.344506813345266,0.0,0.0,-4
2024-11-01,84.3,CES3231300001,313,Textile Mills,Textile_Mills,0.067877930227733,0.1536844643759237,0.0858065341481907,0.2030936659688253,0,11.342137143989946,0.0,0.0,-3
2024-12-01,83.8,CES3231300001,313,Textile Mills,Textile_Mills,0.067877930227733,0.1536844643759237,0.0858065341481907,0.2030936659688253,0,11.336188286470174,0.0,0.0,-2
2025-01-01,83.5,CES3231300001,313,Textile Mills,Textile_Mills,0.067877930227733,0.1536844643759237,0.0858065341481907,0.2030936659688253,0,11.332601910838946,0.0,0.0,-1
2025-02-01,82.7,CES3231300001,313,Textile Mills,Textile_Mills,0.067877930227733,0.1536844643759237,0.0858065341481907,0.2030936659688253,1,11.322974881011783,0.0858065341481907,0.2030936659688253,0
2025-03-01,82.7,CES3231300001,313,Textile Mills,Textile_Mills,0.067877930227733,0.1536844643759237,0.0858065341481907,0.2030936659688253,1,11.322974881011783,0.0858065341481907,0.2030936659688253,1
2025-04-01,82.2,CES3231300001,313,Textile Mills,Textile_Mills,0.067877930227733,0.1536844643759237,0.0858065341481907,0.2030936659688253,1,11.31691058104427,0.0858065341481907,0.2030936659688253,2
2025-05-01,82.0,CES3231300001,313,Textile Mills,Textile_Mills,0.067877930227733,0.1536844643759237,0.0858065341481907,0.2030936659688253,1,11.314474526246391,0.0858065341481907,0.2030936659688253,3
2025-06-01,82.0,CES3231300001,313,Textile Mills,Textile_Mills,0.067877930227733,0.1536844643759237,0.0858065341481907,0.2030936659688253,1,11.314474526246391,0.0858065341481907,0.2030936659688253,4
2025-07-01,80.8,CES3231300001,313,Textile Mills,Textile_Mills,0.067877930227733,0.1536844643759237,0.0858065341481907,0.2030936659688253,1,11.299732244509187,0.0858065341481907,0.2030936659688253,5
2025-08-01,81.3,CES3231300001,313,Textile Mills,Textile_Mills,0.067877930227733,0.1536844643759237,0.0858065341481907,0.2030936659688253,1,11.305901295535902,0.0858065341481907,0.2030936659688253,6
2025-09-01,82.1,CES3231300001,313,Textile Mills,Textile_Mills,0.067877930227733,0.1536844643759237,0.0858065341481907,0.2030936659688253,1,11.31569329544052,0.0858065341481907,0.2030936659688253,7
2025-10-01,81.6,CES3231300001,313,Textile Mills,Textile_Mills,0.067877930227733,0.1536844643759237,0.0858065341481907,0.2030936659688253,1,11.309584540952198,0.0858065341481907,0.2030936659688253,8
2025-11-01,81.0,CES3231300001,313,Textile Mills,Textile_Mills,0.067877930227733,0.1536844643759237,0.0858065341481907,0.2030936659688253,1,11.302204433654575,0.0858065341481907,0.2030936659688253,9
2025-12-01,80.9,CES3231300001,313,Textile Mills,Textile_Mills,0.067877930227733,0.1536844643759237,0.0858065341481907,0.2030936659688253,1,11.300969103046583,0.0858065341481907,0.2030936659688253,10
2026-01-01,80.0,CES3231300001,313,Textile Mills,Textile_Mills,0.067877930227733,0.1536844643759237,0.0858065341481907,0.2030936659688253,1,11.289781913656018,0.0858065341481907,0.2030936659688253,11
2026-02-01,79.8,CES3231300001,313,Textile Mills,Textile_Mills,0.067877930227733,0.1536844643759237,0.0858065341481907,0.2030936659688253,1,11.2872787834379,0.0858065341481907,0.2030936659688253,12
2026-03-01,79.2,CES3231300001,313,Textile Mills,Textile_Mills,0.067877930227733,0.1536844643759237,0.0858065341481907,0.2030936659688253,1,11.279731577802517,0.0858065341481907,0.2030936659688253,13
2015-01-01,115.6,CES3231400001,314,Textile Product Mills,Textile_Product_Mills,0.0888110426010187,0.233226310247065,0.1444152676460463,0.4912330056939987,0,11.657891235220415,0.0,0.0,-121
2015-02-01,115.7,CES3231400001,314,Textile Product Mills,Textile_Product_Mills,0.0888110426010187,0.233226310247065,0.1444152676460463,0.4912330056939987,0,11.658755913181768,0.0,0.0,-120
2015-03-01,115.6,CES3231400001,314,Textile Product Mills,Textile_Product_Mills,0.0888110426010187,0.233226310247065,0.1444152676460463,0.4912330056939987,0,11.657891235220415,0.0,0.0,-119
2015-04-01,116.1,CES3231400001,314,Textile Product Mills,Textile_Product_Mills,0.0888110426010187,0.233226310247065,0.1444152676460463,0.4912330056939987,0,11.662207167685983,0.0,0.0,-118
2015-05-01,116.1,CES3231400001,314,Textile Product Mills,Textile_Product_Mills,0.0888110426010187,0.233226310247065,0.1444152676460463,0.4912330056939987,0,11.662207167685983,0.0,0.0,-117
2015-06-01,116.1,CES3231400001,314,Textile Product Mills,Textile_Product_Mills,0.0888110426010187,0.233226310247065,0.1444152676460463,0.4912330056939987,0,11.662207167685983,0.0,0.0,-116
2015-07-01,116.2,CES3231400001,314,Textile Product Mills,Textile_Product_Mills,0.0888110426010187,0.233226310247065,0.1444152676460463,0.4912330056939987,0,11.663068123399947,0.0,0.0,-115
2015-08-01,115.9,CES3231400001,314,Textile Product Mills,Textile_Product_Mills,0.0888110426010187,0.233226310247065,0.1444152676460463,0.4912330056939987,0,11.660483029327843,0.0,0.0,-114
2015-09-01,116.2,CES3231400001,314,Textile Product Mills,Textile_Product_Mills,0.0888110426010187,0.233226310247065,0.1444152676460463,0.4912330056939987,0,11.663068123399947,0.0,0.0,-113
2015-10-01,116.6,CES3231400001,314,Textile Product Mills,Textile_Product_Mills,0.0888110426010187,0.233226310247065,0.1444152676460463,0.4912330056939987,0,11.666504552898529,0.0,0.0,-112
2015-11-01,116.4,CES3231400001,314,Textile Product Mills,Textile_Product_Mills,0.0888110426010187,0.233226310247065,0.1444152676460463,0.4912330056939987,0,11.664787814279475,0.0,0.0,-111
2015-12-01,116.0,CES3231400001,314,Textile Product Mills,Textile_Product_Mills,0.0888110426010187,0.233226310247065,0.1444152676460463,0.4912330056939987,0,11.661345470088502,0.0,0.0,-110
2016-01-01,116.8,CES3231400001,314,Textile Product Mills,Textile_Product_Mills,0.0888110426010187,0.233226310247065,0.1444152676460463,0.4912330056939987,0,11.668218349376264,0.0,0.0,-109
2016-02-01,117.2,CES3231400001,314,Textile Product Mills,Textile_Product_Mills,0.0888110426010187,0.233226310247065,0.1444152676460463,0.4912330056939987,0,11.67163715612505,0.0,0.0,-108
2016-03-01,116.3,CES3231400001,314,Textile Product Mills,Textile_Product_Mills,0.0888110426010187,0.233226310247065,0.1444152676460463,0.4912330056939987,0,11.663928338506755,0.0,0.0,-107
2016-04-01,116.1,CES3231400001,314,Textile Product Mills,Textile_Product_Mills,0.0888110426010187,0.233226310247065,0.1444152676460463,0.4912330056939987,0,11.662207167685983,0.0,0.0,-106
2016-05-01,116.6,CES3231400001,314,Textile Product Mills,Textile_Product_Mills,0.0888110426010187,0.233226310247065,0.1444152676460463,0.4912330056939987,0,11.666504552898529,0.0,0.0,-105
2016-06-01,116.2,CES3231400001,314,Textile Product Mills,Textile_Product_Mills,0.0888110426010187,0.233226310247065,0.1444152676460463,0.4912330056939987,0,11.663068123399947,0.0,0.0,-104
2016-07-01,115.1,CES3231400001,314,Textile Product Mills,Textile_Product_Mills,0.0888110426010187,0.233226310247065,0.1444152676460463,0.4912330056939987,0,11.653556594709974,0.0,0.0,-103
2016-08-01,115.3,CES3231400001,314,Textile Product Mills,Textile_Product_Mills,0.0888110426010187,0.233226310247065,0.1444152676460463,0.4912330056939987,0,11.65529270625715,0.0,0.0,-102
2016-09-01,116.9,CES3231400001,314,Textile Product Mills,Textile_Product_Mills,0.0888110426010187,0.233226310247065,0.1444152676460463,0.4912330056939987,0,11.66907414746016,0.0,0.0,-101
2016-10-01,116.2,CES3231400001,314,Textile Product Mills,Textile_Product_Mills,0.0888110426010187,0.233226310247065,0.1444152676460463,0.4912330056939987,0,11.663068123399947,0.0,0.0,-100
2016-11-01,115.8,CES3231400001,314,Textile Product Mills,Textile_Product_Mills,0.0888110426010187,0.233226310247065,0.1444152676460463,0.4912330056939987,0,11.659619844121032,0.0,0.0,-99
2016-12-01,115.8,CES3231400001,314,Textile Product Mills,Textile_Product_Mills,0.0888110426010187,0.233226310247065,0.1444152676460463,0.4912330056939987,0,11.659619844121032,0.0,0.0,-98
2017-01-01,115.8,CES3231400001,314,Textile Product Mills,Textile_Product_Mills,0.0888110426010187,0.233226310247065,0.1444152676460463,0.4912330056939987,0,11.659619844121032,0.0,0.0,-97
2017-02-01,115.7,CES3231400001,314,Textile Product Mills,Textile_Product_Mills,0.0888110426010187,0.233226310247065,0.1444152676460463,0.4912330056939987,0,11.658755913181768,0.0,0.0,-96
2017-03-01,116.1,CES3231400001,314,Textile Product Mills,Textile_Product_Mills,0.0888110426010187,0.233226310247065,0.1444152676460463,0.4912330056939987,0,11.662207167685983,0.0,0.0,-95
2017-04-01,116.4,CES3231400001,314,Textile Product Mills,Textile_Product_Mills,0.0888110426010187,0.233226310247065,0.1444152676460463,0.4912330056939987,0,11.664787814279475,0.0,0.0,-94
2017-05-01,116.1,CES3231400001,314,Textile Product Mills,Textile_Product_Mills,0.0888110426010187,0.233226310247065,0.1444152676460463,0.4912330056939987,0,11.662207167685983,0.0,0.0,-93
2017-06-01,116.0,CES3231400001,314,Textile Product Mills,Textile_Product_Mills,0.0888110426010187,0.233226310247065,0.1444152676460463,0.4912330056939987,0,11.661345470088502,0.0,0.0,-92
2017-07-01,116.3,CES3231400001,314,Textile Product Mills,Textile_Product_Mills,0.0888110426010187,0.233226310247065,0.1444152676460463,0.4912330056939987,0,11.663928338506755,0.0,0.0,-91
2017-08-01,117.5,CES3231400001,314,Textile Product Mills,Textile_Product_Mills,0.0888110426010187,0.233226310247065,0.1444152676460463,0.4912330056939987,0,11.67419361256635,0.0,0.0,-90
2017-09-01,116.2,CES3231400001,314,Textile Product Mills,Textile_Product_Mills,0.0888110426010187,0.233226310247065,0.1444152676460463,0.4912330056939987,0,11.663068123399947,0.0,0.0,-89
2017-10-01,115.6,CES3231400001,314,Textile Product Mills,Textile_Product_Mills,0.0888110426010187,0.233226310247065,0.1444152676460463,0.4912330056939987,0,11.657891235220415,0.0,0.0,-88
2017-11-01,115.8,CES3231400001,314,Textile Product Mills,Textile_Product_Mills,0.0888110426010187,0.233226310247065,0.1444152676460463,0.4912330056939987,0,11.659619844121032,0.0,0.0,-87
2017-12-01,116.0,CES3231400001,314,Textile Product Mills,Textile_Product_Mills,0.0888110426010187,0.233226310247065,0.1444152676460463,0.4912330056939987,0,11.661345470088502,0.0,0.0,-86
2018-01-01,116.7,CES3231400001,314,Textile Product Mills,Textile_Product_Mills,0.0888110426010187,0.233226310247065,0.1444152676460463,0.4912330056939987,0,11.667361818274648,0.0,0.0,-85
2018-02-01,116.6,CES3231400001,314,Textile Product Mills,Textile_Product_Mills,0.0888110426010187,0.233226310247065,0.1444152676460463,0.4912330056939987,0,11.666504552898529,0.0,0.0,-84
2018-03-01,117.1,CES3231400001,314,Textile Product Mills,Textile_Product_Mills,0.0888110426010187,0.233226310247065,0.1444152676460463,0.4912330056939987,0,11.670783549585808,0.0,0.0,-83
2018-04-01,116.0,CES3231400001,314,Textile Product Mills,Textile_Product_Mills,0.0888110426010187,0.233226310247065,0.1444152676460463,0.4912330056939987,0,11.661345470088502,0.0,0.0,-82
2018-05-01,115.7,CES3231400001,314,Textile Product Mills,Textile_Product_Mills,0.0888110426010187,0.233226310247065,0.1444152676460463,0.4912330056939987,0,11.658755913181768,0.0,0.0,-81
2018-06-01,115.7,CES3231400001,314,Textile Product Mills,Textile_Product_Mills,0.0888110426010187,0.233226310247065,0.1444152676460463,0.4912330056939987,0,11.658755913181768,0.0,0.0,-80
2018-07-01,115.4,CES3231400001,314,Textile Product Mills,Textile_Product_Mills,0.0888110426010187,0.233226310247065,0.1444152676460463,0.4912330056939987,0,11.656159633056136,0.0,0.0,-79
2018-08-01,115.8,CES3231400001,314,Textile Product Mills,Textile_Product_Mills,0.0888110426010187,0.233226310247065,0.1444152676460463,0.4912330056939987,0,11.659619844121032,0.0,0.0,-78
2018-09-01,116.0,CES3231400001,314,Textile Product Mills,Textile_Product_Mills,0.0888110426010187,0.233226310247065,0.1444152676460463,0.4912330056939987,0,11.661345470088502,0.0,0.0,-77
2018-10-01,115.6,CES3231400001,314,Textile Product Mills,Textile_Product_Mills,0.0888110426010187,0.233226310247065,0.1444152676460463,0.4912330056939987,0,11.657891235220415,0.0,0.0,-76
2018-11-01,115.2,CES3231400001,314,Textile Product Mills,Textile_Product_Mills,0.0888110426010187,0.233226310247065,0.1444152676460463,0.4912330056939987,0,11.654425027243928,0.0,0.0,-75
2018-12-01,115.6,CES3231400001,314,Textile Product Mills,Textile_Product_Mills,0.0888110426010187,0.233226310247065,0.1444152676460463,0.4912330056939987,0,11.657891235220415,0.0,0.0,-74
2019-01-01,114.7,CES3231400001,314,Textile Product Mills,Textile_Product_Mills,0.0888110426010187,0.233226310247065,0.1444152676460463,0.4912330056939987,0,11.650075303117463,0.0,0.0,-73
2019-02-01,114.2,CES3231400001,314,Textile Product Mills,Textile_Product_Mills,0.0888110426010187,0.233226310247065,0.1444152676460463,0.4912330056939987,0,11.645706576204047,0.0,0.0,-72
2019-03-01,113.7,CES3231400001,314,Textile Product Mills,Textile_Product_Mills,0.0888110426010187,0.233226310247065,0.1444152676460463,0.4912330056939987,0,11.641318679738628,0.0,0.0,-71
2019-04-01,114.2,CES3231400001,314,Textile Product Mills,Textile_Product_Mills,0.0888110426010187,0.233226310247065,0.1444152676460463,0.4912330056939987,0,11.645706576204047,0.0,0.0,-70
2019-05-01,114.0,CES3231400001,314,Textile Product Mills,Textile_Product_Mills,0.0888110426010187,0.233226310247065,0.1444152676460463,0.4912330056939987,0,11.643953727376633,0.0,0.0,-69
2019-06-01,113.7,CES3231400001,314,Textile Product Mills,Textile_Product_Mills,0.0888110426010187,0.233226310247065,0.1444152676460463,0.4912330056939987,0,11.641318679738628,0.0,0.0,-68
2019-07-01,113.7,CES3231400001,314,Textile Product Mills,Textile_Product_Mills,0.0888110426010187,0.233226310247065,0.1444152676460463,0.4912330056939987,0,11.641318679738628,0.0,0.0,-67
2019-08-01,113.2,CES3231400001,314,Textile Product Mills,Textile_Product_Mills,0.0888110426010187,0.233226310247065,0.1444152676460463,0.4912330056939987,0,11.63691144475122,0.0,0.0,-66
2019-09-01,112.2,CES3231400001,314,Textile Product Mills,Textile_Product_Mills,0.0888110426010187,0.233226310247065,0.1444152676460463,0.4912330056939987,0,11.628038272070732,0.0,0.0,-65
2019-10-01,113.2,CES3231400001,314,Textile Product Mills,Textile_Product_Mills,0.0888110426010187,0.233226310247065,0.1444152676460463,0.4912330056939987,0,11.63691144475122,0.0,0.0,-64
2019-11-01,113.2,CES3231400001,314,Textile Product Mills,Textile_Product_Mills,0.0888110426010187,0.233226310247065,0.1444152676460463,0.4912330056939987,0,11.63691144475122,0.0,0.0,-63
2019-12-01,112.4,CES3231400001,314,Textile Product Mills,Textile_Product_Mills,0.0888110426010187,0.233226310247065,0.1444152676460463,0.4912330056939987,0,11.629819216441728,0.0,0.0,-62
2020-01-01,113.1,CES3231400001,314,Textile Product Mills,Textile_Product_Mills,0.0888110426010187,0.233226310247065,0.1444152676460463,0.4912330056939987,0,11.636027662104212,0.0,0.0,-61
2020-02-01,111.2,CES3231400001,314,Textile Product Mills,Textile_Product_Mills,0.0888110426010187,0.233226310247065,0.1444152676460463,0.4912330056939987,0,11.61908566079862,0.0,0.0,-60
2020-03-01,109.2,CES3231400001,314,Textile Product Mills,Textile_Product_Mills,0.0888110426010187,0.233226310247065,0.1444152676460463,0.4912330056939987,0,11.600936342292941,0.0,0.0,-59
2020-04-01,85.6,CES3231400001,314,Textile Product Mills,Textile_Product_Mills,0.0888110426010187,0.233226310247065,0.1444152676460463,0.4912330056939987,0,11.357440562129833,0.0,0.0,-58
2020-05-01,98.9,CES3231400001,314,Textile Product Mills,Textile_Product_Mills,0.0888110426010187,0.233226310247065,0.1444152676460463,0.4912330056939987,0,11.501864517610803,0.0,0.0,-57
2020-06-01,103.1,CES3231400001,314,Textile Product Mills,Textile_Product_Mills,0.0888110426010187,0.233226310247065,0.1444152676460463,0.4912330056939987,0,11.543454670005051,0.0,0.0,-56
2020-07-01,100.1,CES3231400001,314,Textile Product Mills,Textile_Product_Mills,0.0888110426010187,0.233226310247065,0.1444152676460463,0.4912330056939987,0,11.513924965303312,0.0,0.0,-55
2020-08-01,100.9,CES3231400001,314,Textile Product Mills,Textile_Product_Mills,0.0888110426010187,0.233226310247065,0.1444152676460463,0.4912330056939987,0,11.5218852063417,0.0,0.0,-54
2020-09-01,102.8,CES3231400001,314,Textile Product Mills,Textile_Product_Mills,0.0888110426010187,0.233226310247065,0.1444152676460463,0.4912330056939987,0,11.540540632003202,0.0,0.0,-53
2020-10-01,102.0,CES3231400001,314,Textile Product Mills,Textile_Product_Mills,0.0888110426010187,0.233226310247065,0.1444152676460463,0.4912330056939987,0,11.532728092266408,0.0,0.0,-52
2020-11-01,102.0,CES3231400001,314,Textile Product Mills,Textile_Product_Mills,0.0888110426010187,0.233226310247065,0.1444152676460463,0.4912330056939987,0,11.532728092266408,0.0,0.0,-51
2020-12-01,102.1,CES3231400001,314,Textile Product Mills,Textile_Product_Mills,0.0888110426010187,0.233226310247065,0.1444152676460463,0.4912330056939987,0,11.533708004152757,0.0,0.0,-50
2021-01-01,101.9,CES3231400001,314,Textile Product Mills,Textile_Product_Mills,0.0888110426010187,0.233226310247065,0.1444152676460463,0.4912330056939987,0,11.531747219210816,0.0,0.0,-49
2021-02-01,102.6,CES3231400001,314,Textile Product Mills,Textile_Product_Mills,0.0888110426010187,0.233226310247065,0.1444152676460463,0.4912330056939987,0,11.538593211718807,0.0,0.0,-48
2021-03-01,102.5,CES3231400001,314,Textile Product Mills,Textile_Product_Mills,0.0888110426010187,0.233226310247065,0.1444152676460463,0.4912330056939987,0,11.5376180775606,0.0,0.0,-47
2021-04-01,103.4,CES3231400001,314,Textile Product Mills,Textile_Product_Mills,0.0888110426010187,0.233226310247065,0.1444152676460463,0.4912330056939987,0,11.546360241056465,0.0,0.0,-46
2021-05-01,103.0,CES3231400001,314,Textile Product Mills,Textile_Product_Mills,0.0888110426010187,0.233226310247065,0.1444152676460463,0.4912330056939987,0,11.542484267211773,0.0,0.0,-45
2021-06-01,102.5,CES3231400001,314,Textile Product Mills,Textile_Product_Mills,0.0888110426010187,0.233226310247065,0.1444152676460463,0.4912330056939987,0,11.5376180775606,0.0,0.0,-44
2021-07-01,102.5,CES3231400001,314,Textile Product Mills,Textile_Product_Mills,0.0888110426010187,0.233226310247065,0.1444152676460463,0.4912330056939987,0,11.5376180775606,0.0,0.0,-43
2021-08-01,103.4,CES3231400001,314,Textile Product Mills,Textile_Product_Mills,0.0888110426010187,0.233226310247065,0.1444152676460463,0.4912330056939987,0,11.546360241056465,0.0,0.0,-42
2021-09-01,103.3,CES3231400001,314,Textile Product Mills,Textile_Product_Mills,0.0888110426010187,0.233226310247065,0.1444152676460463,0.4912330056939987,0,11.54539265510773,0.0,0.0,-41
2021-10-01,104.6,CES3231400001,314,Textile Product Mills,Textile_Product_Mills,0.0888110426010187,0.233226310247065,0.1444152676460463,0.4912330056939987,0,11.55789883061296,0.0,0.0,-40
2021-11-01,104.7,CES3231400001,314,Textile Product Mills,Textile_Product_Mills,0.0888110426010187,0.233226310247065,0.1444152676460463,0.4912330056939987,0,11.558854396858628,0.0,0.0,-39
2021-12-01,106.2,CES3231400001,314,Textile Product Mills,Textile_Product_Mills,0.0888110426010187,0.233226310247065,0.1444152676460463,0.4912330056939987,0,11.573079387789976,0.0,0.0,-38
2022-01-01,105.5,CES3231400001,314,Textile Product Mills,Textile_Product_Mills,0.0888110426010187,0.233226310247065,0.1444152676460463,0.4912330056939987,0,11.566466231898259,0.0,0.0,-37
2022-02-01,105.4,CES3231400001,314,Textile Product Mills,Textile_Product_Mills,0.0888110426010187,0.233226310247065,0.1444152676460463,0.4912330056939987,0,11.5655179150894,0.0,0.0,-36
2022-03-01,105.9,CES3231400001,314,Textile Product Mills,Textile_Product_Mills,0.0888110426010187,0.233226310247065,0.1444152676460463,0.4912330056939987,0,11.570250531589497,0.0,0.0,-35
2022-04-01,105.7,CES3231400001,314,Textile Product Mills,Textile_Product_Mills,0.0888110426010187,0.233226310247065,0.1444152676460463,0.4912330056939987,0,11.568360171858329,0.0,0.0,-34
2022-05-01,105.0,CES3231400001,314,Textile Product Mills,Textile_Product_Mills,0.0888110426010187,0.233226310247065,0.1444152676460463,0.4912330056939987,0,11.56171562913966,0.0,0.0,-33
2022-06-01,104.4,CES3231400001,314,Textile Product Mills,Textile_Product_Mills,0.0888110426010187,0.233226310247065,0.1444152676460463,0.4912330056939987,0,11.555984954430675,0.0,0.0,-32
2022-07-01,104.0,CES3231400001,314,Textile Product Mills,Textile_Product_Mills,0.0888110426010187,0.233226310247065,0.1444152676460463,0.4912330056939987,0,11.55214617812351,0.0,0.0,-31
2022-08-01,102.7,CES3231400001,314,Textile Product Mills,Textile_Product_Mills,0.0888110426010187,0.233226310247065,0.1444152676460463,0.4912330056939987,0,11.53956739591665,0.0,0.0,-30
2022-09-01,102.3,CES3231400001,314,Textile Product Mills,Textile_Product_Mills,0.0888110426010187,0.233226310247065,0.1444152676460463,0.4912330056939987,0,11.535664951939717,0.0,0.0,-29
2022-10-01,101.9,CES3231400001,314,Textile Product Mills,Textile_Product_Mills,0.0888110426010187,0.233226310247065,0.1444152676460463,0.4912330056939987,0,11.531747219210816,0.0,0.0,-28
2022-11-01,102.3,CES3231400001,314,Textile Product Mills,Textile_Product_Mills,0.0888110426010187,0.233226310247065,0.1444152676460463,0.4912330056939987,0,11.535664951939717,0.0,0.0,-27
2022-12-01,102.0,CES3231400001,314,Textile Product Mills,Textile_Product_Mills,0.0888110426010187,0.233226310247065,0.1444152676460463,0.4912330056939987,0,11.532728092266408,0.0,0.0,-26
2023-01-01,102.8,CES3231400001,314,Textile Product Mills,Textile_Product_Mills,0.0888110426010187,0.233226310247065,0.1444152676460463,0.4912330056939987,0,11.540540632003202,0.0,0.0,-25
2023-02-01,102.8,CES3231400001,314,Textile Product Mills,Textile_Product_Mills,0.0888110426010187,0.233226310247065,0.1444152676460463,0.4912330056939987,0,11.540540632003202,0.0,0.0,-24
2023-03-01,101.2,CES3231400001,314,Textile Product Mills,Textile_Product_Mills,0.0888110426010187,0.233226310247065,0.1444152676460463,0.4912330056939987,0,11.524854035835503,0.0,0.0,-23
2023-04-01,100.1,CES3231400001,314,Textile Product Mills,Textile_Product_Mills,0.0888110426010187,0.233226310247065,0.1444152676460463,0.4912330056939987,0,11.513924965303312,0.0,0.0,-22
2023-05-01,100.0,CES3231400001,314,Textile Product Mills,Textile_Product_Mills,0.0888110426010187,0.233226310247065,0.1444152676460463,0.4912330056939987,0,11.512925464970229,0.0,0.0,-21
2023-06-01,99.0,CES3231400001,314,Textile Product Mills,Textile_Product_Mills,0.0888110426010187,0.233226310247065,0.1444152676460463,0.4912330056939987,0,11.502875129116727,0.0,0.0,-20
2023-07-01,98.9,CES3231400001,314,Textile Product Mills,Textile_Product_Mills,0.0888110426010187,0.233226310247065,0.1444152676460463,0.4912330056939987,0,11.501864517610803,0.0,0.0,-19
2023-08-01,99.4,CES3231400001,314,Textile Product Mills,Textile_Product_Mills,0.0888110426010187,0.233226310247065,0.1444152676460463,0.4912330056939987,0,11.506907392644665,0.0,0.0,-18
2023-09-01,99.4,CES3231400001,314,Textile Product Mills,Textile_Product_Mills,0.0888110426010187,0.233226310247065,0.1444152676460463,0.4912330056939987,0,11.506907392644665,0.0,0.0,-17
2023-10-01,98.6,CES3231400001,314,Textile Product Mills,Textile_Product_Mills,0.0888110426010187,0.233226310247065,0.1444152676460463,0.4912330056939987,0,11.498826540590727,0.0,0.0,-16
2023-11-01,98.4,CES3231400001,314,Textile Product Mills,Textile_Product_Mills,0.0888110426010187,0.233226310247065,0.1444152676460463,0.4912330056939987,0,11.496796083040344,0.0,0.0,-15
2023-12-01,97.9,CES3231400001,314,Textile Product Mills,Textile_Product_Mills,0.0888110426010187,0.233226310247065,0.1444152676460463,0.4912330056939987,0,11.491701828518602,0.0,0.0,-14
2024-01-01,98.7,CES3231400001,314,Textile Product Mills,Textile_Product_Mills,0.0888110426010187,0.233226310247065,0.1444152676460463,0.4912330056939987,0,11.499840225421574,0.0,0.0,-13
2024-02-01,98.9,CES3231400001,314,Textile Product Mills,Textile_Product_Mills,0.0888110426010187,0.233226310247065,0.1444152676460463,0.4912330056939987,0,11.501864517610803,0.0,0.0,-12
2024-03-01,98.0,CES3231400001,314,Textile Product Mills,Textile_Product_Mills,0.0888110426010187,0.233226310247065,0.1444152676460463,0.4912330056939987,0,11.49272275765271,0.0,0.0,-11
2024-04-01,100.4,CES3231400001,314,Textile Product Mills,Textile_Product_Mills,0.0888110426010187,0.233226310247065,0.1444152676460463,0.4912330056939987,0,11.516917486239766,0.0,0.0,-10
2024-05-01,100.2,CES3231400001,314,Textile Product Mills,Textile_Product_Mills,0.0888110426010187,0.233226310247065,0.1444152676460463,0.4912330056939987,0,11.5149234676329,0.0,0.0,-9
2024-06-01,99.4,CES3231400001,314,Textile Product Mills,Textile_Product_Mills,0.0888110426010187,0.233226310247065,0.1444152676460463,0.4912330056939987,0,11.506907392644665,0.0,0.0,-8
2024-07-01,98.4,CES3231400001,314,Textile Product Mills,Textile_Product_Mills,0.0888110426010187,0.233226310247065,0.1444152676460463,0.4912330056939987,0,11.496796083040344,0.0,0.0,-7
2024-08-01,96.1,CES3231400001,314,Textile Product Mills,Textile_Product_Mills,0.0888110426010187,0.233226310247065,0.1444152676460463,0.4912330056939987,0,11.473144594958384,0.0,0.0,-6
2024-09-01,96.7,CES3231400001,314,Textile Product Mills,Textile_Product_Mills,0.0888110426010187,0.233226310247065,0.1444152676460463,0.4912330056939987,0,11.479368681441386,0.0,0.0,-5
2024-10-01,96.6,CES3231400001,314,Textile Product Mills,Textile_Product_Mills,0.0888110426010187,0.233226310247065,0.1444152676460463,0.4912330056939987,0,11.47833402020061,0.0,0.0,-4
2024-11-01,96.0,CES3231400001,314,Textile Product Mills,Textile_Product_Mills,0.0888110426010187,0.233226310247065,0.1444152676460463,0.4912330056939987,0,11.472103470449973,0.0,0.0,-3
2024-12-01,95.9,CES3231400001,314,Textile Product Mills,Textile_Product_Mills,0.0888110426010187,0.233226310247065,0.1444152676460463,0.4912330056939987,0,11.47106126087153,0.0,0.0,-2
2025-01-01,94.8,CES3231400001,314,Textile Product Mills,Textile_Product_Mills,0.0888110426010187,0.233226310247065,0.1444152676460463,0.4912330056939987,0,11.459524688243112,0.0,0.0,-1
2025-02-01,94.6,CES3231400001,314,Textile Product Mills,Textile_Product_Mills,0.0888110426010187,0.233226310247065,0.1444152676460463,0.4912330056939987,1,11.45741275503997,0.1444152676460463,0.4912330056939987,0
2025-03-01,94.0,CES3231400001,314,Textile Product Mills,Textile_Product_Mills,0.0888110426010187,0.233226310247065,0.1444152676460463,0.4912330056939987,1,11.451050061252142,0.1444152676460463,0.4912330056939987,1
2025-04-01,93.5,CES3231400001,314,Textile Product Mills,Textile_Product_Mills,0.0888110426010187,0.233226310247065,0.1444152676460463,0.4912330056939987,1,11.44571671527678,0.1444152676460463,0.4912330056939987,2
2025-05-01,93.7,CES3231400001,314,Textile Product Mills,Textile_Product_Mills,0.0888110426010187,0.233226310247065,0.1444152676460463,0.4912330056939987,1,11.447853468226514,0.1444152676460463,0.4912330056939987,3
2025-06-01,94.0,CES3231400001,314,Textile Product Mills,Textile_Product_Mills,0.0888110426010187,0.233226310247065,0.1444152676460463,0.4912330056939987,1,11.451050061252142,0.1444152676460463,0.4912330056939987,4
2025-07-01,90.6,CES3231400001,314,Textile Product Mills,Textile_Product_Mills,0.0888110426010187,0.233226310247065,0.1444152676460463,0.4912330056939987,1,11.414209492031071,0.1444152676460463,0.4912330056939987,5
2025-08-01,91.8,CES3231400001,314,Textile Product Mills,Textile_Product_Mills,0.0888110426010187,0.233226310247065,0.1444152676460463,0.4912330056939987,1,11.427367576608582,0.1444152676460463,0.4912330056939987,6
2025-09-01,92.5,CES3231400001,314,Textile Product Mills,Textile_Product_Mills,0.0888110426010187,0.233226310247065,0.1444152676460463,0.4912330056939987,1,11.434963923500517,0.1444152676460463,0.4912330056939987,7
2025-10-01,92.9,CES3231400001,314,Textile Product Mills,Textile_Product_Mills,0.0888110426010187,0.233226310247065,0.1444152676460463,0.4912330056939987,1,11.439278924801929,0.1444152676460463,0.4912330056939987,8
2025-11-01,93.4,CES3231400001,314,Textile Product Mills,Textile_Product_Mills,0.0888110426010187,0.233226310247065,0.1444152676460463,0.4912330056939987,1,11.444646624216935,0.1444152676460463,0.4912330056939987,9
2025-12-01,93.9,CES3231400001,314,Textile Product Mills,Textile_Product_Mills,0.0888110426010187,0.233226310247065,0.1444152676460463,0.4912330056939987,1,11.449985665196355,0.1444152676460463,0.4912330056939987,10
2026-01-01,94.2,CES3231400001,314,Textile Product Mills,Textile_Product_Mills,0.0888110426010187,0.233226310247065,0.1444152676460463,0.4912330056939987,1,11.453175460564454,0.1444152676460463,0.4912330056939987,11
2026-02-01,94.3,CES3231400001,314,Textile Product Mills,Textile_Product_Mills,0.0888110426010187,0.233226310247065,0.1444152676460463,0.4912330056939987,1,11.454236468621549,0.1444152676460463,0.4912330056939987,12
2026-03-01,94.2,CES3231400001,314,Textile Product Mills,Textile_Product_Mills,0.0888110426010187,0.233226310247065,0.1444152676460463,0.4912330056939987,1,11.453175460564454,0.1444152676460463,0.4912330056939987,13
2015-01-01,1580.3,CES3133600001,336,Transportation Equipment,Transportation_Equipment,0.0193662927271223,0.1202022654705222,0.1008359727433998,0.0411161682492158,0,14.273125260397196,0.0,0.0,-121
2015-02-01,1588.9,CES3133600001,336,Transportation Equipment,Transportation_Equipment,0.0193662927271223,0.1202022654705222,0.1008359727433998,0.0411161682492158,0,14.278552510876459,0.0,0.0,-120
2015-03-01,1592.6,CES3133600001,336,Transportation Equipment,Transportation_Equipment,0.0193662927271223,0.1202022654705222,0.1008359727433998,0.0411161682492158,0,14.280878458805482,0.0,0.0,-119
2015-04-01,1593.8,CES3133600001,336,Transportation Equipment,Transportation_Equipment,0.0193662927271223,0.1202022654705222,0.1008359727433998,0.0411161682492158,0,14.281631659945784,0.0,0.0,-118
2015-05-01,1602.8,CES3133600001,336,Transportation Equipment,Transportation_Equipment,0.0193662927271223,0.1202022654705222,0.1008359727433998,0.0411161682492158,0,14.287262657744126,0.0,0.0,-117
2015-06-01,1601.1,CES3133600001,336,Transportation Equipment,Transportation_Equipment,0.0193662927271223,0.1202022654705222,0.1008359727433998,0.0411161682492158,0,14.286201450990147,0.0,0.0,-116
2015-07-01,1609.3,CES3133600001,336,Transportation Equipment,Transportation_Equipment,0.0193662927271223,0.1202022654705222,0.1008359727433998,0.0411161682492158,0,14.291309859806587,0.0,0.0,-115
2015-08-01,1611.9,CES3133600001,336,Transportation Equipment,Transportation_Equipment,0.0193662927271223,0.1202022654705222,0.1008359727433998,0.0411161682492158,0,14.292924165385022,0.0,0.0,-114
2015-09-01,1619.7,CES3133600001,336,Transportation Equipment,Transportation_Equipment,0.0193662927271223,0.1202022654705222,0.1008359727433998,0.0411161682492158,0,14.297751504874489,0.0,0.0,-113
2015-10-01,1620.6,CES3133600001,336,Transportation Equipment,Transportation_Equipment,0.0193662927271223,0.1202022654705222,0.1008359727433998,0.0411161682492158,0,14.298307009008761,0.0,0.0,-112
2015-11-01,1617.5,CES3133600001,336,Transportation Equipment,Transportation_Equipment,0.0193662927271223,0.1202022654705222,0.1008359727433998,0.0411161682492158,0,14.296392305357193,0.0,0.0,-111
2015-12-01,1617.5,CES3133600001,336,Transportation Equipment,Transportation_Equipment,0.0193662927271223,0.1202022654705222,0.1008359727433998,0.0411161682492158,0,14.296392305357193,0.0,0.0,-110
2016-01-01,1620.6,CES3133600001,336,Transportation Equipment,Transportation_Equipment,0.0193662927271223,0.1202022654705222,0.1008359727433998,0.0411161682492158,0,14.298307009008761,0.0,0.0,-109
2016-02-01,1623.5,CES3133600001,336,Transportation Equipment,Transportation_Equipment,0.0193662927271223,0.1202022654705222,0.1008359727433998,0.0411161682492158,0,14.300094870525038,0.0,0.0,-108
2016-03-01,1620.9,CES3133600001,336,Transportation Equipment,Transportation_Equipment,0.0193662927271223,0.1202022654705222,0.1008359727433998,0.0411161682492158,0,14.298492108500266,0.0,0.0,-107
2016-04-01,1632.7,CES3133600001,336,Transportation Equipment,Transportation_Equipment,0.0193662927271223,0.1202022654705222,0.1008359727433998,0.0411161682492158,0,14.305745644114255,0.0,0.0,-106
2016-05-01,1626.4,CES3133600001,336,Transportation Equipment,Transportation_Equipment,0.0193662927271223,0.1202022654705222,0.1008359727433998,0.0411161682492158,0,14.301879541296273,0.0,0.0,-105
2016-06-01,1626.1,CES3133600001,336,Transportation Equipment,Transportation_Equipment,0.0193662927271223,0.1202022654705222,0.1008359727433998,0.0411161682492158,0,14.301695067813814,0.0,0.0,-104
2016-07-01,1647.4,CES3133600001,336,Transportation Equipment,Transportation_Equipment,0.0193662927271223,0.1202022654705222,0.1008359727433998,0.0411161682492158,0,14.314708845489285,0.0,0.0,-103
2016-08-01,1634.2,CES3133600001,336,Transportation Equipment,Transportation_Equipment,0.0193662927271223,0.1202022654705222,0.1008359727433998,0.0411161682492158,0,14.306663945932744,0.0,0.0,-102
2016-09-01,1631.3,CES3133600001,336,Transportation Equipment,Transportation_Equipment,0.0193662927271223,0.1202022654705222,0.1008359727433998,0.0411161682492158,0,14.304887800924394,0.0,0.0,-101
2016-10-01,1632.3,CES3133600001,336,Transportation Equipment,Transportation_Equipment,0.0193662927271223,0.1202022654705222,0.1008359727433998,0.0411161682492158,0,14.305500621142127,0.0,0.0,-100
2016-11-01,1632.1,CES3133600001,336,Transportation Equipment,Transportation_Equipment,0.0193662927271223,0.1202022654705222,0.1008359727433998,0.0411161682492158,0,14.305378087138788,0.0,0.0,-99
2016-12-01,1633.2,CES3133600001,336,Transportation Equipment,Transportation_Equipment,0.0193662927271223,0.1202022654705222,0.1008359727433998,0.0411161682492158,0,14.306051838427559,0.0,0.0,-98
2017-01-01,1637.5,CES3133600001,336,Transportation Equipment,Transportation_Equipment,0.0193662927271223,0.1202022654705222,0.1008359727433998,0.0411161682492158,0,14.308681246491544,0.0,0.0,-97
2017-02-01,1629.0,CES3133600001,336,Transportation Equipment,Transportation_Equipment,0.0193662927271223,0.1202022654705222,0.1008359727433998,0.0411161682492158,0,14.303476887584182,0.0,0.0,-96
2017-03-01,1632.5,CES3133600001,336,Transportation Equipment,Transportation_Equipment,0.0193662927271223,0.1202022654705222,0.1008359727433998,0.0411161682492158,0,14.305623140132724,0.0,0.0,-95
2017-04-01,1633.6,CES3133600001,336,Transportation Equipment,Transportation_Equipment,0.0193662927271223,0.1202022654705222,0.1008359727433998,0.0411161682492158,0,14.306296726392539,0.0,0.0,-94
2017-05-01,1638.4,CES3133600001,336,Transportation Equipment,Transportation_Equipment,0.0193662927271223,0.1202022654705222,0.1008359727433998,0.0411161682492158,0,14.309230713827326,0.0,0.0,-93
2017-06-01,1639.8,CES3133600001,336,Transportation Equipment,Transportation_Equipment,0.0193662927271223,0.1202022654705222,0.1008359727433998,0.0411161682492158,0,14.310084841144214,0.0,0.0,-92
2017-07-01,1625.7,CES3133600001,336,Transportation Equipment,Transportation_Equipment,0.0193662927271223,0.1202022654705222,0.1008359727433998,0.0411161682492158,0,14.301449050222315,0.0,0.0,-91
2017-08-01,1648.8,CES3133600001,336,Transportation Equipment,Transportation_Equipment,0.0193662927271223,0.1202022654705222,0.1008359727433998,0.0411161682492158,0,14.315558308558387,0.0,0.0,-90
2017-09-01,1653.6,CES3133600001,336,Transportation Equipment,Transportation_Equipment,0.0193662927271223,0.1202022654705222,0.1008359727433998,0.0411161682492158,0,14.318465287349696,0.0,0.0,-89
2017-10-01,1652.9,CES3133600001,336,Transportation Equipment,Transportation_Equipment,0.0193662927271223,0.1202022654705222,0.1008359727433998,0.0411161682492158,0,14.318041878905445,0.0,0.0,-88
2017-11-01,1660.0,CES3133600001,336,Transportation Equipment,Transportation_Equipment,0.0193662927271223,0.1202022654705222,0.1008359727433998,0.0411161682492158,0,14.322328160332725,0.0,0.0,-87
2017-12-01,1666.1,CES3133600001,336,Transportation Equipment,Transportation_Equipment,0.0193662927271223,0.1202022654705222,0.1008359727433998,0.0411161682492158,0,14.325996123917161,0.0,0.0,-86
2018-01-01,1672.7,CES3133600001,336,Transportation Equipment,Transportation_Equipment,0.0193662927271223,0.1202022654705222,0.1008359727433998,0.0411161682492158,0,14.3299496453001,0.0,0.0,-85
2018-02-01,1678.3,CES3133600001,336,Transportation Equipment,Transportation_Equipment,0.0193662927271223,0.1202022654705222,0.1008359727433998,0.0411161682492158,0,14.333291934296271,0.0,0.0,-84
2018-03-01,1687.6,CES3133600001,336,Transportation Equipment,Transportation_Equipment,0.0193662927271223,0.1202022654705222,0.1008359727433998,0.0411161682492158,0,14.33881795923232,0.0,0.0,-83
2018-04-01,1692.3,CES3133600001,336,Transportation Equipment,Transportation_Equipment,0.0193662927271223,0.1202022654705222,0.1008359727433998,0.0411161682492158,0,14.341599108396178,0.0,0.0,-82
2018-05-01,1688.9,CES3133600001,336,Transportation Equipment,Transportation_Equipment,0.0193662927271223,0.1202022654705222,0.1008359727433998,0.0411161682492158,0,14.339587987406013,0.0,0.0,-81
2018-06-01,1700.3,CES3133600001,336,Transportation Equipment,Transportation_Equipment,0.0193662927271223,0.1202022654705222,0.1008359727433998,0.0411161682492158,0,14.346315264045577,0.0,0.0,-80
2018-07-01,1705.6,CES3133600001,336,Transportation Equipment,Transportation_Equipment,0.0193662927271223,0.1202022654705222,0.1008359727433998,0.0411161682492158,0,14.349427512953662,0.0,0.0,-79
2018-08-01,1707.4,CES3133600001,336,Transportation Equipment,Transportation_Equipment,0.0193662927271223,0.1202022654705222,0.1008359727433998,0.0411161682492158,0,14.350482303558342,0.0,0.0,-78
2018-09-01,1713.4,CES3133600001,336,Transportation Equipment,Transportation_Equipment,0.0193662927271223,0.1202022654705222,0.1008359727433998,0.0411161682492158,0,14.35399025851208,0.0,0.0,-77
2018-10-01,1723.0,CES3133600001,336,Transportation Equipment,Transportation_Equipment,0.0193662927271223,0.1202022654705222,0.1008359727433998,0.0411161682492158,0,14.359577515510066,0.0,0.0,-76
2018-11-01,1727.0,CES3133600001,336,Transportation Equipment,Transportation_Equipment,0.0193662927271223,0.1202022654705222,0.1008359727433998,0.0411161682492158,0,14.361896357128815,0.0,0.0,-75
2018-12-01,1729.7,CES3133600001,336,Transportation Equipment,Transportation_Equipment,0.0193662927271223,0.1202022654705222,0.1008359727433998,0.0411161682492158,0,14.363458541032015,0.0,0.0,-74
2019-01-01,1737.7,CES3133600001,336,Transportation Equipment,Transportation_Equipment,0.0193662927271223,0.1202022654705222,0.1008359727433998,0.0411161682492158,0,14.368072957710346,0.0,0.0,-73
2019-02-01,1738.0,CES3133600001,336,Transportation Equipment,Transportation_Equipment,0.0193662927271223,0.1202022654705222,0.1008359727433998,0.0411161682492158,0,14.368245584807475,0.0,0.0,-72
2019-03-01,1736.6,CES3133600001,336,Transportation Equipment,Transportation_Equipment,0.0193662927271223,0.1202022654705222,0.1008359727433998,0.0411161682492158,0,14.367439736608683,0.0,0.0,-71
2019-04-01,1733.7,CES3133600001,336,Transportation Equipment,Transportation_Equipment,0.0193662927271223,0.1202022654705222,0.1008359727433998,0.0411161682492158,0,14.36576841097398,0.0,0.0,-70
2019-05-01,1736.5,CES3133600001,336,Transportation Equipment,Transportation_Equipment,0.0193662927271223,0.1202022654705222,0.1008359727433998,0.0411161682492158,0,14.367382151166266,0.0,0.0,-69
2019-06-01,1735.3,CES3133600001,336,Transportation Equipment,Transportation_Equipment,0.0193662927271223,0.1202022654705222,0.1008359727433998,0.0411161682492158,0,14.366690867078596,0.0,0.0,-68
2019-07-01,1733.8,CES3133600001,336,Transportation Equipment,Transportation_Equipment,0.0193662927271223,0.1202022654705222,0.1008359727433998,0.0411161682492158,0,14.365826089416677,0.0,0.0,-67
2019-08-01,1727.7,CES3133600001,336,Transportation Equipment,Transportation_Equipment,0.0193662927271223,0.1202022654705222,0.1008359727433998,0.0411161682492158,0,14.362301602162873,0.0,0.0,-66
2019-09-01,1729.2,CES3133600001,336,Transportation Equipment,Transportation_Equipment,0.0193662927271223,0.1202022654705222,0.1008359727433998,0.0411161682492158,0,14.363169431775614,0.0,0.0,-65
2019-10-01,1684.4,CES3133600001,336,Transportation Equipment,Transportation_Equipment,0.0193662927271223,0.1202022654705222,0.1008359727433998,0.0411161682492158,0,14.33691997526991,0.0,0.0,-64
2019-11-01,1726.6,CES3133600001,336,Transportation Equipment,Transportation_Equipment,0.0193662927271223,0.1202022654705222,0.1008359727433998,0.0411161682492158,0,14.36166471478356,0.0,0.0,-63
2019-12-01,1729.1,CES3133600001,336,Transportation Equipment,Transportation_Equipment,0.0193662927271223,0.1202022654705222,0.1008359727433998,0.0411161682492158,0,14.36311159989288,0.0,0.0,-62
2020-01-01,1725.0,CES3133600001,336,Transportation Equipment,Transportation_Equipment,0.0193662927271223,0.1202022654705222,0.1008359727433998,0.0411161682492158,0,14.360737608447597,0.0,0.0,-61
2020-02-01,1728.8,CES3133600001,336,Transportation Equipment,Transportation_Equipment,0.0193662927271223,0.1202022654705222,0.1008359727433998,0.0411161682492158,0,14.362938084174813,0.0,0.0,-60
2020-03-01,1724.6,CES3133600001,336,Transportation Equipment,Transportation_Equipment,0.0193662927271223,0.1202022654705222,0.1008359727433998,0.0411161682492158,0,14.360505697500361,0.0,0.0,-59
2020-04-01,1331.6,CES3133600001,336,Transportation Equipment,Transportation_Equipment,0.0193662927271223,0.1202022654705222,0.1008359727433998,0.0411161682492158,0,14.101891784683007,0.0,0.0,-58
2020-05-01,1380.0,CES3133600001,336,Transportation Equipment,Transportation_Equipment,0.0193662927271223,0.1202022654705222,0.1008359727433998,0.0411161682492158,0,14.137594057133388,0.0,0.0,-57
2020-06-01,1564.3,CES3133600001,336,Transportation Equipment,Transportation_Equipment,0.0193662927271223,0.1202022654705222,0.1008359727433998,0.0411161682492158,0,14.262948997549861,0.0,0.0,-56
2020-07-01,1604.5,CES3133600001,336,Transportation Equipment,Transportation_Equipment,0.0193662927271223,0.1202022654705222,0.1008359727433998,0.0411161682492158,0,14.288322739532049,0.0,0.0,-55
2020-08-01,1592.3,CES3133600001,336,Transportation Equipment,Transportation_Equipment,0.0193662927271223,0.1202022654705222,0.1008359727433998,0.0411161682492158,0,14.280690069844518,0.0,0.0,-54
2020-09-01,1604.5,CES3133600001,336,Transportation Equipment,Transportation_Equipment,0.0193662927271223,0.1202022654705222,0.1008359727433998,0.0411161682492158,0,14.288322739532049,0.0,0.0,-53
2020-10-01,1599.0,CES3133600001,336,Transportation Equipment,Transportation_Equipment,0.0193662927271223,0.1202022654705222,0.1008359727433998,0.0411161682492158,0,14.284888991816091,0.0,0.0,-52
2020-11-01,1616.0,CES3133600001,336,Transportation Equipment,Transportation_Equipment,0.0193662927271223,0.1202022654705222,0.1008359727433998,0.0411161682492158,0,14.295464518063177,0.0,0.0,-51
2020-12-01,1618.1,CES3133600001,336,Transportation Equipment,Transportation_Equipment,0.0193662927271223,0.1202022654705222,0.1008359727433998,0.0411161682492158,0,14.296763179387899,0.0,0.0,-50
2021-01-01,1626.3,CES3133600001,336,Transportation Equipment,Transportation_Equipment,0.0193662927271223,0.1202022654705222,0.1008359727433998,0.0411161682492158,0,14.30181805391654,0.0,0.0,-49
2021-02-01,1639.9,CES3133600001,336,Transportation Equipment,Transportation_Equipment,0.0193662927271223,0.1202022654705222,0.1008359727433998,0.0411161682492158,0,14.310145822331537,0.0,0.0,-48
2021-03-01,1648.3,CES3133600001,336,Transportation Equipment,Transportation_Equipment,0.0193662927271223,0.1202022654705222,0.1008359727433998,0.0411161682492158,0,14.315255011719447,0.0,0.0,-47
2021-04-01,1598.0,CES3133600001,336,Transportation Equipment,Transportation_Equipment,0.0193662927271223,0.1202022654705222,0.1008359727433998,0.0411161682492158,0,14.284263405308357,0.0,0.0,-46
2021-05-01,1613.6,CES3133600001,336,Transportation Equipment,Transportation_Equipment,0.0193662927271223,0.1202022654705222,0.1008359727433998,0.0411161682492158,0,14.293978265622139,0.0,0.0,-45
2021-06-01,1619.3,CES3133600001,336,Transportation Equipment,Transportation_Equipment,0.0193662927271223,0.1202022654705222,0.1008359727433998,0.0411161682492158,0,14.297504515061561,0.0,0.0,-44
2021-07-01,1639.8,CES3133600001,336,Transportation Equipment,Transportation_Equipment,0.0193662927271223,0.1202022654705222,0.1008359727433998,0.0411161682492158,0,14.310084841144214,0.0,0.0,-43
2021-08-01,1656.9,CES3133600001,336,Transportation Equipment,Transportation_Equipment,0.0193662927271223,0.1202022654705222,0.1008359727433998,0.0411161682492158,0,14.320458944557389,0.0,0.0,-42
2021-09-01,1656.3,CES3133600001,336,Transportation Equipment,Transportation_Equipment,0.0193662927271223,0.1202022654705222,0.1008359727433998,0.0411161682492158,0,14.320096756940245,0.0,0.0,-41
2021-10-01,1683.5,CES3133600001,336,Transportation Equipment,Transportation_Equipment,0.0193662927271223,0.1202022654705222,0.1008359727433998,0.0411161682492158,0,14.336385517583267,0.0,0.0,-40
2021-11-01,1679.7,CES3133600001,336,Transportation Equipment,Transportation_Equipment,0.0193662927271223,0.1202022654705222,0.1008359727433998,0.0411161682492158,0,14.334125764005094,0.0,0.0,-39
2021-12-01,1682.1,CES3133600001,336,Transportation Equipment,Transportation_Equipment,0.0193662927271223,0.1202022654705222,0.1008359727433998,0.0411161682492158,0,14.335553570779874,0.0,0.0,-38
2022-01-01,1690.0,CES3133600001,336,Transportation Equipment,Transportation_Equipment,0.0193662927271223,0.1202022654705222,0.1008359727433998,0.0411161682492158,0,14.340239086899256,0.0,0.0,-37
2022-02-01,1667.1,CES3133600001,336,Transportation Equipment,Transportation_Equipment,0.0193662927271223,0.1202022654705222,0.1008359727433998,0.0411161682492158,0,14.326596147936122,0.0,0.0,-36
2022-03-01,1698.5,CES3133600001,336,Transportation Equipment,Transportation_Equipment,0.0193662927271223,0.1202022654705222,0.1008359727433998,0.0411161682492158,0,14.345256066582776,0.0,0.0,-35
2022-04-01,1712.8,CES3133600001,336,Transportation Equipment,Transportation_Equipment,0.0193662927271223,0.1202022654705222,0.1008359727433998,0.0411161682492158,0,14.35364001625761,0.0,0.0,-34
2022-05-01,1699.6,CES3133600001,336,Transportation Equipment,Transportation_Equipment,0.0193662927271223,0.1202022654705222,0.1008359727433998,0.0411161682492158,0,14.345903487222794,0.0,0.0,-33
2022-06-01,1704.0,CES3133600001,336,Transportation Equipment,Transportation_Equipment,0.0193662927271223,0.1202022654705222,0.1008359727433998,0.0411161682492158,0,14.348488986371398,0.0,0.0,-32
2022-07-01,1711.6,CES3133600001,336,Transportation Equipment,Transportation_Equipment,0.0193662927271223,0.1202022654705222,0.1008359727433998,0.0411161682492158,0,14.352939163524798,0.0,0.0,-31
2022-08-01,1733.1,CES3133600001,336,Transportation Equipment,Transportation_Equipment,0.0193662927271223,0.1202022654705222,0.1008359727433998,0.0411161682492158,0,14.365422270437467,0.0,0.0,-30
2022-09-01,1735.3,CES3133600001,336,Transportation Equipment,Transportation_Equipment,0.0193662927271223,0.1202022654705222,0.1008359727433998,0.0411161682492158,0,14.366690867078596,0.0,0.0,-29
2022-10-01,1747.5,CES3133600001,336,Transportation Equipment,Transportation_Equipment,0.0193662927271223,0.1202022654705222,0.1008359727433998,0.0411161682492158,0,14.373696753090103,0.0,0.0,-28
2022-11-01,1751.2,CES3133600001,336,Transportation Equipment,Transportation_Equipment,0.0193662927271223,0.1202022654705222,0.1008359727433998,0.0411161682492158,0,14.375811825190791,0.0,0.0,-27
2022-12-01,1760.8,CES3133600001,336,Transportation Equipment,Transportation_Equipment,0.0193662927271223,0.1202022654705222,0.1008359727433998,0.0411161682492158,0,14.38127880919439,0.0,0.0,-26
2023-01-01,1760.9,CES3133600001,336,Transportation Equipment,Transportation_Equipment,0.0193662927271223,0.1202022654705222,0.1008359727433998,0.0411161682492158,0,14.38133559994887,0.0,0.0,-25
2023-02-01,1764.2,CES3133600001,336,Transportation Equipment,Transportation_Equipment,0.0193662927271223,0.1202022654705222,0.1008359727433998,0.0411161682492158,0,14.383207887806803,0.0,0.0,-24
2023-03-01,1768.0,CES3133600001,336,Transportation Equipment,Transportation_Equipment,0.0193662927271223,0.1202022654705222,0.1008359727433998,0.0411161682492158,0,14.385359522179726,0.0,0.0,-23
2023-04-01,1773.1,CES3133600001,336,Transportation Equipment,Transportation_Equipment,0.0193662927271223,0.1202022654705222,0.1008359727433998,0.0411161682492158,0,14.38823998504508,0.0,0.0,-22
2023-05-01,1774.7,CES3133600001,336,Transportation Equipment,Transportation_Equipment,0.0193662927271223,0.1202022654705222,0.1008359727433998,0.0411161682492158,0,14.389141952522657,0.0,0.0,-21
2023-06-01,1778.7,CES3133600001,336,Transportation Equipment,Transportation_Equipment,0.0193662927271223,0.1202022654705222,0.1008359727433998,0.0411161682492158,0,14.39139331836357,0.0,0.0,-20
2023-07-01,1779.9,CES3133600001,336,Transportation Equipment,Transportation_Equipment,0.0193662927271223,0.1202022654705222,0.1008359727433998,0.0411161682492158,0,14.392067740914845,0.0,0.0,-19
2023-08-01,1780.2,CES3133600001,336,Transportation Equipment,Transportation_Equipment,0.0193662927271223,0.1202022654705222,0.1008359727433998,0.0411161682492158,0,14.392236275506969,0.0,0.0,-18
2023-09-01,1787.7,CES3133600001,336,Transportation Equipment,Transportation_Equipment,0.0193662927271223,0.1202022654705222,0.1008359727433998,0.0411161682492158,0,14.39644043540318,0.0,0.0,-17
2023-10-01,1761.0,CES3133600001,336,Transportation Equipment,Transportation_Equipment,0.0193662927271223,0.1202022654705222,0.1008359727433998,0.0411161682492158,0,14.381392387478343,0.0,0.0,-16
2023-11-01,1793.2,CES3133600001,336,Transportation Equipment,Transportation_Equipment,0.0193662927271223,0.1202022654705222,0.1008359727433998,0.0411161682492158,0,14.399512291263422,0.0,0.0,-15
2023-12-01,1798.7,CES3133600001,336,Transportation Equipment,Transportation_Equipment,0.0193662927271223,0.1202022654705222,0.1008359727433998,0.0411161682492158,0,14.402574739716062,0.0,0.0,-14
2024-01-01,1803.9,CES3133600001,336,Transportation Equipment,Transportation_Equipment,0.0193662927271223,0.1202022654705222,0.1008359727433998,0.0411161682492158,0,14.40546154569577,0.0,0.0,-13
2024-02-01,1792.4,CES3133600001,336,Transportation Equipment,Transportation_Equipment,0.0193662927271223,0.1202022654705222,0.1008359727433998,0.0411161682492158,0,14.399066061894125,0.0,0.0,-12
2024-03-01,1798.6,CES3133600001,336,Transportation Equipment,Transportation_Equipment,0.0193662927271223,0.1202022654705222,0.1008359727433998,0.0411161682492158,0,14.402519142462552,0.0,0.0,-11
2024-04-01,1800.2,CES3133600001,336,Transportation Equipment,Transportation_Equipment,0.0193662927271223,0.1202022654705222,0.1008359727433998,0.0411161682492158,0,14.403408327805122,0.0,0.0,-10
2024-05-01,1800.7,CES3133600001,336,Transportation Equipment,Transportation_Equipment,0.0193662927271223,0.1202022654705222,0.1008359727433998,0.0411161682492158,0,14.403686036157596,0.0,0.0,-9
2024-06-01,1802.3,CES3133600001,336,Transportation Equipment,Transportation_Equipment,0.0193662927271223,0.1202022654705222,0.1008359727433998,0.0411161682492158,0,14.404574184980897,0.0,0.0,-8
2024-07-01,1805.3,CES3133600001,336,Transportation Equipment,Transportation_Equipment,0.0193662927271223,0.1202022654705222,0.1008359727433998,0.0411161682492158,0,14.406237340924749,0.0,0.0,-7
2024-08-01,1787.6,CES3133600001,336,Transportation Equipment,Transportation_Equipment,0.0193662927271223,0.1202022654705222,0.1008359727433998,0.0411161682492158,0,14.396384496041433,0.0,0.0,-6
2024-09-01,1783.7,CES3133600001,336,Transportation Equipment,Transportation_Equipment,0.0193662927271223,0.1202022654705222,0.1008359727433998,0.0411161682492158,0,14.394200416546395,0.0,0.0,-5
2024-10-01,1738.6,CES3133600001,336,Transportation Equipment,Transportation_Equipment,0.0193662927271223,0.1202022654705222,0.1008359727433998,0.0411161682492158,0,14.368590749627101,0.0,0.0,-4
2024-11-01,1772.3,CES3133600001,336,Transportation Equipment,Transportation_Equipment,0.0193662927271223,0.1202022654705222,0.1008359727433998,0.0411161682492158,0,14.38778869604323,0.0,0.0,-3
2024-12-01,1765.7,CES3133600001,336,Transportation Equipment,Transportation_Equipment,0.0193662927271223,0.1202022654705222,0.1008359727433998,0.0411161682492158,0,14.38405777029089,0.0,0.0,-2
2025-01-01,1752.7,CES3133600001,336,Transportation Equipment,Transportation_Equipment,0.0193662927271223,0.1202022654705222,0.1008359727433998,0.0411161682492158,0,14.376668014061268,0.0,0.0,-1
2025-02-01,1754.7,CES3133600001,336,Transportation Equipment,Transportation_Equipment,0.0193662927271223,0.1202022654705222,0.1008359727433998,0.0411161682492158,1,14.377808460099226,0.1008359727433998,0.0411161682492158,0
2025-03-01,1750.1,CES3133600001,336,Transportation Equipment,Transportation_Equipment,0.0193662927271223,0.1202022654705222,0.1008359727433998,0.0411161682492158,1,14.375183487124248,0.1008359727433998,0.0411161682492158,1
2025-04-01,1747.3,CES3133600001,336,Transportation Equipment,Transportation_Equipment,0.0193662927271223,0.1202022654705222,0.1008359727433998,0.0411161682492158,1,14.373582297327129,0.1008359727433998,0.0411161682492158,2
2025-05-01,1747.0,CES3133600001,336,Transportation Equipment,Transportation_Equipment,0.0193662927271223,0.1202022654705222,0.1008359727433998,0.0411161682492158,1,14.373410589116194,0.1008359727433998,0.0411161682492158,3
2025-06-01,1745.1,CES3133600001,336,Transportation Equipment,Transportation_Equipment,0.0193662927271223,0.1202022654705222,0.1008359727433998,0.0411161682492158,1,14.372322418566963,0.1008359727433998,0.0411161682492158,4
2025-07-01,1751.4,CES3133600001,336,Transportation Equipment,Transportation_Equipment,0.0193662927271223,0.1202022654705222,0.1008359727433998,0.0411161682492158,1,14.37592602607026,0.1008359727433998,0.0411161682492158,5
2025-08-01,1740.0,CES3133600001,336,Transportation Equipment,Transportation_Equipment,0.0193662927271223,0.1202022654705222,0.1008359727433998,0.0411161682492158,1,14.369395671190711,0.1008359727433998,0.0411161682492158,6
2025-09-01,1735.4,CES3133600001,336,Transportation Equipment,Transportation_Equipment,0.0193662927271223,0.1202022654705222,0.1008359727433998,0.0411161682492158,1,14.366748492341527,0.1008359727433998,0.0411161682492158,7
2025-10-01,1731.0,CES3133600001,336,Transportation Equipment,Transportation_Equipment,0.0193662927271223,0.1202022654705222,0.1008359727433998,0.0411161682492158,1,14.364209834158347,0.1008359727433998,0.0411161682492158,8
2025-11-01,1735.1,CES3133600001,336,Transportation Equipment,Transportation_Equipment,0.0193662927271223,0.1202022654705222,0.1008359727433998,0.0411161682492158,1,14.366575606589763,0.1008359727433998,0.0411161682492158,9
2025-12-01,1733.0,CES3133600001,336,Transportation Equipment,Transportation_Equipment,0.0193662927271223,0.1202022654705222,0.1008359727433998,0.0411161682492158,1,14.365364568697743,0.1008359727433998,0.0411161682492158,10
2026-01-01,1739.2,CES3133600001,336,Transportation Equipment,Transportation_Equipment,0.0193662927271223,0.1202022654705222,0.1008359727433998,0.0411161682492158,1,14.368935795349081,0.1008359727433998,0.0411161682492158,11
2026-02-01,1738.7,CES3133600001,336,Transportation Equipment,Transportation_Equipment,0.0193662927271223,0.1202022654705222,0.1008359727433998,0.0411161682492158,1,14.368648265515882,0.1008359727433998,0.0411161682492158,12
2026-03-01,1745.2,CES3133600001,336,Transportation Equipment,Transportation_Equipment,0.0193662927271223,0.1202022654705222,0.1008359727433998,0.0411161682492158,1,14.372379720231592,0.1008359727433998,0.0411161682492158,13
2015-01-01,377.8,CES3132100001,321,Wood,Wood,0.0248390853134184,0.0597029218188504,0.0348638365054319,0.0956442850349272,0,12.842120234049546,0.0,0.0,-121
2015-02-01,377.3,CES3132100001,321,Wood,Wood,0.0248390853134184,0.0597029218188504,0.0348638365054319,0.0956442850349272,0,12.840795905952401,0.0,0.0,-120
2015-03-01,377.7,CES3132100001,321,Wood,Wood,0.0248390853134184,0.0597029218188504,0.0348638365054319,0.0956442850349272,0,12.841855508700549,0.0,0.0,-119
2015-04-01,377.8,CES3132100001,321,Wood,Wood,0.0248390853134184,0.0597029218188504,0.0348638365054319,0.0956442850349272,0,12.842120234049546,0.0,0.0,-118
2015-05-01,378.8,CES3132100001,321,Wood,Wood,0.0248390853134184,0.0597029218188504,0.0348638365054319,0.0956442850349272,0,12.84476364029406,0.0,0.0,-117
2015-06-01,379.4,CES3132100001,321,Wood,Wood,0.0248390853134184,0.0597029218188504,0.0348638365054319,0.0956442850349272,0,12.846346336483052,0.0,0.0,-116
2015-07-01,381.1,CES3132100001,321,Wood,Wood,0.0248390853134184,0.0597029218188504,0.0348638365054319,0.0956442850349272,0,12.850817086861952,0.0,0.0,-115
2015-08-01,383.4,CES3132100001,321,Wood,Wood,0.0248390853134184,0.0597029218188504,0.0348638365054319,0.0956442850349272,0,12.856834109593681,0.0,0.0,-114
2015-09-01,386.6,CES3132100001,321,Wood,Wood,0.0248390853134184,0.0597029218188504,0.0348638365054319,0.0956442850349272,0,12.865145845756368,0.0,0.0,-113
2015-10-01,388.0,CES3132100001,321,Wood,Wood,0.0248390853134184,0.0597029218188504,0.0348638365054319,0.0956442850349272,0,12.86876061860541,0.0,0.0,-112
2015-11-01,390.1,CES3132100001,321,Wood,Wood,0.0248390853134184,0.0597029218188504,0.0348638365054319,0.0956442850349272,0,12.874158395494748,0.0,0.0,-111
2015-12-01,391.5,CES3132100001,321,Wood,Wood,0.0248390853134184,0.0597029218188504,0.0348638365054319,0.0956442850349272,0,12.877740794412995,0.0,0.0,-110
2016-01-01,390.3,CES3132100001,321,Wood,Wood,0.0248390853134184,0.0597029218188504,0.0348638365054319,0.0956442850349272,0,12.874670953168707,0.0,0.0,-109
2016-02-01,390.1,CES3132100001,321,Wood,Wood,0.0248390853134184,0.0597029218188504,0.0348638365054319,0.0956442850349272,0,12.874158395494748,0.0,0.0,-108
2016-03-01,390.1,CES3132100001,321,Wood,Wood,0.0248390853134184,0.0597029218188504,0.0348638365054319,0.0956442850349272,0,12.874158395494748,0.0,0.0,-107
2016-04-01,390.5,CES3132100001,321,Wood,Wood,0.0248390853134184,0.0597029218188504,0.0348638365054319,0.0956442850349272,0,12.875183248261878,0.0,0.0,-106
2016-05-01,391.5,CES3132100001,321,Wood,Wood,0.0248390853134184,0.0597029218188504,0.0348638365054319,0.0956442850349272,0,12.877740794412995,0.0,0.0,-105
2016-06-01,393.2,CES3132100001,321,Wood,Wood,0.0248390853134184,0.0597029218188504,0.0348638365054319,0.0956442850349272,0,12.882073667255149,0.0,0.0,-104
2016-07-01,393.3,CES3132100001,321,Wood,Wood,0.0248390853134184,0.0597029218188504,0.0348638365054319,0.0956442850349272,0,12.882327958419902,0.0,0.0,-103
2016-08-01,393.0,CES3132100001,321,Wood,Wood,0.0248390853134184,0.0597029218188504,0.0348638365054319,0.0956442850349272,0,12.881564890851399,0.0,0.0,-102
2016-09-01,393.3,CES3132100001,321,Wood,Wood,0.0248390853134184,0.0597029218188504,0.0348638365054319,0.0956442850349272,0,12.882327958419902,0.0,0.0,-101
2016-10-01,393.9,CES3132100001,321,Wood,Wood,0.0248390853134184,0.0597029218188504,0.0348638365054319,0.0956442850349272,0,12.883852348958998,0.0,0.0,-100
2016-11-01,395.0,CES3132100001,321,Wood,Wood,0.0248390853134184,0.0597029218188504,0.0348638365054319,0.0956442850349272,0,12.886641043883259,0.0,0.0,-99
2016-12-01,396.9,CES3132100001,321,Wood,Wood,0.0248390853134184,0.0597029218188504,0.0348638365054319,0.0956442850349272,0,12.891439638771157,0.0,0.0,-98
2017-01-01,399.4,CES3132100001,321,Wood,Wood,0.0248390853134184,0.0597029218188504,0.0348638365054319,0.0956442850349272,0,12.897718699963852,0.0,0.0,-97
2017-02-01,397.0,CES3132100001,321,Wood,Wood,0.0248390853134184,0.0597029218188504,0.0348638365054319,0.0956442850349272,0,12.891691559669328,0.0,0.0,-96
2017-03-01,396.7,CES3132100001,321,Wood,Wood,0.0248390853134184,0.0597029218188504,0.0348638365054319,0.0956442850349272,0,12.890935606502422,0.0,0.0,-95
2017-04-01,397.3,CES3132100001,321,Wood,Wood,0.0248390853134184,0.0597029218188504,0.0348638365054319,0.0956442850349272,0,12.89244694180269,0.0,0.0,-94
2017-05-01,396.8,CES3132100001,321,Wood,Wood,0.0248390853134184,0.0597029218188504,0.0348638365054319,0.0956442850349272,0,12.891187654392855,0.0,0.0,-93
2017-06-01,396.4,CES3132100001,321,Wood,Wood,0.0248390853134184,0.0597029218188504,0.0348638365054319,0.0956442850349272,0,12.89017908143797,0.0,0.0,-92
2017-07-01,397.1,CES3132100001,321,Wood,Wood,0.0248390853134184,0.0597029218188504,0.0348638365054319,0.0956442850349272,0,12.891943417119343,0.0,0.0,-91
2017-08-01,397.8,CES3132100001,321,Wood,Wood,0.0248390853134184,0.0597029218188504,0.0348638365054319,0.0956442850349272,0,12.893704645402009,0.0,0.0,-90
2017-09-01,396.3,CES3132100001,321,Wood,Wood,0.0248390853134184,0.0597029218188504,0.0348638365054319,0.0956442850349272,0,12.889926779178527,0.0,0.0,-89
2017-10-01,397.9,CES3132100001,321,Wood,Wood,0.0248390853134184,0.0597029218188504,0.0348638365054319,0.0956442850349272,0,12.89395599641502,0.0,0.0,-88
2017-11-01,396.5,CES3132100001,321,Wood,Wood,0.0248390853134184,0.0597029218188504,0.0348638365054319,0.0956442850349272,0,12.89043132005704,0.0,0.0,-87
2017-12-01,398.3,CES3132100001,321,Wood,Wood,0.0248390853134184,0.0597029218188504,0.0348638365054319,0.0956442850349272,0,12.894960769169735,0.0,0.0,-86
2018-01-01,400.0,CES3132100001,321,Wood,Wood,0.0248390853134184,0.0597029218188504,0.0348638365054319,0.0956442850349272,0,12.89921982609012,0.0,0.0,-85
2018-02-01,402.8,CES3132100001,321,Wood,Wood,0.0248390853134184,0.0597029218188504,0.0348638365054319,0.0956442850349272,0,12.906195439826543,0.0,0.0,-84
2018-03-01,405.4,CES3132100001,321,Wood,Wood,0.0248390853134184,0.0597029218188504,0.0348638365054319,0.0956442850349272,0,12.912629513000036,0.0,0.0,-83
2018-04-01,404.6,CES3132100001,321,Wood,Wood,0.0248390853134184,0.0597029218188504,0.0348638365054319,0.0956442850349272,0,12.910654203715783,0.0,0.0,-82
2018-05-01,406.7,CES3132100001,321,Wood,Wood,0.0248390853134184,0.0597029218188504,0.0348638365054319,0.0956442850349272,0,12.915831091895315,0.0,0.0,-81
2018-06-01,407.6,CES3132100001,321,Wood,Wood,0.0248390853134184,0.0597029218188504,0.0348638365054319,0.0956442850349272,0,12.918041580330707,0.0,0.0,-80
2018-07-01,407.3,CES3132100001,321,Wood,Wood,0.0248390853134184,0.0597029218188504,0.0348638365054319,0.0956442850349272,0,12.917305293636504,0.0,0.0,-79
2018-08-01,407.7,CES3132100001,321,Wood,Wood,0.0248390853134184,0.0597029218188504,0.0348638365054319,0.0956442850349272,0,12.918286888807344,0.0,0.0,-78
2018-09-01,408.6,CES3132100001,321,Wood,Wood,0.0248390853134184,0.0597029218188504,0.0348638365054319,0.0956442850349272,0,12.92049196136566,0.0,0.0,-77
2018-10-01,408.2,CES3132100001,321,Wood,Wood,0.0248390853134184,0.0597029218188504,0.0348638365054319,0.0956442850349272,0,12.919512529357881,0.0,0.0,-76
2018-11-01,408.3,CES3132100001,321,Wood,Wood,0.0248390853134184,0.0597029218188504,0.0348638365054319,0.0956442850349272,0,12.919757477307668,0.0,0.0,-75
2018-12-01,404.9,CES3132100001,321,Wood,Wood,0.0248390853134184,0.0597029218188504,0.0348638365054319,0.0956442850349272,0,12.911395402020252,0.0,0.0,-74
2019-01-01,406.4,CES3132100001,321,Wood,Wood,0.0248390853134184,0.0597029218188504,0.0348638365054319,0.0956442850349272,0,12.91509317524641,0.0,0.0,-73
2019-02-01,407.2,CES3132100001,321,Wood,Wood,0.0248390853134184,0.0597029218188504,0.0348638365054319,0.0956442850349272,0,12.91705974421845,0.0,0.0,-72
2019-03-01,406.4,CES3132100001,321,Wood,Wood,0.0248390853134184,0.0597029218188504,0.0348638365054319,0.0956442850349272,0,12.91509317524641,0.0,0.0,-71
2019-04-01,408.3,CES3132100001,321,Wood,Wood,0.0248390853134184,0.0597029218188504,0.0348638365054319,0.0956442850349272,0,12.919757477307668,0.0,0.0,-70
2019-05-01,407.4,CES3132100001,321,Wood,Wood,0.0248390853134184,0.0597029218188504,0.0348638365054319,0.0956442850349272,0,12.917550782774843,0.0,0.0,-69
2019-06-01,408.3,CES3132100001,321,Wood,Wood,0.0248390853134184,0.0597029218188504,0.0348638365054319,0.0956442850349272,0,12.919757477307668,0.0,0.0,-68
2019-07-01,409.4,CES3132100001,321,Wood,Wood,0.0248390853134184,0.0597029218188504,0.0348638365054319,0.0956442850349272,0,12.922447952209327,0.0,0.0,-67
2019-08-01,409.6,CES3132100001,321,Wood,Wood,0.0248390853134184,0.0597029218188504,0.0348638365054319,0.0956442850349272,0,12.922936352707435,0.0,0.0,-66
2019-09-01,411.3,CES3132100001,321,Wood,Wood,0.0248390853134184,0.0597029218188504,0.0348638365054319,0.0956442850349272,0,12.927078154218515,0.0,0.0,-65
2019-10-01,411.3,CES3132100001,321,Wood,Wood,0.0248390853134184,0.0597029218188504,0.0348638365054319,0.0956442850349272,0,12.927078154218515,0.0,0.0,-64
2019-11-01,411.1,CES3132100001,321,Wood,Wood,0.0248390853134184,0.0597029218188504,0.0348638365054319,0.0956442850349272,0,12.92659177288597,0.0,0.0,-63
2019-12-01,410.3,CES3132100001,321,Wood,Wood,0.0248390853134184,0.0597029218188504,0.0348638365054319,0.0956442850349272,0,12.924643878430278,0.0,0.0,-62
2020-01-01,409.9,CES3132100001,321,Wood,Wood,0.0248390853134184,0.0597029218188504,0.0348638365054319,0.0956442850349272,0,12.92366850649243,0.0,0.0,-61
2020-02-01,409.1,CES3132100001,321,Wood,Wood,0.0248390853134184,0.0597029218188504,0.0348638365054319,0.0956442850349272,0,12.92171490391749,0.0,0.0,-60
2020-03-01,407.1,CES3132100001,321,Wood,Wood,0.0248390853134184,0.0597029218188504,0.0348638365054319,0.0956442850349272,0,12.91681413449107,0.0,0.0,-59
2020-04-01,375.0,CES3132100001,321,Wood,Wood,0.0248390853134184,0.0597029218188504,0.0348638365054319,0.0956442850349272,0,12.834681304952548,0.0,0.0,-58
2020-05-01,384.1,CES3132100001,321,Wood,Wood,0.0248390853134184,0.0597029218188504,0.0348638365054319,0.0956442850349272,0,12.858658214333996,0.0,0.0,-57
2020-06-01,389.2,CES3132100001,321,Wood,Wood,0.0248390853134184,0.0597029218188504,0.0348638365054319,0.0956442850349272,0,12.871848629293988,0.0,0.0,-56
2020-07-01,389.4,CES3132100001,321,Wood,Wood,0.0248390853134184,0.0597029218188504,0.0348638365054319,0.0956442850349272,0,12.872362371920236,0.0,0.0,-55
2020-08-01,391.2,CES3132100001,321,Wood,Wood,0.0248390853134184,0.0597029218188504,0.0348638365054319,0.0956442850349272,0,12.876974217142799,0.0,0.0,-54
2020-09-01,394.4,CES3132100001,321,Wood,Wood,0.0248390853134184,0.0597029218188504,0.0348638365054319,0.0956442850349272,0,12.885120901710618,0.0,0.0,-53
2020-10-01,398.1,CES3132100001,321,Wood,Wood,0.0248390853134184,0.0597029218188504,0.0348638365054319,0.0956442850349272,0,12.894458508988409,0.0,0.0,-52
2020-11-01,400.6,CES3132100001,321,Wood,Wood,0.0248390853134184,0.0597029218188504,0.0348638365054319,0.0956442850349272,0,12.900718702213855,0.0,0.0,-51
2020-12-01,404.3,CES3132100001,321,Wood,Wood,0.0248390853134184,0.0597029218188504,0.0348638365054319,0.0956442850349272,0,12.909912455628863,0.0,0.0,-50
2021-01-01,404.9,CES3132100001,321,Wood,Wood,0.0248390853134184,0.0597029218188504,0.0348638365054319,0.0956442850349272,0,12.911395402020252,0.0,0.0,-49
2021-02-01,404.3,CES3132100001,321,Wood,Wood,0.0248390853134184,0.0597029218188504,0.0348638365054319,0.0956442850349272,0,12.909912455628863,0.0,0.0,-48
2021-03-01,406.6,CES3132100001,321,Wood,Wood,0.0248390853134184,0.0597029218188504,0.0348638365054319,0.0956442850349272,0,12.915585180176384,0.0,0.0,-47
2021-04-01,406.3,CES3132100001,321,Wood,Wood,0.0248390853134184,0.0597029218188504,0.0348638365054319,0.0956442850349272,0,12.914847081975818,0.0,0.0,-46
2021-05-01,401.4,CES3132100001,321,Wood,Wood,0.0248390853134184,0.0597029218188504,0.0348638365054319,0.0956442850349272,0,12.902713715344374,0.0,0.0,-45
2021-06-01,405.7,CES3132100001,321,Wood,Wood,0.0248390853134184,0.0597029218188504,0.0348638365054319,0.0956442850349272,0,12.913369249194538,0.0,0.0,-44
2021-07-01,409.7,CES3132100001,321,Wood,Wood,0.0248390853134184,0.0597029218188504,0.0348638365054319,0.0956442850349272,0,12.923180463534962,0.0,0.0,-43
2021-08-01,411.9,CES3132100001,321,Wood,Wood,0.0248390853134184,0.0597029218188504,0.0348638365054319,0.0956442850349272,0,12.928535880424173,0.0,0.0,-42
2021-09-01,414.3,CES3132100001,321,Wood,Wood,0.0248390853134184,0.0597029218188504,0.0348638365054319,0.0956442850349272,0,12.934345628065493,0.0,0.0,-41
2021-10-01,416.2,CES3132100001,321,Wood,Wood,0.0248390853134184,0.0597029218188504,0.0348638365054319,0.0956442850349272,0,12.93892119294167,0.0,0.0,-40
2021-11-01,418.7,CES3132100001,321,Wood,Wood,0.0248390853134184,0.0597029218188504,0.0348638365054319,0.0956442850349272,0,12.944909952007235,0.0,0.0,-39
2021-12-01,419.2,CES3132100001,321,Wood,Wood,0.0248390853134184,0.0597029218188504,0.0348638365054319,0.0956442850349272,0,12.94610341198897,0.0,0.0,-38
2022-01-01,423.1,CES3132100001,321,Wood,Wood,0.0248390853134184,0.0597029218188504,0.0348638365054319,0.0956442850349272,0,12.955363836708159,0.0,0.0,-37
2022-02-01,425.8,CES3132100001,321,Wood,Wood,0.0248390853134184,0.0597029218188504,0.0348638365054319,0.0956442850349272,0,12.961725031441516,0.0,0.0,-36
2022-03-01,428.3,CES3132100001,321,Wood,Wood,0.0248390853134184,0.0597029218188504,0.0348638365054319,0.0956442850349272,0,12.967579163603462,0.0,0.0,-35
2022-04-01,431.2,CES3132100001,321,Wood,Wood,0.0248390853134184,0.0597029218188504,0.0348638365054319,0.0956442850349272,0,12.974327298576924,0.0,0.0,-34
2022-05-01,429.3,CES3132100001,321,Wood,Wood,0.0248390853134184,0.0597029218188504,0.0348638365054319,0.0956442850349272,0,12.969911254212652,0.0,0.0,-33
2022-06-01,428.5,CES3132100001,321,Wood,Wood,0.0248390853134184,0.0597029218188504,0.0348638365054319,0.0956442850349272,0,12.968046017019972,0.0,0.0,-32
2022-07-01,428.8,CES3132100001,321,Wood,Wood,0.0248390853134184,0.0597029218188504,0.0348638365054319,0.0956442850349272,0,12.968745888738729,0.0,0.0,-31
2022-08-01,427.4,CES3132100001,321,Wood,Wood,0.0248390853134184,0.0597029218188504,0.0348638365054319,0.0956442850349272,0,12.965475621867185,0.0,0.0,-30
2022-09-01,428.1,CES3132100001,321,Wood,Wood,0.0248390853134184,0.0597029218188504,0.0348638365054319,0.0956442850349272,0,12.967112092133037,0.0,0.0,-29
2022-10-01,426.2,CES3132100001,321,Wood,Wood,0.0248390853134184,0.0597029218188504,0.0348638365054319,0.0956442850349272,0,12.962663998646654,0.0,0.0,-28
2022-11-01,425.9,CES3132100001,321,Wood,Wood,0.0248390853134184,0.0597029218188504,0.0348638365054319,0.0956442850349272,0,12.961959855911305,0.0,0.0,-27
2022-12-01,426.3,CES3132100001,321,Wood,Wood,0.0248390853134184,0.0597029218188504,0.0348638365054319,0.0956442850349272,0,12.962898602753302,0.0,0.0,-26
2023-01-01,425.3,CES3132100001,321,Wood,Wood,0.0248390853134184,0.0597029218188504,0.0348638365054319,0.0956442850349272,0,12.960550081241724,0.0,0.0,-25
2023-02-01,422.1,CES3132100001,321,Wood,Wood,0.0248390853134184,0.0597029218188504,0.0348638365054319,0.0956442850349272,0,12.95299753177059,0.0,0.0,-24
2023-03-01,420.8,CES3132100001,321,Wood,Wood,0.0248390853134184,0.0597029218188504,0.0348638365054319,0.0956442850349272,0,12.949912940405637,0.0,0.0,-23
2023-04-01,418.8,CES3132100001,321,Wood,Wood,0.0248390853134184,0.0597029218188504,0.0348638365054319,0.0956442850349272,0,12.945148757978519,0.0,0.0,-22
2023-05-01,418.0,CES3132100001,321,Wood,Wood,0.0248390853134184,0.0597029218188504,0.0348638365054319,0.0956442850349272,0,12.943236711506893,0.0,0.0,-21
2023-06-01,416.7,CES3132100001,321,Wood,Wood,0.0248390853134184,0.0597029218188504,0.0348638365054319,0.0956442850349272,0,12.940121817410544,0.0,0.0,-20
2023-07-01,414.8,CES3132100001,321,Wood,Wood,0.0248390853134184,0.0597029218188504,0.0348638365054319,0.0956442850349272,0,12.93555175533751,0.0,0.0,-19
2023-08-01,418.1,CES3132100001,321,Wood,Wood,0.0248390853134184,0.0597029218188504,0.0348638365054319,0.0956442850349272,0,12.943475917344657,0.0,0.0,-18
2023-09-01,418.1,CES3132100001,321,Wood,Wood,0.0248390853134184,0.0597029218188504,0.0348638365054319,0.0956442850349272,0,12.943475917344657,0.0,0.0,-17
2023-10-01,418.2,CES3132100001,321,Wood,Wood,0.0248390853134184,0.0597029218188504,0.0348638365054319,0.0956442850349272,0,12.94371506597667,0.0,0.0,-16
2023-11-01,417.6,CES3132100001,321,Wood,Wood,0.0248390853134184,0.0597029218188504,0.0348638365054319,0.0956442850349272,0,12.942279315550566,0.0,0.0,-15
2023-12-01,417.2,CES3132100001,321,Wood,Wood,0.0248390853134184,0.0597029218188504,0.0348638365054319,0.0956442850349272,0,12.941321002108754,0.0,0.0,-14
2024-01-01,416.9,CES3132100001,321,Wood,Wood,0.0248390853134184,0.0597029218188504,0.0348638365054319,0.0956442850349272,0,12.940601663868888,0.0,0.0,-13
2024-02-01,417.5,CES3132100001,321,Wood,Wood,0.0248390853134184,0.0597029218188504,0.0348638365054319,0.0956442850349272,0,12.942039823273047,0.0,0.0,-12
2024-03-01,417.1,CES3132100001,321,Wood,Wood,0.0248390853134184,0.0597029218188504,0.0348638365054319,0.0956442850349272,0,12.941081280185037,0.0,0.0,-11
2024-04-01,416.9,CES3132100001,321,Wood,Wood,0.0248390853134184,0.0597029218188504,0.0348638365054319,0.0956442850349272,0,12.940601663868888,0.0,0.0,-10
2024-05-01,416.8,CES3132100001,321,Wood,Wood,0.0248390853134184,0.0597029218188504,0.0348638365054319,0.0956442850349272,0,12.940361769421294,0.0,0.0,-9
2024-06-01,417.6,CES3132100001,321,Wood,Wood,0.0248390853134184,0.0597029218188504,0.0348638365054319,0.0956442850349272,0,12.942279315550566,0.0,0.0,-8
2024-07-01,416.3,CES3132100001,321,Wood,Wood,0.0248390853134184,0.0597029218188504,0.0348638365054319,0.0956442850349272,0,12.939161433183067,0.0,0.0,-7
2024-08-01,414.4,CES3132100001,321,Wood,Wood,0.0248390853134184,0.0597029218188504,0.0348638365054319,0.0956442850349272,0,12.93458696992741,0.0,0.0,-6
2024-09-01,412.9,CES3132100001,321,Wood,Wood,0.0248390853134184,0.0597029218188504,0.0348638365054319,0.0956442850349272,0,12.930960711874182,0.0,0.0,-5
2024-10-01,411.4,CES3132100001,321,Wood,Wood,0.0248390853134184,0.0597029218188504,0.0348638365054319,0.0956442850349272,0,12.927321256200994,0.0,0.0,-4
2024-11-01,410.6,CES3132100001,321,Wood,Wood,0.0248390853134184,0.0597029218188504,0.0348638365054319,0.0956442850349272,0,12.925374783566971,0.0,0.0,-3
2024-12-01,409.4,CES3132100001,321,Wood,Wood,0.0248390853134184,0.0597029218188504,0.0348638365054319,0.0956442850349272,0,12.922447952209327,0.0,0.0,-2
2025-01-01,409.1,CES3132100001,321,Wood,Wood,0.0248390853134184,0.0597029218188504,0.0348638365054319,0.0956442850349272,0,12.92171490391749,0.0,0.0,-1
2025-02-01,409.0,CES3132100001,321,Wood,Wood,0.0248390853134184,0.0597029218188504,0.0348638365054319,0.0956442850349272,1,12.921470435024938,0.0348638365054319,0.0956442850349272,0
2025-03-01,407.1,CES3132100001,321,Wood,Wood,0.0248390853134184,0.0597029218188504,0.0348638365054319,0.0956442850349272,1,12.91681413449107,0.0348638365054319,0.0956442850349272,1
2025-04-01,407.7,CES3132100001,321,Wood,Wood,0.0248390853134184,0.0597029218188504,0.0348638365054319,0.0956442850349272,1,12.918286888807344,0.0348638365054319,0.0956442850349272,2
2025-05-01,407.9,CES3132100001,321,Wood,Wood,0.0248390853134184,0.0597029218188504,0.0348638365054319,0.0956442850349272,1,12.91877732530565,0.0348638365054319,0.0956442850349272,3
2025-06-01,405.0,CES3132100001,321,Wood,Wood,0.0248390853134184,0.0597029218188504,0.0348638365054319,0.0956442850349272,1,12.911642346088676,0.0348638365054319,0.0956442850349272,4
2025-07-01,403.9,CES3132100001,321,Wood,Wood,0.0248390853134184,0.0597029218188504,0.0348638365054319,0.0956442850349272,1,12.908922601551504,0.0348638365054319,0.0956442850349272,5
2025-08-01,403.5,CES3132100001,321,Wood,Wood,0.0248390853134184,0.0597029218188504,0.0348638365054319,0.0956442850349272,1,12.90793176669214,0.0348638365054319,0.0956442850349272,6
2025-09-01,401.4,CES3132100001,321,Wood,Wood,0.0248390853134184,0.0597029218188504,0.0348638365054319,0.0956442850349272,1,12.902713715344374,0.0348638365054319,0.0956442850349272,7
2025-10-01,399.8,CES3132100001,321,Wood,Wood,0.0248390853134184,0.0597029218188504,0.0348638365054319,0.0956442850349272,1,12.898719701048437,0.0348638365054319,0.0956442850349272,8
2025-11-01,397.5,CES3132100001,321,Wood,Wood,0.0248390853134184,0.0597029218188504,0.0348638365054319,0.0956442850349272,1,12.892950213076524,0.0348638365054319,0.0956442850349272,9
2025-12-01,395.2,CES3132100001,321,Wood,Wood,0.0248390853134184,0.0597029218188504,0.0348638365054319,0.0956442850349272,1,12.88714724485585,0.0348638365054319,0.0956442850349272,10
2026-01-01,394.0,CES3132100001,321,Wood,Wood,0.0248390853134184,0.0597029218188504,0.0348638365054319,0.0956442850349272,1,12.884106188280072,0.0348638365054319,0.0956442850349272,11
2026-02-01,392.3,CES3132100001,321,Wood,Wood,0.0248390853134184,0.0597029218188504,0.0348638365054319,0.0956442850349272,1,12.879782132197644,0.0348638365054319,0.0956442850349272,12
2026-03-01,393.6,CES3132100001,321,Wood,Wood,0.0248390853134184,0.0597029218188504,0.0348638365054319,0.0956442850349272,1,12.883090444160235,0.0348638365054319,0.0956442850349272,13
